PROVISIONAL_KEY,CLAUDE_ID,LANGUAGE,LANGUAGE_CODE,LANGUAGE_VARIETY,CATEGORY,CONTEXT,MONEY_CRITICALITY,FR_SOURCE,FR_MARCHE,TTS_CANONICAL,STT_VARIANTS,STATUS,VALIDATION_NATIVE_REQUISE,VALIDATOR_1,VALIDATOR_2,FIELD_TEST_STATUS,RISK_NOTE
PROVISIONAL_FRM_INTENT_01,,Dioula,dyu,Dioula véhiculaire de Côte d’Ivoire (koïnè mandingue; non Kong/non Odienné),FINANCIAL_PRIORITY_INTENT,Commande orale d’encaissement; elle ne vaut pas confirmation métier du paiement.,CRITICAL,Encaisse.,Encaisse ça.,,,DRAFT,true,,,NON_TESTE,
PROVISIONAL_FRM_INTENT_02,,Dioula,dyu,Dioula véhiculaire de Côte d’Ivoire (koïnè mandingue; non Kong/non Odienné),FINANCIAL_PRIORITY_INTENT,Demande du montant encore dû par une cliente.,CRITICAL,Combien elle doit ?,Elle doit combien ?,,,DRAFT,true,,,NON_TESTE,
PROVISIONAL_FRM_INTENT_03,,Dioula,dyu,Dioula véhiculaire de Côte d’Ivoire (koïnè mandingue; non Kong/non Odienné),FINANCIAL_PRIORITY_INTENT,Accord oral avant une validation; la confirmation métier reste distincte.,CRITICAL,"Oui, valide.","Oui, tu peux valider.",,,DRAFT,true,,,NON_TESTE,
PROVISIONAL_FRM_INTENT_04,,Dioula,dyu,Dioula véhiculaire de Côte d’Ivoire (koïnè mandingue; non Kong/non Odienné),FINANCIAL_PRIORITY_INTENT,Refus ou demande d’annulation avant confirmation métier.,CRITICAL,Non / annule.,"Non, annule.",,,DRAFT,true,,,NON_TESTE,
PROVISIONAL_FRM_INTENT_05,,Dioula,dyu,Dioula véhiculaire de Côte d’Ivoire (koïnè mandingue; non Kong/non Odienné),FINANCIAL_PRIORITY_INTENT,Annonce d’un montant manquant dans le paiement.,CRITICAL,Il manque {montant} francs.,Il manque {montant} francs.,,,DRAFT,true,,,NON_TESTE,
PROVISIONAL_FRM_INTENT_06,,Dioula,dyu,Dioula véhiculaire de Côte d’Ivoire (koïnè mandingue; non Kong/non Odienné),FINANCIAL_PRIORITY_INTENT,Demande de vérifier le calcul ou le compte avant la suite.,CRITICAL,Compte juste.,Vérifie bien le compte.,,,DRAFT,true,,,NON_TESTE,
PROVISIONAL_FRM_INTENT_07,,Dioula,dyu,Dioula véhiculaire de Côte d’Ivoire (koïnè mandingue; non Kong/non Odienné),FINANCIAL_PRIORITY_INTENT,Annonce du montant effectivement remis par la cliente.,CRITICAL,Elle a donné {recu} francs.,Elle a donné {recu} francs.,,,DRAFT,true,,,NON_TESTE,
PROVISIONAL_FRM_INTENT_08,,Dioula,dyu,Dioula véhiculaire de Côte d’Ivoire (koïnè mandingue; non Kong/non Odienné),FINANCIAL_PRIORITY_INTENT,Annonce de la monnaie à rendre à la cliente.,CRITICAL,Tu rends {monnaie} francs.,Tu lui rends {monnaie} francs.,,,DRAFT,true,,,NON_TESTE,
PROVISIONAL_FRM_INTENT_09,,Dioula,dyu,Dioula véhiculaire de Côte d’Ivoire (koïnè mandingue; non Kong/non Odienné),FINANCIAL_PRIORITY_INTENT,Annonce du total dû par la cliente.,CRITICAL,Elle doit {total} francs.,Elle doit {total} francs.,,,DRAFT,true,,,NON_TESTE,
PROVISIONAL_FRM_INTENT_10,,Dioula,dyu,Dioula véhiculaire de Côte d’Ivoire (koïnè mandingue; non Kong/non Odienné),FINANCIAL_PRIORITY_INTENT,Demande orale de validation avant l’action métier.,CRITICAL,Je valide ?,Je valide ça ?,,,DRAFT,true,,,NON_TESTE,
PROVISIONAL_FRM_INTENT_11,,Dioula,dyu,Dioula véhiculaire de Côte d’Ivoire (koïnè mandingue; non Kong/non Odienné),FINANCIAL_PRIORITY_INTENT,Question sur le prix d’un seul article.,HIGH,Prix d’un seul.,"Un seul, c’est combien ?",,,DRAFT,true,,,NON_TESTE,
PROVISIONAL_FRM_INTENT_12,,Dioula,dyu,Dioula véhiculaire de Côte d’Ivoire (koïnè mandingue; non Kong/non Odienné),FINANCIAL_PRIORITY_INTENT,Question sur le prix total de l’ensemble présenté.,HIGH,Prix du tout.,"Tout ça, c’est combien ?",,,DRAFT,true,,,NON_TESTE,
PROVISIONAL_FRM_INTENT_13,,Dioula,dyu,Dioula véhiculaire de Côte d’Ivoire (koïnè mandingue; non Kong/non Odienné),FINANCIAL_PRIORITY_INTENT,Question générale sur le montant à payer ou le total.,HIGH,Combien ?,Ça fait combien ?,,,DRAFT,true,,,NON_TESTE,
PROVISIONAL_FRM_INTENT_14,,Dioula,dyu,Dioula véhiculaire de Côte d’Ivoire (koïnè mandingue; non Kong/non Odienné),FINANCIAL_PRIORITY_INTENT,Question sur le prix d’un produit ou d’une quantité montrée.,HIGH,C’est à combien ?,C’est à combien ?,,,DRAFT,true,,,NON_TESTE,
PROVISIONAL_FRM_INTENT_15,,Dioula,dyu,Dioula véhiculaire de Côte d’Ivoire (koïnè mandingue; non Kong/non Odienné),FINANCIAL_PRIORITY_INTENT,Question ouverte sur le produit ou l’article vendu.,LOW,Tu as vendu quoi ?,Tu as vendu quoi ?,,,DRAFT,true,,,NON_TESTE,
PROVISIONAL_FRM_NUMBER_000,,Dioula,dyu,Dioula véhiculaire de Côte d’Ivoire (koïnè mandingue; non Kong/non Odienné),NUMBER_0_100,Lecture isolée d’un nombre pour une quantité ou un montant; l’unité et le contexte doivent être ajoutés.,MEDIUM,zéro,zéro,fu,fu,DRAFT,true,,,NON_TESTE,
PROVISIONAL_FRM_NUMBER_001,,Dioula,dyu,Dioula véhiculaire de Côte d’Ivoire (koïnè mandingue; non Kong/non Odienné),NUMBER_0_100,Lecture isolée d’un nombre pour une quantité ou un montant; l’unité et le contexte doivent être ajoutés.,MEDIUM,un,un,kelen,kelen | dɔ,DRAFT,true,,,NON_TESTE,
PROVISIONAL_FRM_NUMBER_002,,Dioula,dyu,Dioula véhiculaire de Côte d’Ivoire (koïnè mandingue; non Kong/non Odienné),NUMBER_0_100,Lecture isolée d’un nombre pour une quantité ou un montant; l’unité et le contexte doivent être ajoutés.,MEDIUM,deux,deux,fila,fila,DRAFT,true,,,NON_TESTE,
PROVISIONAL_FRM_NUMBER_003,,Dioula,dyu,Dioula véhiculaire de Côte d’Ivoire (koïnè mandingue; non Kong/non Odienné),NUMBER_0_100,Lecture isolée d’un nombre pour une quantité ou un montant; l’unité et le contexte doivent être ajoutés.,MEDIUM,trois,trois,saba,saba,DRAFT,true,,,NON_TESTE,
PROVISIONAL_FRM_NUMBER_004,,Dioula,dyu,Dioula véhiculaire de Côte d’Ivoire (koïnè mandingue; non Kong/non Odienné),NUMBER_0_100,Lecture isolée d’un nombre pour une quantité ou un montant; l’unité et le contexte doivent être ajoutés.,MEDIUM,quatre,quatre,naani,naani,DRAFT,true,,,NON_TESTE,
PROVISIONAL_FRM_NUMBER_005,,Dioula,dyu,Dioula véhiculaire de Côte d’Ivoire (koïnè mandingue; non Kong/non Odienné),NUMBER_0_100,Lecture isolée d’un nombre pour une quantité ou un montant; l’unité et le contexte doivent être ajoutés.,MEDIUM,cinq,cinq,looru,looru | duuru,DRAFT,true,,,NON_TESTE,
PROVISIONAL_FRM_NUMBER_006,,Dioula,dyu,Dioula véhiculaire de Côte d’Ivoire (koïnè mandingue; non Kong/non Odienné),NUMBER_0_100,Lecture isolée d’un nombre pour une quantité ou un montant; l’unité et le contexte doivent être ajoutés.,MEDIUM,six,six,wɔɔrɔ,wɔɔrɔ,DRAFT,true,,,NON_TESTE,
PROVISIONAL_FRM_NUMBER_007,,Dioula,dyu,Dioula véhiculaire de Côte d’Ivoire (koïnè mandingue; non Kong/non Odienné),NUMBER_0_100,Lecture isolée d’un nombre pour une quantité ou un montant; l’unité et le contexte doivent être ajoutés.,MEDIUM,sept,sept,wolonfila,wolonfila | woronfila,DRAFT,true,,,NON_TESTE,
PROVISIONAL_FRM_NUMBER_008,,Dioula,dyu,Dioula véhiculaire de Côte d’Ivoire (koïnè mandingue; non Kong/non Odienné),NUMBER_0_100,Lecture isolée d’un nombre pour une quantité ou un montant; l’unité et le contexte doivent être ajoutés.,MEDIUM,huit,huit,seegi,seegi | seegin,DRAFT,true,,,NON_TESTE,
PROVISIONAL_FRM_NUMBER_009,,Dioula,dyu,Dioula véhiculaire de Côte d’Ivoire (koïnè mandingue; non Kong/non Odienné),NUMBER_0_100,Lecture isolée d’un nombre pour une quantité ou un montant; l’unité et le contexte doivent être ajoutés.,MEDIUM,neuf,neuf,kɔnɔtɔ,kɔnɔtɔ | kɔnɔntɔn,DRAFT,true,,,NON_TESTE,
PROVISIONAL_FRM_NUMBER_010,,Dioula,dyu,Dioula véhiculaire de Côte d’Ivoire (koïnè mandingue; non Kong/non Odienné),NUMBER_0_100,Lecture isolée d’un nombre pour une quantité ou un montant; l’unité et le contexte doivent être ajoutés.,MEDIUM,dix,dix,tan ni fu,tan ni fu,DRAFT,true,,,NON_TESTE,
PROVISIONAL_FRM_NUMBER_011,,Dioula,dyu,Dioula véhiculaire de Côte d’Ivoire (koïnè mandingue; non Kong/non Odienné),NUMBER_0_100,Lecture isolée d’un nombre pour une quantité ou un montant; l’unité et le contexte doivent être ajoutés.,MEDIUM,onze,onze,tan ni kelen,tan ni kelen,DRAFT,true,,,NON_TESTE,
PROVISIONAL_FRM_NUMBER_012,,Dioula,dyu,Dioula véhiculaire de Côte d’Ivoire (koïnè mandingue; non Kong/non Odienné),NUMBER_0_100,Lecture isolée d’un nombre pour une quantité ou un montant; l’unité et le contexte doivent être ajoutés.,MEDIUM,douze,douze,tan ni fila,tan ni fila,DRAFT,true,,,NON_TESTE,
PROVISIONAL_FRM_NUMBER_013,,Dioula,dyu,Dioula véhiculaire de Côte d’Ivoire (koïnè mandingue; non Kong/non Odienné),NUMBER_0_100,Lecture isolée d’un nombre pour une quantité ou un montant; l’unité et le contexte doivent être ajoutés.,MEDIUM,treize,treize,tan ni saba,tan ni saba,DRAFT,true,,,NON_TESTE,
PROVISIONAL_FRM_NUMBER_014,,Dioula,dyu,Dioula véhiculaire de Côte d’Ivoire (koïnè mandingue; non Kong/non Odienné),NUMBER_0_100,Lecture isolée d’un nombre pour une quantité ou un montant; l’unité et le contexte doivent être ajoutés.,MEDIUM,quatorze,quatorze,tan ni naani,tan ni naani,DRAFT,true,,,NON_TESTE,
PROVISIONAL_FRM_NUMBER_015,,Dioula,dyu,Dioula véhiculaire de Côte d’Ivoire (koïnè mandingue; non Kong/non Odienné),NUMBER_0_100,Lecture isolée d’un nombre pour une quantité ou un montant; l’unité et le contexte doivent être ajoutés.,MEDIUM,quinze,quinze,tan ni looru,tan ni looru,DRAFT,true,,,NON_TESTE,
PROVISIONAL_FRM_NUMBER_016,,Dioula,dyu,Dioula véhiculaire de Côte d’Ivoire (koïnè mandingue; non Kong/non Odienné),NUMBER_0_100,Lecture isolée d’un nombre pour une quantité ou un montant; l’unité et le contexte doivent être ajoutés.,MEDIUM,seize,seize,tan ni wɔɔrɔ,tan ni wɔɔrɔ,DRAFT,true,,,NON_TESTE,
PROVISIONAL_FRM_NUMBER_017,,Dioula,dyu,Dioula véhiculaire de Côte d’Ivoire (koïnè mandingue; non Kong/non Odienné),NUMBER_0_100,Lecture isolée d’un nombre pour une quantité ou un montant; l’unité et le contexte doivent être ajoutés.,MEDIUM,dix-sept,dix-sept,tan ni wolonfila,tan ni wolonfila,DRAFT,true,,,NON_TESTE,
PROVISIONAL_FRM_NUMBER_018,,Dioula,dyu,Dioula véhiculaire de Côte d’Ivoire (koïnè mandingue; non Kong/non Odienné),NUMBER_0_100,Lecture isolée d’un nombre pour une quantité ou un montant; l’unité et le contexte doivent être ajoutés.,MEDIUM,dix-huit,dix-huit,tan ni seegi,tan ni seegi,DRAFT,true,,,NON_TESTE,
PROVISIONAL_FRM_NUMBER_019,,Dioula,dyu,Dioula véhiculaire de Côte d’Ivoire (koïnè mandingue; non Kong/non Odienné),NUMBER_0_100,Lecture isolée d’un nombre pour une quantité ou un montant; l’unité et le contexte doivent être ajoutés.,MEDIUM,dix-neuf,dix-neuf,tan ni kɔnɔtɔ,tan ni kɔnɔtɔ,DRAFT,true,,,NON_TESTE,
PROVISIONAL_FRM_NUMBER_020,,Dioula,dyu,Dioula véhiculaire de Côte d’Ivoire (koïnè mandingue; non Kong/non Odienné),NUMBER_0_100,Lecture isolée d’un nombre pour une quantité ou un montant; l’unité et le contexte doivent être ajoutés.,MEDIUM,vingt,vingt,mugan,mugan,DRAFT,true,,,NON_TESTE,
PROVISIONAL_FRM_NUMBER_021,,Dioula,dyu,Dioula véhiculaire de Côte d’Ivoire (koïnè mandingue; non Kong/non Odienné),NUMBER_0_100,Lecture isolée d’un nombre pour une quantité ou un montant; l’unité et le contexte doivent être ajoutés.,MEDIUM,vingt et un,vingt et un,mugan ni kelen,mugan ni kelen,DRAFT,true,,,NON_TESTE,
PROVISIONAL_FRM_NUMBER_022,,Dioula,dyu,Dioula véhiculaire de Côte d’Ivoire (koïnè mandingue; non Kong/non Odienné),NUMBER_0_100,Lecture isolée d’un nombre pour une quantité ou un montant; l’unité et le contexte doivent être ajoutés.,MEDIUM,vingt-deux,vingt-deux,mugan ni fila,mugan ni fila,DRAFT,true,,,NON_TESTE,
PROVISIONAL_FRM_NUMBER_023,,Dioula,dyu,Dioula véhiculaire de Côte d’Ivoire (koïnè mandingue; non Kong/non Odienné),NUMBER_0_100,Lecture isolée d’un nombre pour une quantité ou un montant; l’unité et le contexte doivent être ajoutés.,MEDIUM,vingt-trois,vingt-trois,mugan ni saba,mugan ni saba,DRAFT,true,,,NON_TESTE,
PROVISIONAL_FRM_NUMBER_024,,Dioula,dyu,Dioula véhiculaire de Côte d’Ivoire (koïnè mandingue; non Kong/non Odienné),NUMBER_0_100,Lecture isolée d’un nombre pour une quantité ou un montant; l’unité et le contexte doivent être ajoutés.,MEDIUM,vingt-quatre,vingt-quatre,mugan ni naani,mugan ni naani,DRAFT,true,,,NON_TESTE,
PROVISIONAL_FRM_NUMBER_025,,Dioula,dyu,Dioula véhiculaire de Côte d’Ivoire (koïnè mandingue; non Kong/non Odienné),NUMBER_0_100,Lecture isolée d’un nombre pour une quantité ou un montant; l’unité et le contexte doivent être ajoutés.,MEDIUM,vingt-cinq,vingt-cinq,mugan ni looru,mugan ni looru,DRAFT,true,,,NON_TESTE,
PROVISIONAL_FRM_NUMBER_026,,Dioula,dyu,Dioula véhiculaire de Côte d’Ivoire (koïnè mandingue; non Kong/non Odienné),NUMBER_0_100,Lecture isolée d’un nombre pour une quantité ou un montant; l’unité et le contexte doivent être ajoutés.,MEDIUM,vingt-six,vingt-six,mugan ni wɔɔrɔ,mugan ni wɔɔrɔ,DRAFT,true,,,NON_TESTE,
PROVISIONAL_FRM_NUMBER_027,,Dioula,dyu,Dioula véhiculaire de Côte d’Ivoire (koïnè mandingue; non Kong/non Odienné),NUMBER_0_100,Lecture isolée d’un nombre pour une quantité ou un montant; l’unité et le contexte doivent être ajoutés.,MEDIUM,vingt-sept,vingt-sept,mugan ni wolonfila,mugan ni wolonfila,DRAFT,true,,,NON_TESTE,
PROVISIONAL_FRM_NUMBER_028,,Dioula,dyu,Dioula véhiculaire de Côte d’Ivoire (koïnè mandingue; non Kong/non Odienné),NUMBER_0_100,Lecture isolée d’un nombre pour une quantité ou un montant; l’unité et le contexte doivent être ajoutés.,MEDIUM,vingt-huit,vingt-huit,mugan ni seegi,mugan ni seegi,DRAFT,true,,,NON_TESTE,
PROVISIONAL_FRM_NUMBER_029,,Dioula,dyu,Dioula véhiculaire de Côte d’Ivoire (koïnè mandingue; non Kong/non Odienné),NUMBER_0_100,Lecture isolée d’un nombre pour une quantité ou un montant; l’unité et le contexte doivent être ajoutés.,MEDIUM,vingt-neuf,vingt-neuf,mugan ni kɔnɔtɔ,mugan ni kɔnɔtɔ,DRAFT,true,,,NON_TESTE,
PROVISIONAL_FRM_NUMBER_030,,Dioula,dyu,Dioula véhiculaire de Côte d’Ivoire (koïnè mandingue; non Kong/non Odienné),NUMBER_0_100,Lecture isolée d’un nombre pour une quantité ou un montant; l’unité et le contexte doivent être ajoutés.,MEDIUM,trente,trente,bisaba,bisaba,DRAFT,true,,,NON_TESTE,
PROVISIONAL_FRM_NUMBER_031,,Dioula,dyu,Dioula véhiculaire de Côte d’Ivoire (koïnè mandingue; non Kong/non Odienné),NUMBER_0_100,Lecture isolée d’un nombre pour une quantité ou un montant; l’unité et le contexte doivent être ajoutés.,MEDIUM,trente et un,trente et un,bisaba ni kelen,bisaba ni kelen,DRAFT,true,,,NON_TESTE,
PROVISIONAL_FRM_NUMBER_032,,Dioula,dyu,Dioula véhiculaire de Côte d’Ivoire (koïnè mandingue; non Kong/non Odienné),NUMBER_0_100,Lecture isolée d’un nombre pour une quantité ou un montant; l’unité et le contexte doivent être ajoutés.,MEDIUM,trente-deux,trente-deux,bisaba ni fila,bisaba ni fila,DRAFT,true,,,NON_TESTE,
PROVISIONAL_FRM_NUMBER_033,,Dioula,dyu,Dioula véhiculaire de Côte d’Ivoire (koïnè mandingue; non Kong/non Odienné),NUMBER_0_100,Lecture isolée d’un nombre pour une quantité ou un montant; l’unité et le contexte doivent être ajoutés.,MEDIUM,trente-trois,trente-trois,bisaba ni saba,bisaba ni saba,DRAFT,true,,,NON_TESTE,
PROVISIONAL_FRM_NUMBER_034,,Dioula,dyu,Dioula véhiculaire de Côte d’Ivoire (koïnè mandingue; non Kong/non Odienné),NUMBER_0_100,Lecture isolée d’un nombre pour une quantité ou un montant; l’unité et le contexte doivent être ajoutés.,MEDIUM,trente-quatre,trente-quatre,bisaba ni naani,bisaba ni naani,DRAFT,true,,,NON_TESTE,
PROVISIONAL_FRM_NUMBER_035,,Dioula,dyu,Dioula véhiculaire de Côte d’Ivoire (koïnè mandingue; non Kong/non Odienné),NUMBER_0_100,Lecture isolée d’un nombre pour une quantité ou un montant; l’unité et le contexte doivent être ajoutés.,MEDIUM,trente-cinq,trente-cinq,bisaba ni looru,bisaba ni looru,DRAFT,true,,,NON_TESTE,
PROVISIONAL_FRM_NUMBER_036,,Dioula,dyu,Dioula véhiculaire de Côte d’Ivoire (koïnè mandingue; non Kong/non Odienné),NUMBER_0_100,Lecture isolée d’un nombre pour une quantité ou un montant; l’unité et le contexte doivent être ajoutés.,MEDIUM,trente-six,trente-six,bisaba ni wɔɔrɔ,bisaba ni wɔɔrɔ,DRAFT,true,,,NON_TESTE,
PROVISIONAL_FRM_NUMBER_037,,Dioula,dyu,Dioula véhiculaire de Côte d’Ivoire (koïnè mandingue; non Kong/non Odienné),NUMBER_0_100,Lecture isolée d’un nombre pour une quantité ou un montant; l’unité et le contexte doivent être ajoutés.,MEDIUM,trente-sept,trente-sept,bisaba ni wolonfila,bisaba ni wolonfila,DRAFT,true,,,NON_TESTE,
PROVISIONAL_FRM_NUMBER_038,,Dioula,dyu,Dioula véhiculaire de Côte d’Ivoire (koïnè mandingue; non Kong/non Odienné),NUMBER_0_100,Lecture isolée d’un nombre pour une quantité ou un montant; l’unité et le contexte doivent être ajoutés.,MEDIUM,trente-huit,trente-huit,bisaba ni seegi,bisaba ni seegi,DRAFT,true,,,NON_TESTE,
PROVISIONAL_FRM_NUMBER_039,,Dioula,dyu,Dioula véhiculaire de Côte d’Ivoire (koïnè mandingue; non Kong/non Odienné),NUMBER_0_100,Lecture isolée d’un nombre pour une quantité ou un montant; l’unité et le contexte doivent être ajoutés.,MEDIUM,trente-neuf,trente-neuf,bisaba ni kɔnɔtɔ,bisaba ni kɔnɔtɔ,DRAFT,true,,,NON_TESTE,
PROVISIONAL_FRM_NUMBER_040,,Dioula,dyu,Dioula véhiculaire de Côte d’Ivoire (koïnè mandingue; non Kong/non Odienné),NUMBER_0_100,Lecture isolée d’un nombre pour une quantité ou un montant; l’unité et le contexte doivent être ajoutés.,MEDIUM,quarante,quarante,binaani,binaani,DRAFT,true,,,NON_TESTE,
PROVISIONAL_FRM_NUMBER_041,,Dioula,dyu,Dioula véhiculaire de Côte d’Ivoire (koïnè mandingue; non Kong/non Odienné),NUMBER_0_100,Lecture isolée d’un nombre pour une quantité ou un montant; l’unité et le contexte doivent être ajoutés.,MEDIUM,quarante et un,quarante et un,binaani ni kelen,binaani ni kelen,DRAFT,true,,,NON_TESTE,
PROVISIONAL_FRM_NUMBER_042,,Dioula,dyu,Dioula véhiculaire de Côte d’Ivoire (koïnè mandingue; non Kong/non Odienné),NUMBER_0_100,Lecture isolée d’un nombre pour une quantité ou un montant; l’unité et le contexte doivent être ajoutés.,MEDIUM,quarante-deux,quarante-deux,binaani ni fila,binaani ni fila,DRAFT,true,,,NON_TESTE,
PROVISIONAL_FRM_NUMBER_043,,Dioula,dyu,Dioula véhiculaire de Côte d’Ivoire (koïnè mandingue; non Kong/non Odienné),NUMBER_0_100,Lecture isolée d’un nombre pour une quantité ou un montant; l’unité et le contexte doivent être ajoutés.,MEDIUM,quarante-trois,quarante-trois,binaani ni saba,binaani ni saba,DRAFT,true,,,NON_TESTE,
PROVISIONAL_FRM_NUMBER_044,,Dioula,dyu,Dioula véhiculaire de Côte d’Ivoire (koïnè mandingue; non Kong/non Odienné),NUMBER_0_100,Lecture isolée d’un nombre pour une quantité ou un montant; l’unité et le contexte doivent être ajoutés.,MEDIUM,quarante-quatre,quarante-quatre,binaani ni naani,binaani ni naani,DRAFT,true,,,NON_TESTE,
PROVISIONAL_FRM_NUMBER_045,,Dioula,dyu,Dioula véhiculaire de Côte d’Ivoire (koïnè mandingue; non Kong/non Odienné),NUMBER_0_100,Lecture isolée d’un nombre pour une quantité ou un montant; l’unité et le contexte doivent être ajoutés.,MEDIUM,quarante-cinq,quarante-cinq,binaani ni looru,binaani ni looru,DRAFT,true,,,NON_TESTE,
PROVISIONAL_FRM_NUMBER_046,,Dioula,dyu,Dioula véhiculaire de Côte d’Ivoire (koïnè mandingue; non Kong/non Odienné),NUMBER_0_100,Lecture isolée d’un nombre pour une quantité ou un montant; l’unité et le contexte doivent être ajoutés.,MEDIUM,quarante-six,quarante-six,binaani ni wɔɔrɔ,binaani ni wɔɔrɔ,DRAFT,true,,,NON_TESTE,
PROVISIONAL_FRM_NUMBER_047,,Dioula,dyu,Dioula véhiculaire de Côte d’Ivoire (koïnè mandingue; non Kong/non Odienné),NUMBER_0_100,Lecture isolée d’un nombre pour une quantité ou un montant; l’unité et le contexte doivent être ajoutés.,MEDIUM,quarante-sept,quarante-sept,binaani ni wolonfila,binaani ni wolonfila,DRAFT,true,,,NON_TESTE,
PROVISIONAL_FRM_NUMBER_048,,Dioula,dyu,Dioula véhiculaire de Côte d’Ivoire (koïnè mandingue; non Kong/non Odienné),NUMBER_0_100,Lecture isolée d’un nombre pour une quantité ou un montant; l’unité et le contexte doivent être ajoutés.,MEDIUM,quarante-huit,quarante-huit,binaani ni seegi,binaani ni seegi,DRAFT,true,,,NON_TESTE,
PROVISIONAL_FRM_NUMBER_049,,Dioula,dyu,Dioula véhiculaire de Côte d’Ivoire (koïnè mandingue; non Kong/non Odienné),NUMBER_0_100,Lecture isolée d’un nombre pour une quantité ou un montant; l’unité et le contexte doivent être ajoutés.,MEDIUM,quarante-neuf,quarante-neuf,binaani ni kɔnɔtɔ,binaani ni kɔnɔtɔ,DRAFT,true,,,NON_TESTE,
PROVISIONAL_FRM_NUMBER_050,,Dioula,dyu,Dioula véhiculaire de Côte d’Ivoire (koïnè mandingue; non Kong/non Odienné),NUMBER_0_100,Lecture isolée d’un nombre pour une quantité ou un montant; l’unité et le contexte doivent être ajoutés.,MEDIUM,cinquante,cinquante,bilooru,bilooru,DRAFT,true,,,NON_TESTE,
PROVISIONAL_FRM_NUMBER_051,,Dioula,dyu,Dioula véhiculaire de Côte d’Ivoire (koïnè mandingue; non Kong/non Odienné),NUMBER_0_100,Lecture isolée d’un nombre pour une quantité ou un montant; l’unité et le contexte doivent être ajoutés.,MEDIUM,cinquante et un,cinquante et un,bilooru ni kelen,bilooru ni kelen,DRAFT,true,,,NON_TESTE,
PROVISIONAL_FRM_NUMBER_052,,Dioula,dyu,Dioula véhiculaire de Côte d’Ivoire (koïnè mandingue; non Kong/non Odienné),NUMBER_0_100,Lecture isolée d’un nombre pour une quantité ou un montant; l’unité et le contexte doivent être ajoutés.,MEDIUM,cinquante-deux,cinquante-deux,bilooru ni fila,bilooru ni fila,DRAFT,true,,,NON_TESTE,
PROVISIONAL_FRM_NUMBER_053,,Dioula,dyu,Dioula véhiculaire de Côte d’Ivoire (koïnè mandingue; non Kong/non Odienné),NUMBER_0_100,Lecture isolée d’un nombre pour une quantité ou un montant; l’unité et le contexte doivent être ajoutés.,MEDIUM,cinquante-trois,cinquante-trois,bilooru ni saba,bilooru ni saba,DRAFT,true,,,NON_TESTE,
PROVISIONAL_FRM_NUMBER_054,,Dioula,dyu,Dioula véhiculaire de Côte d’Ivoire (koïnè mandingue; non Kong/non Odienné),NUMBER_0_100,Lecture isolée d’un nombre pour une quantité ou un montant; l’unité et le contexte doivent être ajoutés.,MEDIUM,cinquante-quatre,cinquante-quatre,bilooru ni naani,bilooru ni naani,DRAFT,true,,,NON_TESTE,
PROVISIONAL_FRM_NUMBER_055,,Dioula,dyu,Dioula véhiculaire de Côte d’Ivoire (koïnè mandingue; non Kong/non Odienné),NUMBER_0_100,Lecture isolée d’un nombre pour une quantité ou un montant; l’unité et le contexte doivent être ajoutés.,MEDIUM,cinquante-cinq,cinquante-cinq,bilooru ni looru,bilooru ni looru,DRAFT,true,,,NON_TESTE,
PROVISIONAL_FRM_NUMBER_056,,Dioula,dyu,Dioula véhiculaire de Côte d’Ivoire (koïnè mandingue; non Kong/non Odienné),NUMBER_0_100,Lecture isolée d’un nombre pour une quantité ou un montant; l’unité et le contexte doivent être ajoutés.,MEDIUM,cinquante-six,cinquante-six,bilooru ni wɔɔrɔ,bilooru ni wɔɔrɔ,DRAFT,true,,,NON_TESTE,
PROVISIONAL_FRM_NUMBER_057,,Dioula,dyu,Dioula véhiculaire de Côte d’Ivoire (koïnè mandingue; non Kong/non Odienné),NUMBER_0_100,Lecture isolée d’un nombre pour une quantité ou un montant; l’unité et le contexte doivent être ajoutés.,MEDIUM,cinquante-sept,cinquante-sept,bilooru ni wolonfila,bilooru ni wolonfila,DRAFT,true,,,NON_TESTE,
PROVISIONAL_FRM_NUMBER_058,,Dioula,dyu,Dioula véhiculaire de Côte d’Ivoire (koïnè mandingue; non Kong/non Odienné),NUMBER_0_100,Lecture isolée d’un nombre pour une quantité ou un montant; l’unité et le contexte doivent être ajoutés.,MEDIUM,cinquante-huit,cinquante-huit,bilooru ni seegi,bilooru ni seegi,DRAFT,true,,,NON_TESTE,
PROVISIONAL_FRM_NUMBER_059,,Dioula,dyu,Dioula véhiculaire de Côte d’Ivoire (koïnè mandingue; non Kong/non Odienné),NUMBER_0_100,Lecture isolée d’un nombre pour une quantité ou un montant; l’unité et le contexte doivent être ajoutés.,MEDIUM,cinquante-neuf,cinquante-neuf,bilooru ni kɔnɔtɔ,bilooru ni kɔnɔtɔ,DRAFT,true,,,NON_TESTE,
PROVISIONAL_FRM_NUMBER_060,,Dioula,dyu,Dioula véhiculaire de Côte d’Ivoire (koïnè mandingue; non Kong/non Odienné),NUMBER_0_100,Lecture isolée d’un nombre pour une quantité ou un montant; l’unité et le contexte doivent être ajoutés.,MEDIUM,soixante,soixante,biwɔɔrɔ,biwɔɔrɔ,DRAFT,true,,,NON_TESTE,
PROVISIONAL_FRM_NUMBER_061,,Dioula,dyu,Dioula véhiculaire de Côte d’Ivoire (koïnè mandingue; non Kong/non Odienné),NUMBER_0_100,Lecture isolée d’un nombre pour une quantité ou un montant; l’unité et le contexte doivent être ajoutés.,MEDIUM,soixante et un,soixante et un,biwɔɔrɔ ni kelen,biwɔɔrɔ ni kelen,DRAFT,true,,,NON_TESTE,
PROVISIONAL_FRM_NUMBER_062,,Dioula,dyu,Dioula véhiculaire de Côte d’Ivoire (koïnè mandingue; non Kong/non Odienné),NUMBER_0_100,Lecture isolée d’un nombre pour une quantité ou un montant; l’unité et le contexte doivent être ajoutés.,MEDIUM,soixante-deux,soixante-deux,biwɔɔrɔ ni fila,biwɔɔrɔ ni fila,DRAFT,true,,,NON_TESTE,
PROVISIONAL_FRM_NUMBER_063,,Dioula,dyu,Dioula véhiculaire de Côte d’Ivoire (koïnè mandingue; non Kong/non Odienné),NUMBER_0_100,Lecture isolée d’un nombre pour une quantité ou un montant; l’unité et le contexte doivent être ajoutés.,MEDIUM,soixante-trois,soixante-trois,biwɔɔrɔ ni saba,biwɔɔrɔ ni saba,DRAFT,true,,,NON_TESTE,
PROVISIONAL_FRM_NUMBER_064,,Dioula,dyu,Dioula véhiculaire de Côte d’Ivoire (koïnè mandingue; non Kong/non Odienné),NUMBER_0_100,Lecture isolée d’un nombre pour une quantité ou un montant; l’unité et le contexte doivent être ajoutés.,MEDIUM,soixante-quatre,soixante-quatre,biwɔɔrɔ ni naani,biwɔɔrɔ ni naani,DRAFT,true,,,NON_TESTE,
PROVISIONAL_FRM_NUMBER_065,,Dioula,dyu,Dioula véhiculaire de Côte d’Ivoire (koïnè mandingue; non Kong/non Odienné),NUMBER_0_100,Lecture isolée d’un nombre pour une quantité ou un montant; l’unité et le contexte doivent être ajoutés.,MEDIUM,soixante-cinq,soixante-cinq,biwɔɔrɔ ni looru,biwɔɔrɔ ni looru,DRAFT,true,,,NON_TESTE,
PROVISIONAL_FRM_NUMBER_066,,Dioula,dyu,Dioula véhiculaire de Côte d’Ivoire (koïnè mandingue; non Kong/non Odienné),NUMBER_0_100,Lecture isolée d’un nombre pour une quantité ou un montant; l’unité et le contexte doivent être ajoutés.,MEDIUM,soixante-six,soixante-six,biwɔɔrɔ ni wɔɔrɔ,biwɔɔrɔ ni wɔɔrɔ,DRAFT,true,,,NON_TESTE,
PROVISIONAL_FRM_NUMBER_067,,Dioula,dyu,Dioula véhiculaire de Côte d’Ivoire (koïnè mandingue; non Kong/non Odienné),NUMBER_0_100,Lecture isolée d’un nombre pour une quantité ou un montant; l’unité et le contexte doivent être ajoutés.,MEDIUM,soixante-sept,soixante-sept,biwɔɔrɔ ni wolonfila,biwɔɔrɔ ni wolonfila,DRAFT,true,,,NON_TESTE,
PROVISIONAL_FRM_NUMBER_068,,Dioula,dyu,Dioula véhiculaire de Côte d’Ivoire (koïnè mandingue; non Kong/non Odienné),NUMBER_0_100,Lecture isolée d’un nombre pour une quantité ou un montant; l’unité et le contexte doivent être ajoutés.,MEDIUM,soixante-huit,soixante-huit,biwɔɔrɔ ni seegi,biwɔɔrɔ ni seegi,DRAFT,true,,,NON_TESTE,
PROVISIONAL_FRM_NUMBER_069,,Dioula,dyu,Dioula véhiculaire de Côte d’Ivoire (koïnè mandingue; non Kong/non Odienné),NUMBER_0_100,Lecture isolée d’un nombre pour une quantité ou un montant; l’unité et le contexte doivent être ajoutés.,MEDIUM,soixante-neuf,soixante-neuf,biwɔɔrɔ ni kɔnɔtɔ,biwɔɔrɔ ni kɔnɔtɔ,DRAFT,true,,,NON_TESTE,
PROVISIONAL_FRM_NUMBER_070,,Dioula,dyu,Dioula véhiculaire de Côte d’Ivoire (koïnè mandingue; non Kong/non Odienné),NUMBER_0_100,Lecture isolée d’un nombre pour une quantité ou un montant; l’unité et le contexte doivent être ajoutés.,MEDIUM,soixante-dix,soixante-dix,biwolonfila,biwolonfila | biwolonvila,DRAFT,true,,,NON_TESTE,
PROVISIONAL_FRM_NUMBER_071,,Dioula,dyu,Dioula véhiculaire de Côte d’Ivoire (koïnè mandingue; non Kong/non Odienné),NUMBER_0_100,Lecture isolée d’un nombre pour une quantité ou un montant; l’unité et le contexte doivent être ajoutés.,MEDIUM,soixante et onze,soixante et onze,biwolonfila ni kelen,biwolonfila ni kelen,DRAFT,true,,,NON_TESTE,
PROVISIONAL_FRM_NUMBER_072,,Dioula,dyu,Dioula véhiculaire de Côte d’Ivoire (koïnè mandingue; non Kong/non Odienné),NUMBER_0_100,Lecture isolée d’un nombre pour une quantité ou un montant; l’unité et le contexte doivent être ajoutés.,MEDIUM,soixante-douze,soixante-douze,biwolonfila ni fila,biwolonfila ni fila,DRAFT,true,,,NON_TESTE,
PROVISIONAL_FRM_NUMBER_073,,Dioula,dyu,Dioula véhiculaire de Côte d’Ivoire (koïnè mandingue; non Kong/non Odienné),NUMBER_0_100,Lecture isolée d’un nombre pour une quantité ou un montant; l’unité et le contexte doivent être ajoutés.,MEDIUM,soixante-treize,soixante-treize,biwolonfila ni saba,biwolonfila ni saba,DRAFT,true,,,NON_TESTE,
PROVISIONAL_FRM_NUMBER_074,,Dioula,dyu,Dioula véhiculaire de Côte d’Ivoire (koïnè mandingue; non Kong/non Odienné),NUMBER_0_100,Lecture isolée d’un nombre pour une quantité ou un montant; l’unité et le contexte doivent être ajoutés.,MEDIUM,soixante-quatorze,soixante-quatorze,biwolonfila ni naani,biwolonfila ni naani,DRAFT,true,,,NON_TESTE,
PROVISIONAL_FRM_NUMBER_075,,Dioula,dyu,Dioula véhiculaire de Côte d’Ivoire (koïnè mandingue; non Kong/non Odienné),NUMBER_0_100,Lecture isolée d’un nombre pour une quantité ou un montant; l’unité et le contexte doivent être ajoutés.,MEDIUM,soixante-quinze,soixante-quinze,biwolonfila ni looru,biwolonfila ni looru,DRAFT,true,,,NON_TESTE,
PROVISIONAL_FRM_NUMBER_076,,Dioula,dyu,Dioula véhiculaire de Côte d’Ivoire (koïnè mandingue; non Kong/non Odienné),NUMBER_0_100,Lecture isolée d’un nombre pour une quantité ou un montant; l’unité et le contexte doivent être ajoutés.,MEDIUM,soixante-seize,soixante-seize,biwolonfila ni wɔɔrɔ,biwolonfila ni wɔɔrɔ,DRAFT,true,,,NON_TESTE,
PROVISIONAL_FRM_NUMBER_077,,Dioula,dyu,Dioula véhiculaire de Côte d’Ivoire (koïnè mandingue; non Kong/non Odienné),NUMBER_0_100,Lecture isolée d’un nombre pour une quantité ou un montant; l’unité et le contexte doivent être ajoutés.,MEDIUM,soixante-dix-sept,soixante-dix-sept,biwolonfila ni wolonfila,biwolonfila ni wolonfila,DRAFT,true,,,NON_TESTE,
PROVISIONAL_FRM_NUMBER_078,,Dioula,dyu,Dioula véhiculaire de Côte d’Ivoire (koïnè mandingue; non Kong/non Odienné),NUMBER_0_100,Lecture isolée d’un nombre pour une quantité ou un montant; l’unité et le contexte doivent être ajoutés.,MEDIUM,soixante-dix-huit,soixante-dix-huit,biwolonfila ni seegi,biwolonfila ni seegi,DRAFT,true,,,NON_TESTE,
PROVISIONAL_FRM_NUMBER_079,,Dioula,dyu,Dioula véhiculaire de Côte d’Ivoire (koïnè mandingue; non Kong/non Odienné),NUMBER_0_100,Lecture isolée d’un nombre pour une quantité ou un montant; l’unité et le contexte doivent être ajoutés.,MEDIUM,soixante-dix-neuf,soixante-dix-neuf,biwolonfila ni kɔnɔtɔ,biwolonfila ni kɔnɔtɔ,DRAFT,true,,,NON_TESTE,
PROVISIONAL_FRM_NUMBER_080,,Dioula,dyu,Dioula véhiculaire de Côte d’Ivoire (koïnè mandingue; non Kong/non Odienné),NUMBER_0_100,Lecture isolée d’un nombre pour une quantité ou un montant; l’unité et le contexte doivent être ajoutés.,MEDIUM,quatre-vingts,quatre-vingts,biseegi,biseegi,DRAFT,true,,,NON_TESTE,
PROVISIONAL_FRM_NUMBER_081,,Dioula,dyu,Dioula véhiculaire de Côte d’Ivoire (koïnè mandingue; non Kong/non Odienné),NUMBER_0_100,Lecture isolée d’un nombre pour une quantité ou un montant; l’unité et le contexte doivent être ajoutés.,MEDIUM,quatre-vingt-un,quatre-vingt-un,biseegi ni kelen,biseegi ni kelen,DRAFT,true,,,NON_TESTE,
PROVISIONAL_FRM_NUMBER_082,,Dioula,dyu,Dioula véhiculaire de Côte d’Ivoire (koïnè mandingue; non Kong/non Odienné),NUMBER_0_100,Lecture isolée d’un nombre pour une quantité ou un montant; l’unité et le contexte doivent être ajoutés.,MEDIUM,quatre-vingt-deux,quatre-vingt-deux,biseegi ni fila,biseegi ni fila,DRAFT,true,,,NON_TESTE,
PROVISIONAL_FRM_NUMBER_083,,Dioula,dyu,Dioula véhiculaire de Côte d’Ivoire (koïnè mandingue; non Kong/non Odienné),NUMBER_0_100,Lecture isolée d’un nombre pour une quantité ou un montant; l’unité et le contexte doivent être ajoutés.,MEDIUM,quatre-vingt-trois,quatre-vingt-trois,biseegi ni saba,biseegi ni saba,DRAFT,true,,,NON_TESTE,
PROVISIONAL_FRM_NUMBER_084,,Dioula,dyu,Dioula véhiculaire de Côte d’Ivoire (koïnè mandingue; non Kong/non Odienné),NUMBER_0_100,Lecture isolée d’un nombre pour une quantité ou un montant; l’unité et le contexte doivent être ajoutés.,MEDIUM,quatre-vingt-quatre,quatre-vingt-quatre,biseegi ni naani,biseegi ni naani,DRAFT,true,,,NON_TESTE,
PROVISIONAL_FRM_NUMBER_085,,Dioula,dyu,Dioula véhiculaire de Côte d’Ivoire (koïnè mandingue; non Kong/non Odienné),NUMBER_0_100,Lecture isolée d’un nombre pour une quantité ou un montant; l’unité et le contexte doivent être ajoutés.,MEDIUM,quatre-vingt-cinq,quatre-vingt-cinq,biseegi ni looru,biseegi ni looru,DRAFT,true,,,NON_TESTE,
PROVISIONAL_FRM_NUMBER_086,,Dioula,dyu,Dioula véhiculaire de Côte d’Ivoire (koïnè mandingue; non Kong/non Odienné),NUMBER_0_100,Lecture isolée d’un nombre pour une quantité ou un montant; l’unité et le contexte doivent être ajoutés.,MEDIUM,quatre-vingt-six,quatre-vingt-six,biseegi ni wɔɔrɔ,biseegi ni wɔɔrɔ,DRAFT,true,,,NON_TESTE,
PROVISIONAL_FRM_NUMBER_087,,Dioula,dyu,Dioula véhiculaire de Côte d’Ivoire (koïnè mandingue; non Kong/non Odienné),NUMBER_0_100,Lecture isolée d’un nombre pour une quantité ou un montant; l’unité et le contexte doivent être ajoutés.,MEDIUM,quatre-vingt-sept,quatre-vingt-sept,biseegi ni wolonfila,biseegi ni wolonfila,DRAFT,true,,,NON_TESTE,
PROVISIONAL_FRM_NUMBER_088,,Dioula,dyu,Dioula véhiculaire de Côte d’Ivoire (koïnè mandingue; non Kong/non Odienné),NUMBER_0_100,Lecture isolée d’un nombre pour une quantité ou un montant; l’unité et le contexte doivent être ajoutés.,MEDIUM,quatre-vingt-huit,quatre-vingt-huit,biseegi ni seegi,biseegi ni seegi,DRAFT,true,,,NON_TESTE,
PROVISIONAL_FRM_NUMBER_089,,Dioula,dyu,Dioula véhiculaire de Côte d’Ivoire (koïnè mandingue; non Kong/non Odienné),NUMBER_0_100,Lecture isolée d’un nombre pour une quantité ou un montant; l’unité et le contexte doivent être ajoutés.,MEDIUM,quatre-vingt-neuf,quatre-vingt-neuf,biseegi ni kɔnɔtɔ,biseegi ni kɔnɔtɔ,DRAFT,true,,,NON_TESTE,
PROVISIONAL_FRM_NUMBER_090,,Dioula,dyu,Dioula véhiculaire de Côte d’Ivoire (koïnè mandingue; non Kong/non Odienné),NUMBER_0_100,Lecture isolée d’un nombre pour une quantité ou un montant; l’unité et le contexte doivent être ajoutés.,MEDIUM,quatre-vingt-dix,quatre-vingt-dix,bikɔnɔtɔ,bikɔnɔtɔ,DRAFT,true,,,NON_TESTE,
PROVISIONAL_FRM_NUMBER_091,,Dioula,dyu,Dioula véhiculaire de Côte d’Ivoire (koïnè mandingue; non Kong/non Odienné),NUMBER_0_100,Lecture isolée d’un nombre pour une quantité ou un montant; l’unité et le contexte doivent être ajoutés.,MEDIUM,quatre-vingt-onze,quatre-vingt-onze,bikɔnɔtɔ ni kelen,bikɔnɔtɔ ni kelen,DRAFT,true,,,NON_TESTE,
PROVISIONAL_FRM_NUMBER_092,,Dioula,dyu,Dioula véhiculaire de Côte d’Ivoire (koïnè mandingue; non Kong/non Odienné),NUMBER_0_100,Lecture isolée d’un nombre pour une quantité ou un montant; l’unité et le contexte doivent être ajoutés.,MEDIUM,quatre-vingt-douze,quatre-vingt-douze,bikɔnɔtɔ ni fila,bikɔnɔtɔ ni fila,DRAFT,true,,,NON_TESTE,
PROVISIONAL_FRM_NUMBER_093,,Dioula,dyu,Dioula véhiculaire de Côte d’Ivoire (koïnè mandingue; non Kong/non Odienné),NUMBER_0_100,Lecture isolée d’un nombre pour une quantité ou un montant; l’unité et le contexte doivent être ajoutés.,MEDIUM,quatre-vingt-treize,quatre-vingt-treize,bikɔnɔtɔ ni saba,bikɔnɔtɔ ni saba,DRAFT,true,,,NON_TESTE,
PROVISIONAL_FRM_NUMBER_094,,Dioula,dyu,Dioula véhiculaire de Côte d’Ivoire (koïnè mandingue; non Kong/non Odienné),NUMBER_0_100,Lecture isolée d’un nombre pour une quantité ou un montant; l’unité et le contexte doivent être ajoutés.,MEDIUM,quatre-vingt-quatorze,quatre-vingt-quatorze,bikɔnɔtɔ ni naani,bikɔnɔtɔ ni naani,DRAFT,true,,,NON_TESTE,
PROVISIONAL_FRM_NUMBER_095,,Dioula,dyu,Dioula véhiculaire de Côte d’Ivoire (koïnè mandingue; non Kong/non Odienné),NUMBER_0_100,Lecture isolée d’un nombre pour une quantité ou un montant; l’unité et le contexte doivent être ajoutés.,MEDIUM,quatre-vingt-quinze,quatre-vingt-quinze,bikɔnɔtɔ ni looru,bikɔnɔtɔ ni looru,DRAFT,true,,,NON_TESTE,
PROVISIONAL_FRM_NUMBER_096,,Dioula,dyu,Dioula véhiculaire de Côte d’Ivoire (koïnè mandingue; non Kong/non Odienné),NUMBER_0_100,Lecture isolée d’un nombre pour une quantité ou un montant; l’unité et le contexte doivent être ajoutés.,MEDIUM,quatre-vingt-seize,quatre-vingt-seize,bikɔnɔtɔ ni wɔɔrɔ,bikɔnɔtɔ ni wɔɔrɔ,DRAFT,true,,,NON_TESTE,
PROVISIONAL_FRM_NUMBER_097,,Dioula,dyu,Dioula véhiculaire de Côte d’Ivoire (koïnè mandingue; non Kong/non Odienné),NUMBER_0_100,Lecture isolée d’un nombre pour une quantité ou un montant; l’unité et le contexte doivent être ajoutés.,MEDIUM,quatre-vingt-dix-sept,quatre-vingt-dix-sept,bikɔnɔtɔ ni wolonfila,bikɔnɔtɔ ni wolonfila,DRAFT,true,,,NON_TESTE,
PROVISIONAL_FRM_NUMBER_098,,Dioula,dyu,Dioula véhiculaire de Côte d’Ivoire (koïnè mandingue; non Kong/non Odienné),NUMBER_0_100,Lecture isolée d’un nombre pour une quantité ou un montant; l’unité et le contexte doivent être ajoutés.,MEDIUM,quatre-vingt-dix-huit,quatre-vingt-dix-huit,bikɔnɔtɔ ni seegi,bikɔnɔtɔ ni seegi,DRAFT,true,,,NON_TESTE,
PROVISIONAL_FRM_NUMBER_099,,Dioula,dyu,Dioula véhiculaire de Côte d’Ivoire (koïnè mandingue; non Kong/non Odienné),NUMBER_0_100,Lecture isolée d’un nombre pour une quantité ou un montant; l’unité et le contexte doivent être ajoutés.,MEDIUM,quatre-vingt-dix-neuf,quatre-vingt-dix-neuf,bikɔnɔtɔ ni kɔnɔtɔ,bikɔnɔtɔ ni kɔnɔtɔ,DRAFT,true,,,NON_TESTE,
PROVISIONAL_FRM_NUMBER_100,,Dioula,dyu,Dioula véhiculaire de Côte d’Ivoire (koïnè mandingue; non Kong/non Odienné),NUMBER_0_100,Lecture isolée d’un nombre pour une quantité ou un montant; l’unité et le contexte doivent être ajoutés.,MEDIUM,cent,cent,kɛmɛ,kɛmɛ,DRAFT,true,,,NON_TESTE,
PROVISIONAL_FRM_NUMBER_HUNDRED_200,,Dioula,dyu,Dioula véhiculaire de Côte d’Ivoire (koïnè mandingue; non Kong/non Odienné),NUMBER_HUNDREDS,Lecture isolée d’une centaine ou de mille; l’unité et le contexte doivent être ajoutés.,MEDIUM,deux cents,deux cents,kɛmɛ fila,kɛmɛ fila,DRAFT,true,,,NON_TESTE,
PROVISIONAL_FRM_NUMBER_HUNDRED_300,,Dioula,dyu,Dioula véhiculaire de Côte d’Ivoire (koïnè mandingue; non Kong/non Odienné),NUMBER_HUNDREDS,Lecture isolée d’une centaine ou de mille; l’unité et le contexte doivent être ajoutés.,MEDIUM,trois cents,trois cents,kɛmɛ saba,kɛmɛ saba,DRAFT,true,,,NON_TESTE,
PROVISIONAL_FRM_NUMBER_HUNDRED_400,,Dioula,dyu,Dioula véhiculaire de Côte d’Ivoire (koïnè mandingue; non Kong/non Odienné),NUMBER_HUNDREDS,Lecture isolée d’une centaine ou de mille; l’unité et le contexte doivent être ajoutés.,MEDIUM,quatre cents,quatre cents,kɛmɛ naani,kɛmɛ naani,DRAFT,true,,,NON_TESTE,
PROVISIONAL_FRM_NUMBER_HUNDRED_500,,Dioula,dyu,Dioula véhiculaire de Côte d’Ivoire (koïnè mandingue; non Kong/non Odienné),NUMBER_HUNDREDS,Lecture isolée d’une centaine ou de mille; l’unité et le contexte doivent être ajoutés.,MEDIUM,cinq cents,cinq cents,kɛmɛ looru,kɛmɛ looru,DRAFT,true,,,NON_TESTE,
PROVISIONAL_FRM_NUMBER_HUNDRED_600,,Dioula,dyu,Dioula véhiculaire de Côte d’Ivoire (koïnè mandingue; non Kong/non Odienné),NUMBER_HUNDREDS,Lecture isolée d’une centaine ou de mille; l’unité et le contexte doivent être ajoutés.,MEDIUM,six cents,six cents,kɛmɛ wɔɔrɔ,kɛmɛ wɔɔrɔ,DRAFT,true,,,NON_TESTE,
PROVISIONAL_FRM_NUMBER_HUNDRED_700,,Dioula,dyu,Dioula véhiculaire de Côte d’Ivoire (koïnè mandingue; non Kong/non Odienné),NUMBER_HUNDREDS,Lecture isolée d’une centaine ou de mille; l’unité et le contexte doivent être ajoutés.,MEDIUM,sept cents,sept cents,kɛmɛ wolonfila,kɛmɛ wolonfila,DRAFT,true,,,NON_TESTE,
PROVISIONAL_FRM_NUMBER_HUNDRED_800,,Dioula,dyu,Dioula véhiculaire de Côte d’Ivoire (koïnè mandingue; non Kong/non Odienné),NUMBER_HUNDREDS,Lecture isolée d’une centaine ou de mille; l’unité et le contexte doivent être ajoutés.,MEDIUM,huit cents,huit cents,kɛmɛ seegi,kɛmɛ seegi,DRAFT,true,,,NON_TESTE,
PROVISIONAL_FRM_NUMBER_HUNDRED_900,,Dioula,dyu,Dioula véhiculaire de Côte d’Ivoire (koïnè mandingue; non Kong/non Odienné),NUMBER_HUNDREDS,Lecture isolée d’une centaine ou de mille; l’unité et le contexte doivent être ajoutés.,MEDIUM,neuf cents,neuf cents,kɛmɛ kɔnɔtɔ,kɛmɛ kɔnɔtɔ,DRAFT,true,,,NON_TESTE,
PROVISIONAL_FRM_NUMBER_THOUSAND_1000,,Dioula,dyu,Dioula véhiculaire de Côte d’Ivoire (koïnè mandingue; non Kong/non Odienné),NUMBER_THOUSAND,Lecture isolée d’une centaine ou de mille; l’unité et le contexte doivent être ajoutés.,MEDIUM,mille,mille,waga kelen,waga kelen | baa,DRAFT,true,,,NON_TESTE,
PROVISIONAL_FRM_UNIT_01_UNITE,,Dioula,dyu,Dioula véhiculaire de Côte d’Ivoire (koïnè mandingue; non Kong/non Odienné),UNIT,Unité de vente orale.,LOW,unité,à l’unité,,,DRAFT,true,,,NON_TESTE,
PROVISIONAL_FRM_UNIT_02_TAS,,Dioula,dyu,Dioula véhiculaire de Côte d’Ivoire (koïnè mandingue; non Kong/non Odienné),UNIT,Unité de vente orale.,LOW,tas,tas,,,DRAFT,true,,,NON_TESTE,
PROVISIONAL_FRM_UNIT_03_SAC,,Dioula,dyu,Dioula véhiculaire de Côte d’Ivoire (koïnè mandingue; non Kong/non Odienné),UNIT,Unité de vente orale.,LOW,sac,sac,,,DRAFT,true,,,NON_TESTE,
PROVISIONAL_FRM_UNIT_04_KILO,,Dioula,dyu,Dioula véhiculaire de Côte d’Ivoire (koïnè mandingue; non Kong/non Odienné),UNIT,Unité de vente orale.,LOW,kilo,kilo,,,DRAFT,true,,,NON_TESTE,
PROVISIONAL_FRM_UNIT_05_BOTTE,,Dioula,dyu,Dioula véhiculaire de Côte d’Ivoire (koïnè mandingue; non Kong/non Odienné),UNIT,Unité de vente orale.,LOW,botte,botte,,,DRAFT,true,,,NON_TESTE,
PROVISIONAL_FRM_UNIT_06_BIDON,,Dioula,dyu,Dioula véhiculaire de Côte d’Ivoire (koïnè mandingue; non Kong/non Odienné),UNIT,Unité de vente orale.,LOW,bidon,bidon,,,DRAFT,true,,,NON_TESTE,
PROVISIONAL_FRM_UNIT_07_SACHET,,Dioula,dyu,Dioula véhiculaire de Côte d’Ivoire (koïnè mandingue; non Kong/non Odienné),UNIT,Unité de vente orale.,LOW,sachet,sachet,,,DRAFT,true,,,NON_TESTE,
PROVISIONAL_FRM_UNIT_08_PAQUET,,Dioula,dyu,Dioula véhiculaire de Côte d’Ivoire (koïnè mandingue; non Kong/non Odienné),UNIT,Unité de vente orale.,LOW,paquet,paquet,,,DRAFT,true,,,NON_TESTE,
PROVISIONAL_FRM_UNIT_09_MORCEAU,,Dioula,dyu,Dioula véhiculaire de Côte d’Ivoire (koïnè mandingue; non Kong/non Odienné),UNIT,Unité de vente orale.,LOW,morceau,morceau,,,DRAFT,true,,,NON_TESTE,
PROVISIONAL_FRM_UNIT_10_LITRE,,Dioula,dyu,Dioula véhiculaire de Côte d’Ivoire (koïnè mandingue; non Kong/non Odienné),UNIT,Unité de vente orale.,LOW,litre,litre,,,DRAFT,true,,,NON_TESTE,
PROVISIONAL_FRM_UNIT_11_REGIME,,Dioula,dyu,Dioula véhiculaire de Côte d’Ivoire (koïnè mandingue; non Kong/non Odienné),UNIT,Unité de vente orale.,LOW,régime,régime,,,DRAFT,true,,,NON_TESTE,
PROVISIONAL_FRM_UNIT_12_CARTON,,Dioula,dyu,Dioula véhiculaire de Côte d’Ivoire (koïnè mandingue; non Kong/non Odienné),UNIT,Unité de vente orale.,LOW,carton,carton,,,DRAFT,true,,,NON_TESTE,
PROVISIONAL_FRM_UNIT_13_CAISSE,,Dioula,dyu,Dioula véhiculaire de Côte d’Ivoire (koïnè mandingue; non Kong/non Odienné),UNIT,Unité de vente orale.,LOW,caisse,caisse,,,DRAFT,true,,,NON_TESTE,
PROVISIONAL_FRM_UNIT_14_BOUTEILLE,,Dioula,dyu,Dioula véhiculaire de Côte d’Ivoire (koïnè mandingue; non Kong/non Odienné),UNIT,Unité de vente orale.,LOW,bouteille,bouteille,,,DRAFT,true,,,NON_TESTE,
PROVISIONAL_FRM_UNIT_15_PANIER,,Dioula,dyu,Dioula véhiculaire de Côte d’Ivoire (koïnè mandingue; non Kong/non Odienné),UNIT,Unité de vente orale.,LOW,panier,panier,,,DRAFT,true,,,NON_TESTE,
PROVISIONAL_FRM_UNIT_16_FRANC,,Dioula,dyu,Dioula véhiculaire de Côte d’Ivoire (koïnè mandingue; non Kong/non Odienné),UNIT,Dénomination monétaire orale; à associer à un nombre et au contexte.,HIGH,franc,franc,,,DRAFT,true,,,NON_TESTE,
PROVISIONAL_FRM_UNIT_17_FCFA,,Dioula,dyu,Dioula véhiculaire de Côte d’Ivoire (koïnè mandingue; non Kong/non Odienné),UNIT,Dénomination monétaire orale; à associer à un nombre et au contexte.,HIGH,FCFA,franc CFA,,,DRAFT,true,,,NON_TESTE,
PROVISIONAL_FRM_PRODUCT_01_TOMATE,,Dioula,dyu,Dioula véhiculaire de Côte d’Ivoire (koïnè mandingue; non Kong/non Odienné),PRODUCT,Nom de produit à annoncer ou saisir dans une vente; aucun identifiant produit métier n’est créé.,LOW,tomate,tomate,,,DRAFT,true,,,NON_TESTE,
PROVISIONAL_FRM_PRODUCT_02_PIMENT,,Dioula,dyu,Dioula véhiculaire de Côte d’Ivoire (koïnè mandingue; non Kong/non Odienné),PRODUCT,Nom de produit à annoncer ou saisir dans une vente; aucun identifiant produit métier n’est créé.,LOW,piment,piment,,,DRAFT,true,,,NON_TESTE,
PROVISIONAL_FRM_PRODUCT_03_GOMBO,,Dioula,dyu,Dioula véhiculaire de Côte d’Ivoire (koïnè mandingue; non Kong/non Odienné),PRODUCT,Nom de produit à annoncer ou saisir dans une vente; aucun identifiant produit métier n’est créé.,LOW,gombo,gombo,,,DRAFT,true,,,NON_TESTE,
PROVISIONAL_FRM_PRODUCT_04_ATTIEKE,,Dioula,dyu,Dioula véhiculaire de Côte d’Ivoire (koïnè mandingue; non Kong/non Odienné),PRODUCT,Nom de produit à annoncer ou saisir dans une vente; aucun identifiant produit métier n’est créé.,LOW,attiéké,attiéké,,,DRAFT,true,,,NON_TESTE,
PROVISIONAL_FRM_PRODUCT_05_BANANE,,Dioula,dyu,Dioula véhiculaire de Côte d’Ivoire (koïnè mandingue; non Kong/non Odienné),PRODUCT,Nom de produit à annoncer ou saisir dans une vente; aucun identifiant produit métier n’est créé.,LOW,banane,banane,,,DRAFT,true,,,NON_TESTE,
PROVISIONAL_FRM_PRODUCT_06_PLANTAIN,,Dioula,dyu,Dioula véhiculaire de Côte d’Ivoire (koïnè mandingue; non Kong/non Odienné),PRODUCT,Nom de produit à annoncer ou saisir dans une vente; aucun identifiant produit métier n’est créé.,LOW,plantain,plantain,,,DRAFT,true,,,NON_TESTE,
PROVISIONAL_FRM_PRODUCT_07_IGNAME,,Dioula,dyu,Dioula véhiculaire de Côte d’Ivoire (koïnè mandingue; non Kong/non Odienné),PRODUCT,Nom de produit à annoncer ou saisir dans une vente; aucun identifiant produit métier n’est créé.,LOW,igname,igname,,,DRAFT,true,,,NON_TESTE,
PROVISIONAL_FRM_PRODUCT_08_MANIOC,,Dioula,dyu,Dioula véhiculaire de Côte d’Ivoire (koïnè mandingue; non Kong/non Odienné),PRODUCT,Nom de produit à annoncer ou saisir dans une vente; aucun identifiant produit métier n’est créé.,LOW,manioc,manioc,,,DRAFT,true,,,NON_TESTE,
PROVISIONAL_FRM_PRODUCT_09_AUBERGINE,,Dioula,dyu,Dioula véhiculaire de Côte d’Ivoire (koïnè mandingue; non Kong/non Odienné),PRODUCT,Nom de produit à annoncer ou saisir dans une vente; aucun identifiant produit métier n’est créé.,LOW,aubergine,aubergine,,,DRAFT,true,,,NON_TESTE,
PROVISIONAL_FRM_PRODUCT_10_OIGNON,,Dioula,dyu,Dioula véhiculaire de Côte d’Ivoire (koïnè mandingue; non Kong/non Odienné),PRODUCT,Nom de produit à annoncer ou saisir dans une vente; aucun identifiant produit métier n’est créé.,LOW,oignon,oignon,,,DRAFT,true,,,NON_TESTE,
PROVISIONAL_FRM_PRODUCT_11_AIL,,Dioula,dyu,Dioula véhiculaire de Côte d’Ivoire (koïnè mandingue; non Kong/non Odienné),PRODUCT,Nom de produit à annoncer ou saisir dans une vente; aucun identifiant produit métier n’est créé.,LOW,ail,ail,,,DRAFT,true,,,NON_TESTE,
PROVISIONAL_FRM_PRODUCT_12_POISSON,,Dioula,dyu,Dioula véhiculaire de Côte d’Ivoire (koïnè mandingue; non Kong/non Odienné),PRODUCT,Nom de produit à annoncer ou saisir dans une vente; aucun identifiant produit métier n’est créé.,LOW,poisson,poisson,,,DRAFT,true,,,NON_TESTE,
PROVISIONAL_FRM_PRODUCT_13_VIANDE,,Dioula,dyu,Dioula véhiculaire de Côte d’Ivoire (koïnè mandingue; non Kong/non Odienné),PRODUCT,Nom de produit à annoncer ou saisir dans une vente; aucun identifiant produit métier n’est créé.,LOW,viande,viande,,,DRAFT,true,,,NON_TESTE,
PROVISIONAL_FRM_PRODUCT_14_POULET,,Dioula,dyu,Dioula véhiculaire de Côte d’Ivoire (koïnè mandingue; non Kong/non Odienné),PRODUCT,Nom de produit à annoncer ou saisir dans une vente; aucun identifiant produit métier n’est créé.,LOW,poulet,poulet,,,DRAFT,true,,,NON_TESTE,
PROVISIONAL_FRM_PRODUCT_15_HUILE,,Dioula,dyu,Dioula véhiculaire de Côte d’Ivoire (koïnè mandingue; non Kong/non Odienné),PRODUCT,Nom de produit à annoncer ou saisir dans une vente; aucun identifiant produit métier n’est créé.,LOW,huile,huile,,,DRAFT,true,,,NON_TESTE,
PROVISIONAL_FRM_PRODUCT_16_SEL,,Dioula,dyu,Dioula véhiculaire de Côte d’Ivoire (koïnè mandingue; non Kong/non Odienné),PRODUCT,Nom de produit à annoncer ou saisir dans une vente; aucun identifiant produit métier n’est créé.,LOW,sel,sel,,,DRAFT,true,,,NON_TESTE,
PROVISIONAL_FRM_PRODUCT_17_SUCRE,,Dioula,dyu,Dioula véhiculaire de Côte d’Ivoire (koïnè mandingue; non Kong/non Odienné),PRODUCT,Nom de produit à annoncer ou saisir dans une vente; aucun identifiant produit métier n’est créé.,LOW,sucre,sucre,,,DRAFT,true,,,NON_TESTE,
PROVISIONAL_FRM_PRODUCT_18_RIZ,,Dioula,dyu,Dioula véhiculaire de Côte d’Ivoire (koïnè mandingue; non Kong/non Odienné),PRODUCT,Nom de produit à annoncer ou saisir dans une vente; aucun identifiant produit métier n’est créé.,LOW,riz,riz,,,DRAFT,true,,,NON_TESTE,
PROVISIONAL_FRM_PRODUCT_19_HARICOT,,Dioula,dyu,Dioula véhiculaire de Côte d’Ivoire (koïnè mandingue; non Kong/non Odienné),PRODUCT,Nom de produit à annoncer ou saisir dans une vente; aucun identifiant produit métier n’est créé.,LOW,haricot,haricot,,,DRAFT,true,,,NON_TESTE,
PROVISIONAL_FRM_PRODUCT_20_MAIS,,Dioula,dyu,Dioula véhiculaire de Côte d’Ivoire (koïnè mandingue; non Kong/non Odienné),PRODUCT,Nom de produit à annoncer ou saisir dans une vente; aucun identifiant produit métier n’est créé.,LOW,maïs,maïs,,,DRAFT,true,,,NON_TESTE,
PROVISIONAL_FRM_PRODUCT_21_FOUTOU,,Dioula,dyu,Dioula véhiculaire de Côte d’Ivoire (koïnè mandingue; non Kong/non Odienné),PRODUCT,Nom de produit à annoncer ou saisir dans une vente; aucun identifiant produit métier n’est créé.,LOW,foutou,foutou,,,DRAFT,true,,,NON_TESTE,
PROVISIONAL_FRM_PRODUCT_22_ORANGE,,Dioula,dyu,Dioula véhiculaire de Côte d’Ivoire (koïnè mandingue; non Kong/non Odienné),PRODUCT,Nom de produit à annoncer ou saisir dans une vente; aucun identifiant produit métier n’est créé.,LOW,orange,orange,,,DRAFT,true,,,NON_TESTE,
PROVISIONAL_FRM_PRODUCT_23_SAVON,,Dioula,dyu,Dioula véhiculaire de Côte d’Ivoire (koïnè mandingue; non Kong/non Odienné),PRODUCT,Nom de produit à annoncer ou saisir dans une vente; aucun identifiant produit métier n’est créé.,LOW,savon,savon,,,DRAFT,true,,,NON_TESTE,
PROVISIONAL_FRM_PRODUCT_24_FARINE,,Dioula,dyu,Dioula véhiculaire de Côte d’Ivoire (koïnè mandingue; non Kong/non Odienné),PRODUCT,Nom de produit à annoncer ou saisir dans une vente; aucun identifiant produit métier n’est créé.,LOW,farine,farine,,,DRAFT,true,,,NON_TESTE,
PROVISIONAL_FRM_PRODUCT_25_JUS,,Dioula,dyu,Dioula véhiculaire de Côte d’Ivoire (koïnè mandingue; non Kong/non Odienné),PRODUCT,Nom de produit à annoncer ou saisir dans une vente; aucun identifiant produit métier n’est créé.,LOW,jus,jus,,,DRAFT,true,,,NON_TESTE,
PROVISIONAL_FRM_PRODUCT_26_LAIT,,Dioula,dyu,Dioula véhiculaire de Côte d’Ivoire (koïnè mandingue; non Kong/non Odienné),PRODUCT,Nom de produit à annoncer ou saisir dans une vente; aucun identifiant produit métier n’est créé.,LOW,lait,lait,,,DRAFT,true,,,NON_TESTE,
PROVISIONAL_FRM_INTENT_01,,Baoulé,bci,Baoulé central; variété locale de marché à confirmer,FINANCIAL_PRIORITY_INTENT,Commande orale d’encaissement; elle ne vaut pas confirmation métier du paiement.,CRITICAL,Encaisse.,Encaisse ça.,,,DRAFT,true,,,NON_TESTE,
PROVISIONAL_FRM_INTENT_02,,Baoulé,bci,Baoulé central; variété locale de marché à confirmer,FINANCIAL_PRIORITY_INTENT,Demande du montant encore dû par une cliente.,CRITICAL,Combien elle doit ?,Elle doit combien ?,,,DRAFT,true,,,NON_TESTE,
PROVISIONAL_FRM_INTENT_03,,Baoulé,bci,Baoulé central; variété locale de marché à confirmer,FINANCIAL_PRIORITY_INTENT,Accord oral avant une validation; la confirmation métier reste distincte.,CRITICAL,"Oui, valide.","Oui, tu peux valider.",,,DRAFT,true,,,NON_TESTE,
PROVISIONAL_FRM_INTENT_04,,Baoulé,bci,Baoulé central; variété locale de marché à confirmer,FINANCIAL_PRIORITY_INTENT,Refus ou demande d’annulation avant confirmation métier.,CRITICAL,Non / annule.,"Non, annule.",,,DRAFT,true,,,NON_TESTE,
PROVISIONAL_FRM_INTENT_05,,Baoulé,bci,Baoulé central; variété locale de marché à confirmer,FINANCIAL_PRIORITY_INTENT,Annonce d’un montant manquant dans le paiement.,CRITICAL,Il manque {montant} francs.,Il manque {montant} francs.,,,DRAFT,true,,,NON_TESTE,
PROVISIONAL_FRM_INTENT_06,,Baoulé,bci,Baoulé central; variété locale de marché à confirmer,FINANCIAL_PRIORITY_INTENT,Demande de vérifier le calcul ou le compte avant la suite.,CRITICAL,Compte juste.,Vérifie bien le compte.,,,DRAFT,true,,,NON_TESTE,
PROVISIONAL_FRM_INTENT_07,,Baoulé,bci,Baoulé central; variété locale de marché à confirmer,FINANCIAL_PRIORITY_INTENT,Annonce du montant effectivement remis par la cliente.,CRITICAL,Elle a donné {recu} francs.,Elle a donné {recu} francs.,,,DRAFT,true,,,NON_TESTE,
PROVISIONAL_FRM_INTENT_08,,Baoulé,bci,Baoulé central; variété locale de marché à confirmer,FINANCIAL_PRIORITY_INTENT,Annonce de la monnaie à rendre à la cliente.,CRITICAL,Tu rends {monnaie} francs.,Tu lui rends {monnaie} francs.,,,DRAFT,true,,,NON_TESTE,
PROVISIONAL_FRM_INTENT_09,,Baoulé,bci,Baoulé central; variété locale de marché à confirmer,FINANCIAL_PRIORITY_INTENT,Annonce du total dû par la cliente.,CRITICAL,Elle doit {total} francs.,Elle doit {total} francs.,,,DRAFT,true,,,NON_TESTE,
PROVISIONAL_FRM_INTENT_10,,Baoulé,bci,Baoulé central; variété locale de marché à confirmer,FINANCIAL_PRIORITY_INTENT,Demande orale de validation avant l’action métier.,CRITICAL,Je valide ?,Je valide ça ?,,,DRAFT,true,,,NON_TESTE,
PROVISIONAL_FRM_INTENT_11,,Baoulé,bci,Baoulé central; variété locale de marché à confirmer,FINANCIAL_PRIORITY_INTENT,Question sur le prix d’un seul article.,HIGH,Prix d’un seul.,"Un seul, c’est combien ?",,,DRAFT,true,,,NON_TESTE,
PROVISIONAL_FRM_INTENT_12,,Baoulé,bci,Baoulé central; variété locale de marché à confirmer,FINANCIAL_PRIORITY_INTENT,Question sur le prix total de l’ensemble présenté.,HIGH,Prix du tout.,"Tout ça, c’est combien ?",,,DRAFT,true,,,NON_TESTE,
PROVISIONAL_FRM_INTENT_13,,Baoulé,bci,Baoulé central; variété locale de marché à confirmer,FINANCIAL_PRIORITY_INTENT,Question générale sur le montant à payer ou le total.,HIGH,Combien ?,Ça fait combien ?,,,DRAFT,true,,,NON_TESTE,
PROVISIONAL_FRM_INTENT_14,,Baoulé,bci,Baoulé central; variété locale de marché à confirmer,FINANCIAL_PRIORITY_INTENT,Question sur le prix d’un produit ou d’une quantité montrée.,HIGH,C’est à combien ?,C’est à combien ?,,,DRAFT,true,,,NON_TESTE,
PROVISIONAL_FRM_INTENT_15,,Baoulé,bci,Baoulé central; variété locale de marché à confirmer,FINANCIAL_PRIORITY_INTENT,Question ouverte sur le produit ou l’article vendu.,LOW,Tu as vendu quoi ?,Tu as vendu quoi ?,,,DRAFT,true,,,NON_TESTE,
PROVISIONAL_FRM_NUMBER_000,,Baoulé,bci,Baoulé central; variété locale de marché à confirmer,NUMBER_0_100,Lecture isolée d’un nombre pour une quantité ou un montant; l’unité et le contexte doivent être ajoutés.,MEDIUM,zéro,zéro,,,DRAFT,true,,,NON_TESTE,
PROVISIONAL_FRM_NUMBER_001,,Baoulé,bci,Baoulé central; variété locale de marché à confirmer,NUMBER_0_100,Lecture isolée d’un nombre pour une quantité ou un montant; l’unité et le contexte doivent être ajoutés.,MEDIUM,un,un,kun,kun | kɔn,DRAFT,true,,,NON_TESTE,
PROVISIONAL_FRM_NUMBER_002,,Baoulé,bci,Baoulé central; variété locale de marché à confirmer,NUMBER_0_100,Lecture isolée d’un nombre pour une quantité ou un montant; l’unité et le contexte doivent être ajoutés.,MEDIUM,deux,deux,nnyɔn,nnyɔn,DRAFT,true,,,NON_TESTE,
PROVISIONAL_FRM_NUMBER_003,,Baoulé,bci,Baoulé central; variété locale de marché à confirmer,NUMBER_0_100,Lecture isolée d’un nombre pour une quantité ou un montant; l’unité et le contexte doivent être ajoutés.,MEDIUM,trois,trois,nsan,nsan,DRAFT,true,,,NON_TESTE,
PROVISIONAL_FRM_NUMBER_004,,Baoulé,bci,Baoulé central; variété locale de marché à confirmer,NUMBER_0_100,Lecture isolée d’un nombre pour une quantité ou un montant; l’unité et le contexte doivent être ajoutés.,MEDIUM,quatre,quatre,nnan,nnan,DRAFT,true,,,NON_TESTE,
PROVISIONAL_FRM_NUMBER_005,,Baoulé,bci,Baoulé central; variété locale de marché à confirmer,NUMBER_0_100,Lecture isolée d’un nombre pour une quantité ou un montant; l’unité et le contexte doivent être ajoutés.,MEDIUM,cinq,cinq,nnun,nnun,DRAFT,true,,,NON_TESTE,
PROVISIONAL_FRM_NUMBER_006,,Baoulé,bci,Baoulé central; variété locale de marché à confirmer,NUMBER_0_100,Lecture isolée d’un nombre pour une quantité ou un montant; l’unité et le contexte doivent être ajoutés.,MEDIUM,six,six,nsiɛn,nsiɛn,DRAFT,true,,,NON_TESTE,
PROVISIONAL_FRM_NUMBER_007,,Baoulé,bci,Baoulé central; variété locale de marché à confirmer,NUMBER_0_100,Lecture isolée d’un nombre pour une quantité ou un montant; l’unité et le contexte doivent être ajoutés.,MEDIUM,sept,sept,nso,nso,DRAFT,true,,,NON_TESTE,
PROVISIONAL_FRM_NUMBER_008,,Baoulé,bci,Baoulé central; variété locale de marché à confirmer,NUMBER_0_100,Lecture isolée d’un nombre pour une quantité ou un montant; l’unité et le contexte doivent être ajoutés.,MEDIUM,huit,huit,mɔcuɛ,mɔcuɛ,DRAFT,true,,,NON_TESTE,
PROVISIONAL_FRM_NUMBER_009,,Baoulé,bci,Baoulé central; variété locale de marché à confirmer,NUMBER_0_100,Lecture isolée d’un nombre pour une quantité ou un montant; l’unité et le contexte doivent être ajoutés.,MEDIUM,neuf,neuf,ngwlan,ngwlan,DRAFT,true,,,NON_TESTE,
PROVISIONAL_FRM_NUMBER_010,,Baoulé,bci,Baoulé central; variété locale de marché à confirmer,NUMBER_0_100,Lecture isolée d’un nombre pour une quantité ou un montant; l’unité et le contexte doivent être ajoutés.,MEDIUM,dix,dix,blu,blu,DRAFT,true,,,NON_TESTE,
PROVISIONAL_FRM_NUMBER_011,,Baoulé,bci,Baoulé central; variété locale de marché à confirmer,NUMBER_0_100,Lecture isolée d’un nombre pour une quantité ou un montant; l’unité et le contexte doivent être ajoutés.,MEDIUM,onze,onze,blu nin kun,blu nin kun | blu nin kɔn,DRAFT,true,,,NON_TESTE,
PROVISIONAL_FRM_NUMBER_012,,Baoulé,bci,Baoulé central; variété locale de marché à confirmer,NUMBER_0_100,Lecture isolée d’un nombre pour une quantité ou un montant; l’unité et le contexte doivent être ajoutés.,MEDIUM,douze,douze,blu nin nnyɔn,blu nin nnyɔn,DRAFT,true,,,NON_TESTE,
PROVISIONAL_FRM_NUMBER_013,,Baoulé,bci,Baoulé central; variété locale de marché à confirmer,NUMBER_0_100,Lecture isolée d’un nombre pour une quantité ou un montant; l’unité et le contexte doivent être ajoutés.,MEDIUM,treize,treize,blu nin nsan,blu nin nsan,DRAFT,true,,,NON_TESTE,
PROVISIONAL_FRM_NUMBER_014,,Baoulé,bci,Baoulé central; variété locale de marché à confirmer,NUMBER_0_100,Lecture isolée d’un nombre pour une quantité ou un montant; l’unité et le contexte doivent être ajoutés.,MEDIUM,quatorze,quatorze,blu nin nnan,blu nin nnan,DRAFT,true,,,NON_TESTE,
PROVISIONAL_FRM_NUMBER_015,,Baoulé,bci,Baoulé central; variété locale de marché à confirmer,NUMBER_0_100,Lecture isolée d’un nombre pour une quantité ou un montant; l’unité et le contexte doivent être ajoutés.,MEDIUM,quinze,quinze,blu nin nnun,blu nin nnun,DRAFT,true,,,NON_TESTE,
PROVISIONAL_FRM_NUMBER_016,,Baoulé,bci,Baoulé central; variété locale de marché à confirmer,NUMBER_0_100,Lecture isolée d’un nombre pour une quantité ou un montant; l’unité et le contexte doivent être ajoutés.,MEDIUM,seize,seize,blu nin nsiɛn,blu nin nsiɛn,DRAFT,true,,,NON_TESTE,
PROVISIONAL_FRM_NUMBER_017,,Baoulé,bci,Baoulé central; variété locale de marché à confirmer,NUMBER_0_100,Lecture isolée d’un nombre pour une quantité ou un montant; l’unité et le contexte doivent être ajoutés.,MEDIUM,dix-sept,dix-sept,blu nin nso,blu nin nso,DRAFT,true,,,NON_TESTE,
PROVISIONAL_FRM_NUMBER_018,,Baoulé,bci,Baoulé central; variété locale de marché à confirmer,NUMBER_0_100,Lecture isolée d’un nombre pour une quantité ou un montant; l’unité et le contexte doivent être ajoutés.,MEDIUM,dix-huit,dix-huit,blu nin mɔcuɛ,blu nin mɔcuɛ,DRAFT,true,,,NON_TESTE,
PROVISIONAL_FRM_NUMBER_019,,Baoulé,bci,Baoulé central; variété locale de marché à confirmer,NUMBER_0_100,Lecture isolée d’un nombre pour une quantité ou un montant; l’unité et le contexte doivent être ajoutés.,MEDIUM,dix-neuf,dix-neuf,blu nin ngwlan,blu nin ngwlan,DRAFT,true,,,NON_TESTE,
PROVISIONAL_FRM_NUMBER_020,,Baoulé,bci,Baoulé central; variété locale de marché à confirmer,NUMBER_0_100,Lecture isolée d’un nombre pour une quantité ou un montant; l’unité et le contexte doivent être ajoutés.,MEDIUM,vingt,vingt,ablaɔn,ablaɔn | ablaɔon,DRAFT,true,,,NON_TESTE,
PROVISIONAL_FRM_NUMBER_021,,Baoulé,bci,Baoulé central; variété locale de marché à confirmer,NUMBER_0_100,Lecture isolée d’un nombre pour une quantité ou un montant; l’unité et le contexte doivent être ajoutés.,MEDIUM,vingt et un,vingt et un,ablaɔn nin kun,ablaɔn nin kun | ablaɔon nin kun,DRAFT,true,,,NON_TESTE,
PROVISIONAL_FRM_NUMBER_022,,Baoulé,bci,Baoulé central; variété locale de marché à confirmer,NUMBER_0_100,Lecture isolée d’un nombre pour une quantité ou un montant; l’unité et le contexte doivent être ajoutés.,MEDIUM,vingt-deux,vingt-deux,ablaɔn nin nnyɔn,ablaɔn nin nnyɔn,DRAFT,true,,,NON_TESTE,
PROVISIONAL_FRM_NUMBER_023,,Baoulé,bci,Baoulé central; variété locale de marché à confirmer,NUMBER_0_100,Lecture isolée d’un nombre pour une quantité ou un montant; l’unité et le contexte doivent être ajoutés.,MEDIUM,vingt-trois,vingt-trois,ablaɔn nin nsan,ablaɔn nin nsan,DRAFT,true,,,NON_TESTE,
PROVISIONAL_FRM_NUMBER_024,,Baoulé,bci,Baoulé central; variété locale de marché à confirmer,NUMBER_0_100,Lecture isolée d’un nombre pour une quantité ou un montant; l’unité et le contexte doivent être ajoutés.,MEDIUM,vingt-quatre,vingt-quatre,ablaɔn nin nnan,ablaɔn nin nnan,DRAFT,true,,,NON_TESTE,
PROVISIONAL_FRM_NUMBER_025,,Baoulé,bci,Baoulé central; variété locale de marché à confirmer,NUMBER_0_100,Lecture isolée d’un nombre pour une quantité ou un montant; l’unité et le contexte doivent être ajoutés.,MEDIUM,vingt-cinq,vingt-cinq,ablaɔn nin nnun,ablaɔn nin nnun,DRAFT,true,,,NON_TESTE,
PROVISIONAL_FRM_NUMBER_026,,Baoulé,bci,Baoulé central; variété locale de marché à confirmer,NUMBER_0_100,Lecture isolée d’un nombre pour une quantité ou un montant; l’unité et le contexte doivent être ajoutés.,MEDIUM,vingt-six,vingt-six,ablaɔn nin nsiɛn,ablaɔn nin nsiɛn,DRAFT,true,,,NON_TESTE,
PROVISIONAL_FRM_NUMBER_027,,Baoulé,bci,Baoulé central; variété locale de marché à confirmer,NUMBER_0_100,Lecture isolée d’un nombre pour une quantité ou un montant; l’unité et le contexte doivent être ajoutés.,MEDIUM,vingt-sept,vingt-sept,ablaɔn nin nso,ablaɔn nin nso,DRAFT,true,,,NON_TESTE,
PROVISIONAL_FRM_NUMBER_028,,Baoulé,bci,Baoulé central; variété locale de marché à confirmer,NUMBER_0_100,Lecture isolée d’un nombre pour une quantité ou un montant; l’unité et le contexte doivent être ajoutés.,MEDIUM,vingt-huit,vingt-huit,ablaɔn nin mɔcuɛ,ablaɔn nin mɔcuɛ,DRAFT,true,,,NON_TESTE,
PROVISIONAL_FRM_NUMBER_029,,Baoulé,bci,Baoulé central; variété locale de marché à confirmer,NUMBER_0_100,Lecture isolée d’un nombre pour une quantité ou un montant; l’unité et le contexte doivent être ajoutés.,MEDIUM,vingt-neuf,vingt-neuf,ablaɔn nin ngwlan,ablaɔn nin ngwlan,DRAFT,true,,,NON_TESTE,
PROVISIONAL_FRM_NUMBER_030,,Baoulé,bci,Baoulé central; variété locale de marché à confirmer,NUMBER_0_100,Lecture isolée d’un nombre pour une quantité ou un montant; l’unité et le contexte doivent être ajoutés.,MEDIUM,trente,trente,ablansan,ablansan | ablasan,DRAFT,true,,,NON_TESTE,
PROVISIONAL_FRM_NUMBER_031,,Baoulé,bci,Baoulé central; variété locale de marché à confirmer,NUMBER_0_100,Lecture isolée d’un nombre pour une quantité ou un montant; l’unité et le contexte doivent être ajoutés.,MEDIUM,trente et un,trente et un,ablansan nin kun,ablansan nin kun,DRAFT,true,,,NON_TESTE,
PROVISIONAL_FRM_NUMBER_032,,Baoulé,bci,Baoulé central; variété locale de marché à confirmer,NUMBER_0_100,Lecture isolée d’un nombre pour une quantité ou un montant; l’unité et le contexte doivent être ajoutés.,MEDIUM,trente-deux,trente-deux,ablansan nin nnyɔn,ablansan nin nnyɔn,DRAFT,true,,,NON_TESTE,
PROVISIONAL_FRM_NUMBER_033,,Baoulé,bci,Baoulé central; variété locale de marché à confirmer,NUMBER_0_100,Lecture isolée d’un nombre pour une quantité ou un montant; l’unité et le contexte doivent être ajoutés.,MEDIUM,trente-trois,trente-trois,ablansan nin nsan,ablansan nin nsan,DRAFT,true,,,NON_TESTE,
PROVISIONAL_FRM_NUMBER_034,,Baoulé,bci,Baoulé central; variété locale de marché à confirmer,NUMBER_0_100,Lecture isolée d’un nombre pour une quantité ou un montant; l’unité et le contexte doivent être ajoutés.,MEDIUM,trente-quatre,trente-quatre,ablansan nin nnan,ablansan nin nnan,DRAFT,true,,,NON_TESTE,
PROVISIONAL_FRM_NUMBER_035,,Baoulé,bci,Baoulé central; variété locale de marché à confirmer,NUMBER_0_100,Lecture isolée d’un nombre pour une quantité ou un montant; l’unité et le contexte doivent être ajoutés.,MEDIUM,trente-cinq,trente-cinq,ablansan nin nnun,ablansan nin nnun,DRAFT,true,,,NON_TESTE,
PROVISIONAL_FRM_NUMBER_036,,Baoulé,bci,Baoulé central; variété locale de marché à confirmer,NUMBER_0_100,Lecture isolée d’un nombre pour une quantité ou un montant; l’unité et le contexte doivent être ajoutés.,MEDIUM,trente-six,trente-six,ablansan nin nsiɛn,ablansan nin nsiɛn,DRAFT,true,,,NON_TESTE,
PROVISIONAL_FRM_NUMBER_037,,Baoulé,bci,Baoulé central; variété locale de marché à confirmer,NUMBER_0_100,Lecture isolée d’un nombre pour une quantité ou un montant; l’unité et le contexte doivent être ajoutés.,MEDIUM,trente-sept,trente-sept,ablansan nin nso,ablansan nin nso,DRAFT,true,,,NON_TESTE,
PROVISIONAL_FRM_NUMBER_038,,Baoulé,bci,Baoulé central; variété locale de marché à confirmer,NUMBER_0_100,Lecture isolée d’un nombre pour une quantité ou un montant; l’unité et le contexte doivent être ajoutés.,MEDIUM,trente-huit,trente-huit,ablansan nin mɔcuɛ,ablansan nin mɔcuɛ,DRAFT,true,,,NON_TESTE,
PROVISIONAL_FRM_NUMBER_039,,Baoulé,bci,Baoulé central; variété locale de marché à confirmer,NUMBER_0_100,Lecture isolée d’un nombre pour une quantité ou un montant; l’unité et le contexte doivent être ajoutés.,MEDIUM,trente-neuf,trente-neuf,ablansan nin ngwlan,ablansan nin ngwlan,DRAFT,true,,,NON_TESTE,
PROVISIONAL_FRM_NUMBER_040,,Baoulé,bci,Baoulé central; variété locale de marché à confirmer,NUMBER_0_100,Lecture isolée d’un nombre pour une quantité ou un montant; l’unité et le contexte doivent être ajoutés.,MEDIUM,quarante,quarante,ablanan,ablanan,DRAFT,true,,,NON_TESTE,
PROVISIONAL_FRM_NUMBER_041,,Baoulé,bci,Baoulé central; variété locale de marché à confirmer,NUMBER_0_100,Lecture isolée d’un nombre pour une quantité ou un montant; l’unité et le contexte doivent être ajoutés.,MEDIUM,quarante et un,quarante et un,ablanan nin kun,ablanan nin kun,DRAFT,true,,,NON_TESTE,
PROVISIONAL_FRM_NUMBER_042,,Baoulé,bci,Baoulé central; variété locale de marché à confirmer,NUMBER_0_100,Lecture isolée d’un nombre pour une quantité ou un montant; l’unité et le contexte doivent être ajoutés.,MEDIUM,quarante-deux,quarante-deux,ablanan nin nnyɔn,ablanan nin nnyɔn,DRAFT,true,,,NON_TESTE,
PROVISIONAL_FRM_NUMBER_043,,Baoulé,bci,Baoulé central; variété locale de marché à confirmer,NUMBER_0_100,Lecture isolée d’un nombre pour une quantité ou un montant; l’unité et le contexte doivent être ajoutés.,MEDIUM,quarante-trois,quarante-trois,ablanan nin nsan,ablanan nin nsan,DRAFT,true,,,NON_TESTE,
PROVISIONAL_FRM_NUMBER_044,,Baoulé,bci,Baoulé central; variété locale de marché à confirmer,NUMBER_0_100,Lecture isolée d’un nombre pour une quantité ou un montant; l’unité et le contexte doivent être ajoutés.,MEDIUM,quarante-quatre,quarante-quatre,ablanan nin nnan,ablanan nin nnan,DRAFT,true,,,NON_TESTE,
PROVISIONAL_FRM_NUMBER_045,,Baoulé,bci,Baoulé central; variété locale de marché à confirmer,NUMBER_0_100,Lecture isolée d’un nombre pour une quantité ou un montant; l’unité et le contexte doivent être ajoutés.,MEDIUM,quarante-cinq,quarante-cinq,ablanan nin nnun,ablanan nin nnun,DRAFT,true,,,NON_TESTE,
PROVISIONAL_FRM_NUMBER_046,,Baoulé,bci,Baoulé central; variété locale de marché à confirmer,NUMBER_0_100,Lecture isolée d’un nombre pour une quantité ou un montant; l’unité et le contexte doivent être ajoutés.,MEDIUM,quarante-six,quarante-six,ablanan nin nsiɛn,ablanan nin nsiɛn,DRAFT,true,,,NON_TESTE,
PROVISIONAL_FRM_NUMBER_047,,Baoulé,bci,Baoulé central; variété locale de marché à confirmer,NUMBER_0_100,Lecture isolée d’un nombre pour une quantité ou un montant; l’unité et le contexte doivent être ajoutés.,MEDIUM,quarante-sept,quarante-sept,ablanan nin nso,ablanan nin nso,DRAFT,true,,,NON_TESTE,
PROVISIONAL_FRM_NUMBER_048,,Baoulé,bci,Baoulé central; variété locale de marché à confirmer,NUMBER_0_100,Lecture isolée d’un nombre pour une quantité ou un montant; l’unité et le contexte doivent être ajoutés.,MEDIUM,quarante-huit,quarante-huit,ablanan nin mɔcuɛ,ablanan nin mɔcuɛ,DRAFT,true,,,NON_TESTE,
PROVISIONAL_FRM_NUMBER_049,,Baoulé,bci,Baoulé central; variété locale de marché à confirmer,NUMBER_0_100,Lecture isolée d’un nombre pour une quantité ou un montant; l’unité et le contexte doivent être ajoutés.,MEDIUM,quarante-neuf,quarante-neuf,ablanan nin ngwlan,ablanan nin ngwlan,DRAFT,true,,,NON_TESTE,
PROVISIONAL_FRM_NUMBER_050,,Baoulé,bci,Baoulé central; variété locale de marché à confirmer,NUMBER_0_100,Lecture isolée d’un nombre pour une quantité ou un montant; l’unité et le contexte doivent être ajoutés.,MEDIUM,cinquante,cinquante,abluenun,abluenun | ablenunn | abluenunn,DRAFT,true,,,NON_TESTE,
PROVISIONAL_FRM_NUMBER_051,,Baoulé,bci,Baoulé central; variété locale de marché à confirmer,NUMBER_0_100,Lecture isolée d’un nombre pour une quantité ou un montant; l’unité et le contexte doivent être ajoutés.,MEDIUM,cinquante et un,cinquante et un,abluenun nin kun,abluenun nin kun,DRAFT,true,,,NON_TESTE,
PROVISIONAL_FRM_NUMBER_052,,Baoulé,bci,Baoulé central; variété locale de marché à confirmer,NUMBER_0_100,Lecture isolée d’un nombre pour une quantité ou un montant; l’unité et le contexte doivent être ajoutés.,MEDIUM,cinquante-deux,cinquante-deux,abluenun nin nnyɔn,abluenun nin nnyɔn,DRAFT,true,,,NON_TESTE,
PROVISIONAL_FRM_NUMBER_053,,Baoulé,bci,Baoulé central; variété locale de marché à confirmer,NUMBER_0_100,Lecture isolée d’un nombre pour une quantité ou un montant; l’unité et le contexte doivent être ajoutés.,MEDIUM,cinquante-trois,cinquante-trois,abluenun nin nsan,abluenun nin nsan,DRAFT,true,,,NON_TESTE,
PROVISIONAL_FRM_NUMBER_054,,Baoulé,bci,Baoulé central; variété locale de marché à confirmer,NUMBER_0_100,Lecture isolée d’un nombre pour une quantité ou un montant; l’unité et le contexte doivent être ajoutés.,MEDIUM,cinquante-quatre,cinquante-quatre,abluenun nin nnan,abluenun nin nnan,DRAFT,true,,,NON_TESTE,
PROVISIONAL_FRM_NUMBER_055,,Baoulé,bci,Baoulé central; variété locale de marché à confirmer,NUMBER_0_100,Lecture isolée d’un nombre pour une quantité ou un montant; l’unité et le contexte doivent être ajoutés.,MEDIUM,cinquante-cinq,cinquante-cinq,abluenun nin nnun,abluenun nin nnun,DRAFT,true,,,NON_TESTE,
PROVISIONAL_FRM_NUMBER_056,,Baoulé,bci,Baoulé central; variété locale de marché à confirmer,NUMBER_0_100,Lecture isolée d’un nombre pour une quantité ou un montant; l’unité et le contexte doivent être ajoutés.,MEDIUM,cinquante-six,cinquante-six,abluenun nin nsiɛn,abluenun nin nsiɛn,DRAFT,true,,,NON_TESTE,
PROVISIONAL_FRM_NUMBER_057,,Baoulé,bci,Baoulé central; variété locale de marché à confirmer,NUMBER_0_100,Lecture isolée d’un nombre pour une quantité ou un montant; l’unité et le contexte doivent être ajoutés.,MEDIUM,cinquante-sept,cinquante-sept,abluenun nin nso,abluenun nin nso,DRAFT,true,,,NON_TESTE,
PROVISIONAL_FRM_NUMBER_058,,Baoulé,bci,Baoulé central; variété locale de marché à confirmer,NUMBER_0_100,Lecture isolée d’un nombre pour une quantité ou un montant; l’unité et le contexte doivent être ajoutés.,MEDIUM,cinquante-huit,cinquante-huit,abluenun nin mɔcuɛ,abluenun nin mɔcuɛ,DRAFT,true,,,NON_TESTE,
PROVISIONAL_FRM_NUMBER_059,,Baoulé,bci,Baoulé central; variété locale de marché à confirmer,NUMBER_0_100,Lecture isolée d’un nombre pour une quantité ou un montant; l’unité et le contexte doivent être ajoutés.,MEDIUM,cinquante-neuf,cinquante-neuf,abluenun nin ngwlan,abluenun nin ngwlan,DRAFT,true,,,NON_TESTE,
PROVISIONAL_FRM_NUMBER_060,,Baoulé,bci,Baoulé central; variété locale de marché à confirmer,NUMBER_0_100,Lecture isolée d’un nombre pour une quantité ou un montant; l’unité et le contexte doivent être ajoutés.,MEDIUM,soixante,soixante,abluesiɛn,abluesiɛn | ablesiɛn,DRAFT,true,,,NON_TESTE,
PROVISIONAL_FRM_NUMBER_061,,Baoulé,bci,Baoulé central; variété locale de marché à confirmer,NUMBER_0_100,Lecture isolée d’un nombre pour une quantité ou un montant; l’unité et le contexte doivent être ajoutés.,MEDIUM,soixante et un,soixante et un,abluesiɛn nin kun,abluesiɛn nin kun,DRAFT,true,,,NON_TESTE,
PROVISIONAL_FRM_NUMBER_062,,Baoulé,bci,Baoulé central; variété locale de marché à confirmer,NUMBER_0_100,Lecture isolée d’un nombre pour une quantité ou un montant; l’unité et le contexte doivent être ajoutés.,MEDIUM,soixante-deux,soixante-deux,abluesiɛn nin nnyɔn,abluesiɛn nin nnyɔn,DRAFT,true,,,NON_TESTE,
PROVISIONAL_FRM_NUMBER_063,,Baoulé,bci,Baoulé central; variété locale de marché à confirmer,NUMBER_0_100,Lecture isolée d’un nombre pour une quantité ou un montant; l’unité et le contexte doivent être ajoutés.,MEDIUM,soixante-trois,soixante-trois,abluesiɛn nin nsan,abluesiɛn nin nsan,DRAFT,true,,,NON_TESTE,
PROVISIONAL_FRM_NUMBER_064,,Baoulé,bci,Baoulé central; variété locale de marché à confirmer,NUMBER_0_100,Lecture isolée d’un nombre pour une quantité ou un montant; l’unité et le contexte doivent être ajoutés.,MEDIUM,soixante-quatre,soixante-quatre,abluesiɛn nin nnan,abluesiɛn nin nnan,DRAFT,true,,,NON_TESTE,
PROVISIONAL_FRM_NUMBER_065,,Baoulé,bci,Baoulé central; variété locale de marché à confirmer,NUMBER_0_100,Lecture isolée d’un nombre pour une quantité ou un montant; l’unité et le contexte doivent être ajoutés.,MEDIUM,soixante-cinq,soixante-cinq,abluesiɛn nin nnun,abluesiɛn nin nnun,DRAFT,true,,,NON_TESTE,
PROVISIONAL_FRM_NUMBER_066,,Baoulé,bci,Baoulé central; variété locale de marché à confirmer,NUMBER_0_100,Lecture isolée d’un nombre pour une quantité ou un montant; l’unité et le contexte doivent être ajoutés.,MEDIUM,soixante-six,soixante-six,abluesiɛn nin nsiɛn,abluesiɛn nin nsiɛn,DRAFT,true,,,NON_TESTE,
PROVISIONAL_FRM_NUMBER_067,,Baoulé,bci,Baoulé central; variété locale de marché à confirmer,NUMBER_0_100,Lecture isolée d’un nombre pour une quantité ou un montant; l’unité et le contexte doivent être ajoutés.,MEDIUM,soixante-sept,soixante-sept,abluesiɛn nin nso,abluesiɛn nin nso,DRAFT,true,,,NON_TESTE,
PROVISIONAL_FRM_NUMBER_068,,Baoulé,bci,Baoulé central; variété locale de marché à confirmer,NUMBER_0_100,Lecture isolée d’un nombre pour une quantité ou un montant; l’unité et le contexte doivent être ajoutés.,MEDIUM,soixante-huit,soixante-huit,abluesiɛn nin mɔcuɛ,abluesiɛn nin mɔcuɛ,DRAFT,true,,,NON_TESTE,
PROVISIONAL_FRM_NUMBER_069,,Baoulé,bci,Baoulé central; variété locale de marché à confirmer,NUMBER_0_100,Lecture isolée d’un nombre pour une quantité ou un montant; l’unité et le contexte doivent être ajoutés.,MEDIUM,soixante-neuf,soixante-neuf,abluesiɛn nin ngwlan,abluesiɛn nin ngwlan,DRAFT,true,,,NON_TESTE,
PROVISIONAL_FRM_NUMBER_070,,Baoulé,bci,Baoulé central; variété locale de marché à confirmer,NUMBER_0_100,Lecture isolée d’un nombre pour une quantité ou un montant; l’unité et le contexte doivent être ajoutés.,MEDIUM,soixante-dix,soixante-dix,ablueso,ablueso | ableso,DRAFT,true,,,NON_TESTE,
PROVISIONAL_FRM_NUMBER_071,,Baoulé,bci,Baoulé central; variété locale de marché à confirmer,NUMBER_0_100,Lecture isolée d’un nombre pour une quantité ou un montant; l’unité et le contexte doivent être ajoutés.,MEDIUM,soixante et onze,soixante et onze,ablueso nin kun,ablueso nin kun,DRAFT,true,,,NON_TESTE,
PROVISIONAL_FRM_NUMBER_072,,Baoulé,bci,Baoulé central; variété locale de marché à confirmer,NUMBER_0_100,Lecture isolée d’un nombre pour une quantité ou un montant; l’unité et le contexte doivent être ajoutés.,MEDIUM,soixante-douze,soixante-douze,ablueso nin nnyɔn,ablueso nin nnyɔn,DRAFT,true,,,NON_TESTE,
PROVISIONAL_FRM_NUMBER_073,,Baoulé,bci,Baoulé central; variété locale de marché à confirmer,NUMBER_0_100,Lecture isolée d’un nombre pour une quantité ou un montant; l’unité et le contexte doivent être ajoutés.,MEDIUM,soixante-treize,soixante-treize,ablueso nin nsan,ablueso nin nsan,DRAFT,true,,,NON_TESTE,
PROVISIONAL_FRM_NUMBER_074,,Baoulé,bci,Baoulé central; variété locale de marché à confirmer,NUMBER_0_100,Lecture isolée d’un nombre pour une quantité ou un montant; l’unité et le contexte doivent être ajoutés.,MEDIUM,soixante-quatorze,soixante-quatorze,ablueso nin nnan,ablueso nin nnan,DRAFT,true,,,NON_TESTE,
PROVISIONAL_FRM_NUMBER_075,,Baoulé,bci,Baoulé central; variété locale de marché à confirmer,NUMBER_0_100,Lecture isolée d’un nombre pour une quantité ou un montant; l’unité et le contexte doivent être ajoutés.,MEDIUM,soixante-quinze,soixante-quinze,ablueso nin nnun,ablueso nin nnun,DRAFT,true,,,NON_TESTE,
PROVISIONAL_FRM_NUMBER_076,,Baoulé,bci,Baoulé central; variété locale de marché à confirmer,NUMBER_0_100,Lecture isolée d’un nombre pour une quantité ou un montant; l’unité et le contexte doivent être ajoutés.,MEDIUM,soixante-seize,soixante-seize,ablueso nin nsiɛn,ablueso nin nsiɛn,DRAFT,true,,,NON_TESTE,
PROVISIONAL_FRM_NUMBER_077,,Baoulé,bci,Baoulé central; variété locale de marché à confirmer,NUMBER_0_100,Lecture isolée d’un nombre pour une quantité ou un montant; l’unité et le contexte doivent être ajoutés.,MEDIUM,soixante-dix-sept,soixante-dix-sept,ablueso nin nso,ablueso nin nso,DRAFT,true,,,NON_TESTE,
PROVISIONAL_FRM_NUMBER_078,,Baoulé,bci,Baoulé central; variété locale de marché à confirmer,NUMBER_0_100,Lecture isolée d’un nombre pour une quantité ou un montant; l’unité et le contexte doivent être ajoutés.,MEDIUM,soixante-dix-huit,soixante-dix-huit,ablueso nin mɔcuɛ,ablueso nin mɔcuɛ,DRAFT,true,,,NON_TESTE,
PROVISIONAL_FRM_NUMBER_079,,Baoulé,bci,Baoulé central; variété locale de marché à confirmer,NUMBER_0_100,Lecture isolée d’un nombre pour une quantité ou un montant; l’unité et le contexte doivent être ajoutés.,MEDIUM,soixante-dix-neuf,soixante-dix-neuf,ablueso nin ngwlan,ablueso nin ngwlan,DRAFT,true,,,NON_TESTE,
PROVISIONAL_FRM_NUMBER_080,,Baoulé,bci,Baoulé central; variété locale de marché à confirmer,NUMBER_0_100,Lecture isolée d’un nombre pour une quantité ou un montant; l’unité et le contexte doivent être ajoutés.,MEDIUM,quatre-vingts,quatre-vingts,ablaɔcuɛ,ablaɔcuɛ | ablauncuɛ,DRAFT,true,,,NON_TESTE,
PROVISIONAL_FRM_NUMBER_081,,Baoulé,bci,Baoulé central; variété locale de marché à confirmer,NUMBER_0_100,Lecture isolée d’un nombre pour une quantité ou un montant; l’unité et le contexte doivent être ajoutés.,MEDIUM,quatre-vingt-un,quatre-vingt-un,ablaɔcuɛ nin kun,ablaɔcuɛ nin kun,DRAFT,true,,,NON_TESTE,
PROVISIONAL_FRM_NUMBER_082,,Baoulé,bci,Baoulé central; variété locale de marché à confirmer,NUMBER_0_100,Lecture isolée d’un nombre pour une quantité ou un montant; l’unité et le contexte doivent être ajoutés.,MEDIUM,quatre-vingt-deux,quatre-vingt-deux,ablaɔcuɛ nin nnyɔn,ablaɔcuɛ nin nnyɔn,DRAFT,true,,,NON_TESTE,
PROVISIONAL_FRM_NUMBER_083,,Baoulé,bci,Baoulé central; variété locale de marché à confirmer,NUMBER_0_100,Lecture isolée d’un nombre pour une quantité ou un montant; l’unité et le contexte doivent être ajoutés.,MEDIUM,quatre-vingt-trois,quatre-vingt-trois,ablaɔcuɛ nin nsan,ablaɔcuɛ nin nsan,DRAFT,true,,,NON_TESTE,
PROVISIONAL_FRM_NUMBER_084,,Baoulé,bci,Baoulé central; variété locale de marché à confirmer,NUMBER_0_100,Lecture isolée d’un nombre pour une quantité ou un montant; l’unité et le contexte doivent être ajoutés.,MEDIUM,quatre-vingt-quatre,quatre-vingt-quatre,ablaɔcuɛ nin nnan,ablaɔcuɛ nin nnan,DRAFT,true,,,NON_TESTE,
PROVISIONAL_FRM_NUMBER_085,,Baoulé,bci,Baoulé central; variété locale de marché à confirmer,NUMBER_0_100,Lecture isolée d’un nombre pour une quantité ou un montant; l’unité et le contexte doivent être ajoutés.,MEDIUM,quatre-vingt-cinq,quatre-vingt-cinq,ablaɔcuɛ nin nnun,ablaɔcuɛ nin nnun,DRAFT,true,,,NON_TESTE,
PROVISIONAL_FRM_NUMBER_086,,Baoulé,bci,Baoulé central; variété locale de marché à confirmer,NUMBER_0_100,Lecture isolée d’un nombre pour une quantité ou un montant; l’unité et le contexte doivent être ajoutés.,MEDIUM,quatre-vingt-six,quatre-vingt-six,ablaɔcuɛ nin nsiɛn,ablaɔcuɛ nin nsiɛn,DRAFT,true,,,NON_TESTE,
PROVISIONAL_FRM_NUMBER_087,,Baoulé,bci,Baoulé central; variété locale de marché à confirmer,NUMBER_0_100,Lecture isolée d’un nombre pour une quantité ou un montant; l’unité et le contexte doivent être ajoutés.,MEDIUM,quatre-vingt-sept,quatre-vingt-sept,ablaɔcuɛ nin nso,ablaɔcuɛ nin nso,DRAFT,true,,,NON_TESTE,
PROVISIONAL_FRM_NUMBER_088,,Baoulé,bci,Baoulé central; variété locale de marché à confirmer,NUMBER_0_100,Lecture isolée d’un nombre pour une quantité ou un montant; l’unité et le contexte doivent être ajoutés.,MEDIUM,quatre-vingt-huit,quatre-vingt-huit,ablaɔcuɛ nin mɔcuɛ,ablaɔcuɛ nin mɔcuɛ,DRAFT,true,,,NON_TESTE,
PROVISIONAL_FRM_NUMBER_089,,Baoulé,bci,Baoulé central; variété locale de marché à confirmer,NUMBER_0_100,Lecture isolée d’un nombre pour une quantité ou un montant; l’unité et le contexte doivent être ajoutés.,MEDIUM,quatre-vingt-neuf,quatre-vingt-neuf,ablaɔcuɛ nin ngwlan,ablaɔcuɛ nin ngwlan,DRAFT,true,,,NON_TESTE,
PROVISIONAL_FRM_NUMBER_090,,Baoulé,bci,Baoulé central; variété locale de marché à confirmer,NUMBER_0_100,Lecture isolée d’un nombre pour une quantité ou un montant; l’unité et le contexte doivent être ajoutés.,MEDIUM,quatre-vingt-dix,quatre-vingt-dix,ablangwlan,ablangwlan,DRAFT,true,,,NON_TESTE,
PROVISIONAL_FRM_NUMBER_091,,Baoulé,bci,Baoulé central; variété locale de marché à confirmer,NUMBER_0_100,Lecture isolée d’un nombre pour une quantité ou un montant; l’unité et le contexte doivent être ajoutés.,MEDIUM,quatre-vingt-onze,quatre-vingt-onze,ablangwlan nin kun,ablangwlan nin kun,DRAFT,true,,,NON_TESTE,
PROVISIONAL_FRM_NUMBER_092,,Baoulé,bci,Baoulé central; variété locale de marché à confirmer,NUMBER_0_100,Lecture isolée d’un nombre pour une quantité ou un montant; l’unité et le contexte doivent être ajoutés.,MEDIUM,quatre-vingt-douze,quatre-vingt-douze,ablangwlan nin nnyɔn,ablangwlan nin nnyɔn,DRAFT,true,,,NON_TESTE,
PROVISIONAL_FRM_NUMBER_093,,Baoulé,bci,Baoulé central; variété locale de marché à confirmer,NUMBER_0_100,Lecture isolée d’un nombre pour une quantité ou un montant; l’unité et le contexte doivent être ajoutés.,MEDIUM,quatre-vingt-treize,quatre-vingt-treize,ablangwlan nin nsan,ablangwlan nin nsan,DRAFT,true,,,NON_TESTE,
PROVISIONAL_FRM_NUMBER_094,,Baoulé,bci,Baoulé central; variété locale de marché à confirmer,NUMBER_0_100,Lecture isolée d’un nombre pour une quantité ou un montant; l’unité et le contexte doivent être ajoutés.,MEDIUM,quatre-vingt-quatorze,quatre-vingt-quatorze,ablangwlan nin nnan,ablangwlan nin nnan,DRAFT,true,,,NON_TESTE,
PROVISIONAL_FRM_NUMBER_095,,Baoulé,bci,Baoulé central; variété locale de marché à confirmer,NUMBER_0_100,Lecture isolée d’un nombre pour une quantité ou un montant; l’unité et le contexte doivent être ajoutés.,MEDIUM,quatre-vingt-quinze,quatre-vingt-quinze,ablangwlan nin nnun,ablangwlan nin nnun,DRAFT,true,,,NON_TESTE,
PROVISIONAL_FRM_NUMBER_096,,Baoulé,bci,Baoulé central; variété locale de marché à confirmer,NUMBER_0_100,Lecture isolée d’un nombre pour une quantité ou un montant; l’unité et le contexte doivent être ajoutés.,MEDIUM,quatre-vingt-seize,quatre-vingt-seize,ablangwlan nin nsiɛn,ablangwlan nin nsiɛn,DRAFT,true,,,NON_TESTE,
PROVISIONAL_FRM_NUMBER_097,,Baoulé,bci,Baoulé central; variété locale de marché à confirmer,NUMBER_0_100,Lecture isolée d’un nombre pour une quantité ou un montant; l’unité et le contexte doivent être ajoutés.,MEDIUM,quatre-vingt-dix-sept,quatre-vingt-dix-sept,ablangwlan nin nso,ablangwlan nin nso,DRAFT,true,,,NON_TESTE,
PROVISIONAL_FRM_NUMBER_098,,Baoulé,bci,Baoulé central; variété locale de marché à confirmer,NUMBER_0_100,Lecture isolée d’un nombre pour une quantité ou un montant; l’unité et le contexte doivent être ajoutés.,MEDIUM,quatre-vingt-dix-huit,quatre-vingt-dix-huit,ablangwlan nin mɔcuɛ,ablangwlan nin mɔcuɛ,DRAFT,true,,,NON_TESTE,
PROVISIONAL_FRM_NUMBER_099,,Baoulé,bci,Baoulé central; variété locale de marché à confirmer,NUMBER_0_100,Lecture isolée d’un nombre pour une quantité ou un montant; l’unité et le contexte doivent être ajoutés.,MEDIUM,quatre-vingt-dix-neuf,quatre-vingt-dix-neuf,ablangwlan nin ngwlan,ablangwlan nin ngwlan,DRAFT,true,,,NON_TESTE,
PROVISIONAL_FRM_NUMBER_100,,Baoulé,bci,Baoulé central; variété locale de marché à confirmer,NUMBER_0_100,Lecture isolée d’un nombre pour une quantité ou un montant; l’unité et le contexte doivent être ajoutés.,MEDIUM,cent,cent,ya,ya | ya kun,DRAFT,true,,,NON_TESTE,
PROVISIONAL_FRM_NUMBER_HUNDRED_200,,Baoulé,bci,Baoulé central; variété locale de marché à confirmer,NUMBER_HUNDREDS,Lecture isolée d’une centaine ou de mille; l’unité et le contexte doivent être ajoutés.,MEDIUM,deux cents,deux cents,ya nnyɔn,ya nnyɔn,DRAFT,true,,,NON_TESTE,
PROVISIONAL_FRM_NUMBER_HUNDRED_300,,Baoulé,bci,Baoulé central; variété locale de marché à confirmer,NUMBER_HUNDREDS,Lecture isolée d’une centaine ou de mille; l’unité et le contexte doivent être ajoutés.,MEDIUM,trois cents,trois cents,ya nsan,ya nsan,DRAFT,true,,,NON_TESTE,
PROVISIONAL_FRM_NUMBER_HUNDRED_400,,Baoulé,bci,Baoulé central; variété locale de marché à confirmer,NUMBER_HUNDREDS,Lecture isolée d’une centaine ou de mille; l’unité et le contexte doivent être ajoutés.,MEDIUM,quatre cents,quatre cents,ya nnan,ya nnan,DRAFT,true,,,NON_TESTE,
PROVISIONAL_FRM_NUMBER_HUNDRED_500,,Baoulé,bci,Baoulé central; variété locale de marché à confirmer,NUMBER_HUNDREDS,Lecture isolée d’une centaine ou de mille; l’unité et le contexte doivent être ajoutés.,MEDIUM,cinq cents,cinq cents,ya nnun,ya nnun,DRAFT,true,,,NON_TESTE,
PROVISIONAL_FRM_NUMBER_HUNDRED_600,,Baoulé,bci,Baoulé central; variété locale de marché à confirmer,NUMBER_HUNDREDS,Lecture isolée d’une centaine ou de mille; l’unité et le contexte doivent être ajoutés.,MEDIUM,six cents,six cents,ya nsiɛn,ya nsiɛn,DRAFT,true,,,NON_TESTE,
PROVISIONAL_FRM_NUMBER_HUNDRED_700,,Baoulé,bci,Baoulé central; variété locale de marché à confirmer,NUMBER_HUNDREDS,Lecture isolée d’une centaine ou de mille; l’unité et le contexte doivent être ajoutés.,MEDIUM,sept cents,sept cents,ya nso,ya nso,DRAFT,true,,,NON_TESTE,
PROVISIONAL_FRM_NUMBER_HUNDRED_800,,Baoulé,bci,Baoulé central; variété locale de marché à confirmer,NUMBER_HUNDREDS,Lecture isolée d’une centaine ou de mille; l’unité et le contexte doivent être ajoutés.,MEDIUM,huit cents,huit cents,ya mɔcuɛ,ya mɔcuɛ,DRAFT,true,,,NON_TESTE,
PROVISIONAL_FRM_NUMBER_HUNDRED_900,,Baoulé,bci,Baoulé central; variété locale de marché à confirmer,NUMBER_HUNDREDS,Lecture isolée d’une centaine ou de mille; l’unité et le contexte doivent être ajoutés.,MEDIUM,neuf cents,neuf cents,ya ngwlan,ya ngwlan,DRAFT,true,,,NON_TESTE,
PROVISIONAL_FRM_NUMBER_THOUSAND_1000,,Baoulé,bci,Baoulé central; variété locale de marché à confirmer,NUMBER_THOUSAND,Lecture isolée d’une centaine ou de mille; l’unité et le contexte doivent être ajoutés.,MEDIUM,mille,mille,akpi,akpi,DRAFT,true,,,NON_TESTE,
PROVISIONAL_FRM_UNIT_01_UNITE,,Baoulé,bci,Baoulé central; variété locale de marché à confirmer,UNIT,Unité de vente orale.,LOW,unité,à l’unité,,,DRAFT,true,,,NON_TESTE,
PROVISIONAL_FRM_UNIT_02_TAS,,Baoulé,bci,Baoulé central; variété locale de marché à confirmer,UNIT,Unité de vente orale.,LOW,tas,tas,,,DRAFT,true,,,NON_TESTE,
PROVISIONAL_FRM_UNIT_03_SAC,,Baoulé,bci,Baoulé central; variété locale de marché à confirmer,UNIT,Unité de vente orale.,LOW,sac,sac,,,DRAFT,true,,,NON_TESTE,
PROVISIONAL_FRM_UNIT_04_KILO,,Baoulé,bci,Baoulé central; variété locale de marché à confirmer,UNIT,Unité de vente orale.,LOW,kilo,kilo,,,DRAFT,true,,,NON_TESTE,
PROVISIONAL_FRM_UNIT_05_BOTTE,,Baoulé,bci,Baoulé central; variété locale de marché à confirmer,UNIT,Unité de vente orale.,LOW,botte,botte,,,DRAFT,true,,,NON_TESTE,
PROVISIONAL_FRM_UNIT_06_BIDON,,Baoulé,bci,Baoulé central; variété locale de marché à confirmer,UNIT,Unité de vente orale.,LOW,bidon,bidon,,,DRAFT,true,,,NON_TESTE,
PROVISIONAL_FRM_UNIT_07_SACHET,,Baoulé,bci,Baoulé central; variété locale de marché à confirmer,UNIT,Unité de vente orale.,LOW,sachet,sachet,,,DRAFT,true,,,NON_TESTE,
PROVISIONAL_FRM_UNIT_08_PAQUET,,Baoulé,bci,Baoulé central; variété locale de marché à confirmer,UNIT,Unité de vente orale.,LOW,paquet,paquet,,,DRAFT,true,,,NON_TESTE,
PROVISIONAL_FRM_UNIT_09_MORCEAU,,Baoulé,bci,Baoulé central; variété locale de marché à confirmer,UNIT,Unité de vente orale.,LOW,morceau,morceau,,,DRAFT,true,,,NON_TESTE,
PROVISIONAL_FRM_UNIT_10_LITRE,,Baoulé,bci,Baoulé central; variété locale de marché à confirmer,UNIT,Unité de vente orale.,LOW,litre,litre,,,DRAFT,true,,,NON_TESTE,
PROVISIONAL_FRM_UNIT_11_REGIME,,Baoulé,bci,Baoulé central; variété locale de marché à confirmer,UNIT,Unité de vente orale.,LOW,régime,régime,,,DRAFT,true,,,NON_TESTE,
PROVISIONAL_FRM_UNIT_12_CARTON,,Baoulé,bci,Baoulé central; variété locale de marché à confirmer,UNIT,Unité de vente orale.,LOW,carton,carton,,,DRAFT,true,,,NON_TESTE,
PROVISIONAL_FRM_UNIT_13_CAISSE,,Baoulé,bci,Baoulé central; variété locale de marché à confirmer,UNIT,Unité de vente orale.,LOW,caisse,caisse,,,DRAFT,true,,,NON_TESTE,
PROVISIONAL_FRM_UNIT_14_BOUTEILLE,,Baoulé,bci,Baoulé central; variété locale de marché à confirmer,UNIT,Unité de vente orale.,LOW,bouteille,bouteille,,,DRAFT,true,,,NON_TESTE,
PROVISIONAL_FRM_UNIT_15_PANIER,,Baoulé,bci,Baoulé central; variété locale de marché à confirmer,UNIT,Unité de vente orale.,LOW,panier,panier,,,DRAFT,true,,,NON_TESTE,
PROVISIONAL_FRM_UNIT_16_FRANC,,Baoulé,bci,Baoulé central; variété locale de marché à confirmer,UNIT,Dénomination monétaire orale; à associer à un nombre et au contexte.,HIGH,franc,franc,,,DRAFT,true,,,NON_TESTE,
PROVISIONAL_FRM_UNIT_17_FCFA,,Baoulé,bci,Baoulé central; variété locale de marché à confirmer,UNIT,Dénomination monétaire orale; à associer à un nombre et au contexte.,HIGH,FCFA,franc CFA,,,DRAFT,true,,,NON_TESTE,
PROVISIONAL_FRM_PRODUCT_01_TOMATE,,Baoulé,bci,Baoulé central; variété locale de marché à confirmer,PRODUCT,Nom de produit à annoncer ou saisir dans une vente; aucun identifiant produit métier n’est créé.,LOW,tomate,tomate,,,DRAFT,true,,,NON_TESTE,
PROVISIONAL_FRM_PRODUCT_02_PIMENT,,Baoulé,bci,Baoulé central; variété locale de marché à confirmer,PRODUCT,Nom de produit à annoncer ou saisir dans une vente; aucun identifiant produit métier n’est créé.,LOW,piment,piment,,,DRAFT,true,,,NON_TESTE,
PROVISIONAL_FRM_PRODUCT_03_GOMBO,,Baoulé,bci,Baoulé central; variété locale de marché à confirmer,PRODUCT,Nom de produit à annoncer ou saisir dans une vente; aucun identifiant produit métier n’est créé.,LOW,gombo,gombo,,,DRAFT,true,,,NON_TESTE,
PROVISIONAL_FRM_PRODUCT_04_ATTIEKE,,Baoulé,bci,Baoulé central; variété locale de marché à confirmer,PRODUCT,Nom de produit à annoncer ou saisir dans une vente; aucun identifiant produit métier n’est créé.,LOW,attiéké,attiéké,,,DRAFT,true,,,NON_TESTE,
PROVISIONAL_FRM_PRODUCT_05_BANANE,,Baoulé,bci,Baoulé central; variété locale de marché à confirmer,PRODUCT,Nom de produit à annoncer ou saisir dans une vente; aucun identifiant produit métier n’est créé.,LOW,banane,banane,,,DRAFT,true,,,NON_TESTE,
PROVISIONAL_FRM_PRODUCT_06_PLANTAIN,,Baoulé,bci,Baoulé central; variété locale de marché à confirmer,PRODUCT,Nom de produit à annoncer ou saisir dans une vente; aucun identifiant produit métier n’est créé.,LOW,plantain,plantain,,,DRAFT,true,,,NON_TESTE,
PROVISIONAL_FRM_PRODUCT_07_IGNAME,,Baoulé,bci,Baoulé central; variété locale de marché à confirmer,PRODUCT,Nom de produit à annoncer ou saisir dans une vente; aucun identifiant produit métier n’est créé.,LOW,igname,igname,,,DRAFT,true,,,NON_TESTE,
PROVISIONAL_FRM_PRODUCT_08_MANIOC,,Baoulé,bci,Baoulé central; variété locale de marché à confirmer,PRODUCT,Nom de produit à annoncer ou saisir dans une vente; aucun identifiant produit métier n’est créé.,LOW,manioc,manioc,,,DRAFT,true,,,NON_TESTE,
PROVISIONAL_FRM_PRODUCT_09_AUBERGINE,,Baoulé,bci,Baoulé central; variété locale de marché à confirmer,PRODUCT,Nom de produit à annoncer ou saisir dans une vente; aucun identifiant produit métier n’est créé.,LOW,aubergine,aubergine,,,DRAFT,true,,,NON_TESTE,
PROVISIONAL_FRM_PRODUCT_10_OIGNON,,Baoulé,bci,Baoulé central; variété locale de marché à confirmer,PRODUCT,Nom de produit à annoncer ou saisir dans une vente; aucun identifiant produit métier n’est créé.,LOW,oignon,oignon,,,DRAFT,true,,,NON_TESTE,
PROVISIONAL_FRM_PRODUCT_11_AIL,,Baoulé,bci,Baoulé central; variété locale de marché à confirmer,PRODUCT,Nom de produit à annoncer ou saisir dans une vente; aucun identifiant produit métier n’est créé.,LOW,ail,ail,,,DRAFT,true,,,NON_TESTE,
PROVISIONAL_FRM_PRODUCT_12_POISSON,,Baoulé,bci,Baoulé central; variété locale de marché à confirmer,PRODUCT,Nom de produit à annoncer ou saisir dans une vente; aucun identifiant produit métier n’est créé.,LOW,poisson,poisson,,,DRAFT,true,,,NON_TESTE,
PROVISIONAL_FRM_PRODUCT_13_VIANDE,,Baoulé,bci,Baoulé central; variété locale de marché à confirmer,PRODUCT,Nom de produit à annoncer ou saisir dans une vente; aucun identifiant produit métier n’est créé.,LOW,viande,viande,,,DRAFT,true,,,NON_TESTE,
PROVISIONAL_FRM_PRODUCT_14_POULET,,Baoulé,bci,Baoulé central; variété locale de marché à confirmer,PRODUCT,Nom de produit à annoncer ou saisir dans une vente; aucun identifiant produit métier n’est créé.,LOW,poulet,poulet,,,DRAFT,true,,,NON_TESTE,
PROVISIONAL_FRM_PRODUCT_15_HUILE,,Baoulé,bci,Baoulé central; variété locale de marché à confirmer,PRODUCT,Nom de produit à annoncer ou saisir dans une vente; aucun identifiant produit métier n’est créé.,LOW,huile,huile,,,DRAFT,true,,,NON_TESTE,
PROVISIONAL_FRM_PRODUCT_16_SEL,,Baoulé,bci,Baoulé central; variété locale de marché à confirmer,PRODUCT,Nom de produit à annoncer ou saisir dans une vente; aucun identifiant produit métier n’est créé.,LOW,sel,sel,,,DRAFT,true,,,NON_TESTE,
PROVISIONAL_FRM_PRODUCT_17_SUCRE,,Baoulé,bci,Baoulé central; variété locale de marché à confirmer,PRODUCT,Nom de produit à annoncer ou saisir dans une vente; aucun identifiant produit métier n’est créé.,LOW,sucre,sucre,,,DRAFT,true,,,NON_TESTE,
PROVISIONAL_FRM_PRODUCT_18_RIZ,,Baoulé,bci,Baoulé central; variété locale de marché à confirmer,PRODUCT,Nom de produit à annoncer ou saisir dans une vente; aucun identifiant produit métier n’est créé.,LOW,riz,riz,,,DRAFT,true,,,NON_TESTE,
PROVISIONAL_FRM_PRODUCT_19_HARICOT,,Baoulé,bci,Baoulé central; variété locale de marché à confirmer,PRODUCT,Nom de produit à annoncer ou saisir dans une vente; aucun identifiant produit métier n’est créé.,LOW,haricot,haricot,,,DRAFT,true,,,NON_TESTE,
PROVISIONAL_FRM_PRODUCT_20_MAIS,,Baoulé,bci,Baoulé central; variété locale de marché à confirmer,PRODUCT,Nom de produit à annoncer ou saisir dans une vente; aucun identifiant produit métier n’est créé.,LOW,maïs,maïs,,,DRAFT,true,,,NON_TESTE,
PROVISIONAL_FRM_PRODUCT_21_FOUTOU,,Baoulé,bci,Baoulé central; variété locale de marché à confirmer,PRODUCT,Nom de produit à annoncer ou saisir dans une vente; aucun identifiant produit métier n’est créé.,LOW,foutou,foutou,,,DRAFT,true,,,NON_TESTE,
PROVISIONAL_FRM_PRODUCT_22_ORANGE,,Baoulé,bci,Baoulé central; variété locale de marché à confirmer,PRODUCT,Nom de produit à annoncer ou saisir dans une vente; aucun identifiant produit métier n’est créé.,LOW,orange,orange,,,DRAFT,true,,,NON_TESTE,
PROVISIONAL_FRM_PRODUCT_23_SAVON,,Baoulé,bci,Baoulé central; variété locale de marché à confirmer,PRODUCT,Nom de produit à annoncer ou saisir dans une vente; aucun identifiant produit métier n’est créé.,LOW,savon,savon,,,DRAFT,true,,,NON_TESTE,
PROVISIONAL_FRM_PRODUCT_24_FARINE,,Baoulé,bci,Baoulé central; variété locale de marché à confirmer,PRODUCT,Nom de produit à annoncer ou saisir dans une vente; aucun identifiant produit métier n’est créé.,LOW,farine,farine,,,DRAFT,true,,,NON_TESTE,
PROVISIONAL_FRM_PRODUCT_25_JUS,,Baoulé,bci,Baoulé central; variété locale de marché à confirmer,PRODUCT,Nom de produit à annoncer ou saisir dans une vente; aucun identifiant produit métier n’est créé.,LOW,jus,jus,,,DRAFT,true,,,NON_TESTE,
PROVISIONAL_FRM_PRODUCT_26_LAIT,,Baoulé,bci,Baoulé central; variété locale de marché à confirmer,PRODUCT,Nom de produit à annoncer ou saisir dans une vente; aucun identifiant produit métier n’est créé.,LOW,lait,lait,,,DRAFT,true,,,NON_TESTE,
PROVISIONAL_FRM_INTENT_01,,Agni (Anyin),any,NON_SPECIFIEE — aucune variété sélectionnée,FINANCIAL_PRIORITY_INTENT,Commande orale d’encaissement; elle ne vaut pas confirmation métier du paiement.,CRITICAL,Encaisse.,Encaisse ça.,,,DRAFT,true,,,NON_TESTE,
PROVISIONAL_FRM_INTENT_02,,Agni (Anyin),any,NON_SPECIFIEE — aucune variété sélectionnée,FINANCIAL_PRIORITY_INTENT,Demande du montant encore dû par une cliente.,CRITICAL,Combien elle doit ?,Elle doit combien ?,,,DRAFT,true,,,NON_TESTE,
PROVISIONAL_FRM_INTENT_03,,Agni (Anyin),any,NON_SPECIFIEE — aucune variété sélectionnée,FINANCIAL_PRIORITY_INTENT,Accord oral avant une validation; la confirmation métier reste distincte.,CRITICAL,"Oui, valide.","Oui, tu peux valider.",,,DRAFT,true,,,NON_TESTE,
PROVISIONAL_FRM_INTENT_04,,Agni (Anyin),any,NON_SPECIFIEE — aucune variété sélectionnée,FINANCIAL_PRIORITY_INTENT,Refus ou demande d’annulation avant confirmation métier.,CRITICAL,Non / annule.,"Non, annule.",,,DRAFT,true,,,NON_TESTE,
PROVISIONAL_FRM_INTENT_05,,Agni (Anyin),any,NON_SPECIFIEE — aucune variété sélectionnée,FINANCIAL_PRIORITY_INTENT,Annonce d’un montant manquant dans le paiement.,CRITICAL,Il manque {montant} francs.,Il manque {montant} francs.,,,DRAFT,true,,,NON_TESTE,
PROVISIONAL_FRM_INTENT_06,,Agni (Anyin),any,NON_SPECIFIEE — aucune variété sélectionnée,FINANCIAL_PRIORITY_INTENT,Demande de vérifier le calcul ou le compte avant la suite.,CRITICAL,Compte juste.,Vérifie bien le compte.,,,DRAFT,true,,,NON_TESTE,
PROVISIONAL_FRM_INTENT_07,,Agni (Anyin),any,NON_SPECIFIEE — aucune variété sélectionnée,FINANCIAL_PRIORITY_INTENT,Annonce du montant effectivement remis par la cliente.,CRITICAL,Elle a donné {recu} francs.,Elle a donné {recu} francs.,,,DRAFT,true,,,NON_TESTE,
PROVISIONAL_FRM_INTENT_08,,Agni (Anyin),any,NON_SPECIFIEE — aucune variété sélectionnée,FINANCIAL_PRIORITY_INTENT,Annonce de la monnaie à rendre à la cliente.,CRITICAL,Tu rends {monnaie} francs.,Tu lui rends {monnaie} francs.,,,DRAFT,true,,,NON_TESTE,
PROVISIONAL_FRM_INTENT_09,,Agni (Anyin),any,NON_SPECIFIEE — aucune variété sélectionnée,FINANCIAL_PRIORITY_INTENT,Annonce du total dû par la cliente.,CRITICAL,Elle doit {total} francs.,Elle doit {total} francs.,,,DRAFT,true,,,NON_TESTE,
PROVISIONAL_FRM_INTENT_10,,Agni (Anyin),any,NON_SPECIFIEE — aucune variété sélectionnée,FINANCIAL_PRIORITY_INTENT,Demande orale de validation avant l’action métier.,CRITICAL,Je valide ?,Je valide ça ?,,,DRAFT,true,,,NON_TESTE,
PROVISIONAL_FRM_INTENT_11,,Agni (Anyin),any,NON_SPECIFIEE — aucune variété sélectionnée,FINANCIAL_PRIORITY_INTENT,Question sur le prix d’un seul article.,HIGH,Prix d’un seul.,"Un seul, c’est combien ?",,,DRAFT,true,,,NON_TESTE,
PROVISIONAL_FRM_INTENT_12,,Agni (Anyin),any,NON_SPECIFIEE — aucune variété sélectionnée,FINANCIAL_PRIORITY_INTENT,Question sur le prix total de l’ensemble présenté.,HIGH,Prix du tout.,"Tout ça, c’est combien ?",,,DRAFT,true,,,NON_TESTE,
PROVISIONAL_FRM_INTENT_13,,Agni (Anyin),any,NON_SPECIFIEE — aucune variété sélectionnée,FINANCIAL_PRIORITY_INTENT,Question générale sur le montant à payer ou le total.,HIGH,Combien ?,Ça fait combien ?,,,DRAFT,true,,,NON_TESTE,
PROVISIONAL_FRM_INTENT_14,,Agni (Anyin),any,NON_SPECIFIEE — aucune variété sélectionnée,FINANCIAL_PRIORITY_INTENT,Question sur le prix d’un produit ou d’une quantité montrée.,HIGH,C’est à combien ?,C’est à combien ?,,,DRAFT,true,,,NON_TESTE,
PROVISIONAL_FRM_INTENT_15,,Agni (Anyin),any,NON_SPECIFIEE — aucune variété sélectionnée,FINANCIAL_PRIORITY_INTENT,Question ouverte sur le produit ou l’article vendu.,LOW,Tu as vendu quoi ?,Tu as vendu quoi ?,,,DRAFT,true,,,NON_TESTE,
PROVISIONAL_FRM_NUMBER_000,,Agni (Anyin),any,NON_SPECIFIEE — aucune variété sélectionnée,NUMBER_0_100,Lecture isolée d’un nombre pour une quantité ou un montant; l’unité et le contexte doivent être ajoutés.,MEDIUM,zéro,zéro,,,DRAFT,true,,,NON_TESTE,
PROVISIONAL_FRM_NUMBER_001,,Agni (Anyin),any,NON_SPECIFIEE — aucune variété sélectionnée,NUMBER_0_100,Lecture isolée d’un nombre pour une quantité ou un montant; l’unité et le contexte doivent être ajoutés.,MEDIUM,un,un,,,DRAFT,true,,,NON_TESTE,
PROVISIONAL_FRM_NUMBER_002,,Agni (Anyin),any,NON_SPECIFIEE — aucune variété sélectionnée,NUMBER_0_100,Lecture isolée d’un nombre pour une quantité ou un montant; l’unité et le contexte doivent être ajoutés.,MEDIUM,deux,deux,,,DRAFT,true,,,NON_TESTE,
PROVISIONAL_FRM_NUMBER_003,,Agni (Anyin),any,NON_SPECIFIEE — aucune variété sélectionnée,NUMBER_0_100,Lecture isolée d’un nombre pour une quantité ou un montant; l’unité et le contexte doivent être ajoutés.,MEDIUM,trois,trois,,,DRAFT,true,,,NON_TESTE,
PROVISIONAL_FRM_NUMBER_004,,Agni (Anyin),any,NON_SPECIFIEE — aucune variété sélectionnée,NUMBER_0_100,Lecture isolée d’un nombre pour une quantité ou un montant; l’unité et le contexte doivent être ajoutés.,MEDIUM,quatre,quatre,,,DRAFT,true,,,NON_TESTE,
PROVISIONAL_FRM_NUMBER_005,,Agni (Anyin),any,NON_SPECIFIEE — aucune variété sélectionnée,NUMBER_0_100,Lecture isolée d’un nombre pour une quantité ou un montant; l’unité et le contexte doivent être ajoutés.,MEDIUM,cinq,cinq,,,DRAFT,true,,,NON_TESTE,
PROVISIONAL_FRM_NUMBER_006,,Agni (Anyin),any,NON_SPECIFIEE — aucune variété sélectionnée,NUMBER_0_100,Lecture isolée d’un nombre pour une quantité ou un montant; l’unité et le contexte doivent être ajoutés.,MEDIUM,six,six,,,DRAFT,true,,,NON_TESTE,
PROVISIONAL_FRM_NUMBER_007,,Agni (Anyin),any,NON_SPECIFIEE — aucune variété sélectionnée,NUMBER_0_100,Lecture isolée d’un nombre pour une quantité ou un montant; l’unité et le contexte doivent être ajoutés.,MEDIUM,sept,sept,,,DRAFT,true,,,NON_TESTE,
PROVISIONAL_FRM_NUMBER_008,,Agni (Anyin),any,NON_SPECIFIEE — aucune variété sélectionnée,NUMBER_0_100,Lecture isolée d’un nombre pour une quantité ou un montant; l’unité et le contexte doivent être ajoutés.,MEDIUM,huit,huit,,,DRAFT,true,,,NON_TESTE,
PROVISIONAL_FRM_NUMBER_009,,Agni (Anyin),any,NON_SPECIFIEE — aucune variété sélectionnée,NUMBER_0_100,Lecture isolée d’un nombre pour une quantité ou un montant; l’unité et le contexte doivent être ajoutés.,MEDIUM,neuf,neuf,,,DRAFT,true,,,NON_TESTE,
PROVISIONAL_FRM_NUMBER_010,,Agni (Anyin),any,NON_SPECIFIEE — aucune variété sélectionnée,NUMBER_0_100,Lecture isolée d’un nombre pour une quantité ou un montant; l’unité et le contexte doivent être ajoutés.,MEDIUM,dix,dix,,,DRAFT,true,,,NON_TESTE,
PROVISIONAL_FRM_NUMBER_011,,Agni (Anyin),any,NON_SPECIFIEE — aucune variété sélectionnée,NUMBER_0_100,Lecture isolée d’un nombre pour une quantité ou un montant; l’unité et le contexte doivent être ajoutés.,MEDIUM,onze,onze,,,DRAFT,true,,,NON_TESTE,
PROVISIONAL_FRM_NUMBER_012,,Agni (Anyin),any,NON_SPECIFIEE — aucune variété sélectionnée,NUMBER_0_100,Lecture isolée d’un nombre pour une quantité ou un montant; l’unité et le contexte doivent être ajoutés.,MEDIUM,douze,douze,,,DRAFT,true,,,NON_TESTE,
PROVISIONAL_FRM_NUMBER_013,,Agni (Anyin),any,NON_SPECIFIEE — aucune variété sélectionnée,NUMBER_0_100,Lecture isolée d’un nombre pour une quantité ou un montant; l’unité et le contexte doivent être ajoutés.,MEDIUM,treize,treize,,,DRAFT,true,,,NON_TESTE,
PROVISIONAL_FRM_NUMBER_014,,Agni (Anyin),any,NON_SPECIFIEE — aucune variété sélectionnée,NUMBER_0_100,Lecture isolée d’un nombre pour une quantité ou un montant; l’unité et le contexte doivent être ajoutés.,MEDIUM,quatorze,quatorze,,,DRAFT,true,,,NON_TESTE,
PROVISIONAL_FRM_NUMBER_015,,Agni (Anyin),any,NON_SPECIFIEE — aucune variété sélectionnée,NUMBER_0_100,Lecture isolée d’un nombre pour une quantité ou un montant; l’unité et le contexte doivent être ajoutés.,MEDIUM,quinze,quinze,,,DRAFT,true,,,NON_TESTE,
PROVISIONAL_FRM_NUMBER_016,,Agni (Anyin),any,NON_SPECIFIEE — aucune variété sélectionnée,NUMBER_0_100,Lecture isolée d’un nombre pour une quantité ou un montant; l’unité et le contexte doivent être ajoutés.,MEDIUM,seize,seize,,,DRAFT,true,,,NON_TESTE,
PROVISIONAL_FRM_NUMBER_017,,Agni (Anyin),any,NON_SPECIFIEE — aucune variété sélectionnée,NUMBER_0_100,Lecture isolée d’un nombre pour une quantité ou un montant; l’unité et le contexte doivent être ajoutés.,MEDIUM,dix-sept,dix-sept,,,DRAFT,true,,,NON_TESTE,
PROVISIONAL_FRM_NUMBER_018,,Agni (Anyin),any,NON_SPECIFIEE — aucune variété sélectionnée,NUMBER_0_100,Lecture isolée d’un nombre pour une quantité ou un montant; l’unité et le contexte doivent être ajoutés.,MEDIUM,dix-huit,dix-huit,,,DRAFT,true,,,NON_TESTE,
PROVISIONAL_FRM_NUMBER_019,,Agni (Anyin),any,NON_SPECIFIEE — aucune variété sélectionnée,NUMBER_0_100,Lecture isolée d’un nombre pour une quantité ou un montant; l’unité et le contexte doivent être ajoutés.,MEDIUM,dix-neuf,dix-neuf,,,DRAFT,true,,,NON_TESTE,
PROVISIONAL_FRM_NUMBER_020,,Agni (Anyin),any,NON_SPECIFIEE — aucune variété sélectionnée,NUMBER_0_100,Lecture isolée d’un nombre pour une quantité ou un montant; l’unité et le contexte doivent être ajoutés.,MEDIUM,vingt,vingt,,,DRAFT,true,,,NON_TESTE,
PROVISIONAL_FRM_NUMBER_021,,Agni (Anyin),any,NON_SPECIFIEE — aucune variété sélectionnée,NUMBER_0_100,Lecture isolée d’un nombre pour une quantité ou un montant; l’unité et le contexte doivent être ajoutés.,MEDIUM,vingt et un,vingt et un,,,DRAFT,true,,,NON_TESTE,
PROVISIONAL_FRM_NUMBER_022,,Agni (Anyin),any,NON_SPECIFIEE — aucune variété sélectionnée,NUMBER_0_100,Lecture isolée d’un nombre pour une quantité ou un montant; l’unité et le contexte doivent être ajoutés.,MEDIUM,vingt-deux,vingt-deux,,,DRAFT,true,,,NON_TESTE,
PROVISIONAL_FRM_NUMBER_023,,Agni (Anyin),any,NON_SPECIFIEE — aucune variété sélectionnée,NUMBER_0_100,Lecture isolée d’un nombre pour une quantité ou un montant; l’unité et le contexte doivent être ajoutés.,MEDIUM,vingt-trois,vingt-trois,,,DRAFT,true,,,NON_TESTE,
PROVISIONAL_FRM_NUMBER_024,,Agni (Anyin),any,NON_SPECIFIEE — aucune variété sélectionnée,NUMBER_0_100,Lecture isolée d’un nombre pour une quantité ou un montant; l’unité et le contexte doivent être ajoutés.,MEDIUM,vingt-quatre,vingt-quatre,,,DRAFT,true,,,NON_TESTE,
PROVISIONAL_FRM_NUMBER_025,,Agni (Anyin),any,NON_SPECIFIEE — aucune variété sélectionnée,NUMBER_0_100,Lecture isolée d’un nombre pour une quantité ou un montant; l’unité et le contexte doivent être ajoutés.,MEDIUM,vingt-cinq,vingt-cinq,,,DRAFT,true,,,NON_TESTE,
PROVISIONAL_FRM_NUMBER_026,,Agni (Anyin),any,NON_SPECIFIEE — aucune variété sélectionnée,NUMBER_0_100,Lecture isolée d’un nombre pour une quantité ou un montant; l’unité et le contexte doivent être ajoutés.,MEDIUM,vingt-six,vingt-six,,,DRAFT,true,,,NON_TESTE,
PROVISIONAL_FRM_NUMBER_027,,Agni (Anyin),any,NON_SPECIFIEE — aucune variété sélectionnée,NUMBER_0_100,Lecture isolée d’un nombre pour une quantité ou un montant; l’unité et le contexte doivent être ajoutés.,MEDIUM,vingt-sept,vingt-sept,,,DRAFT,true,,,NON_TESTE,
PROVISIONAL_FRM_NUMBER_028,,Agni (Anyin),any,NON_SPECIFIEE — aucune variété sélectionnée,NUMBER_0_100,Lecture isolée d’un nombre pour une quantité ou un montant; l’unité et le contexte doivent être ajoutés.,MEDIUM,vingt-huit,vingt-huit,,,DRAFT,true,,,NON_TESTE,
PROVISIONAL_FRM_NUMBER_029,,Agni (Anyin),any,NON_SPECIFIEE — aucune variété sélectionnée,NUMBER_0_100,Lecture isolée d’un nombre pour une quantité ou un montant; l’unité et le contexte doivent être ajoutés.,MEDIUM,vingt-neuf,vingt-neuf,,,DRAFT,true,,,NON_TESTE,
PROVISIONAL_FRM_NUMBER_030,,Agni (Anyin),any,NON_SPECIFIEE — aucune variété sélectionnée,NUMBER_0_100,Lecture isolée d’un nombre pour une quantité ou un montant; l’unité et le contexte doivent être ajoutés.,MEDIUM,trente,trente,,,DRAFT,true,,,NON_TESTE,
PROVISIONAL_FRM_NUMBER_031,,Agni (Anyin),any,NON_SPECIFIEE — aucune variété sélectionnée,NUMBER_0_100,Lecture isolée d’un nombre pour une quantité ou un montant; l’unité et le contexte doivent être ajoutés.,MEDIUM,trente et un,trente et un,,,DRAFT,true,,,NON_TESTE,
PROVISIONAL_FRM_NUMBER_032,,Agni (Anyin),any,NON_SPECIFIEE — aucune variété sélectionnée,NUMBER_0_100,Lecture isolée d’un nombre pour une quantité ou un montant; l’unité et le contexte doivent être ajoutés.,MEDIUM,trente-deux,trente-deux,,,DRAFT,true,,,NON_TESTE,
PROVISIONAL_FRM_NUMBER_033,,Agni (Anyin),any,NON_SPECIFIEE — aucune variété sélectionnée,NUMBER_0_100,Lecture isolée d’un nombre pour une quantité ou un montant; l’unité et le contexte doivent être ajoutés.,MEDIUM,trente-trois,trente-trois,,,DRAFT,true,,,NON_TESTE,
PROVISIONAL_FRM_NUMBER_034,,Agni (Anyin),any,NON_SPECIFIEE — aucune variété sélectionnée,NUMBER_0_100,Lecture isolée d’un nombre pour une quantité ou un montant; l’unité et le contexte doivent être ajoutés.,MEDIUM,trente-quatre,trente-quatre,,,DRAFT,true,,,NON_TESTE,
PROVISIONAL_FRM_NUMBER_035,,Agni (Anyin),any,NON_SPECIFIEE — aucune variété sélectionnée,NUMBER_0_100,Lecture isolée d’un nombre pour une quantité ou un montant; l’unité et le contexte doivent être ajoutés.,MEDIUM,trente-cinq,trente-cinq,,,DRAFT,true,,,NON_TESTE,
PROVISIONAL_FRM_NUMBER_036,,Agni (Anyin),any,NON_SPECIFIEE — aucune variété sélectionnée,NUMBER_0_100,Lecture isolée d’un nombre pour une quantité ou un montant; l’unité et le contexte doivent être ajoutés.,MEDIUM,trente-six,trente-six,,,DRAFT,true,,,NON_TESTE,
PROVISIONAL_FRM_NUMBER_037,,Agni (Anyin),any,NON_SPECIFIEE — aucune variété sélectionnée,NUMBER_0_100,Lecture isolée d’un nombre pour une quantité ou un montant; l’unité et le contexte doivent être ajoutés.,MEDIUM,trente-sept,trente-sept,,,DRAFT,true,,,NON_TESTE,
PROVISIONAL_FRM_NUMBER_038,,Agni (Anyin),any,NON_SPECIFIEE — aucune variété sélectionnée,NUMBER_0_100,Lecture isolée d’un nombre pour une quantité ou un montant; l’unité et le contexte doivent être ajoutés.,MEDIUM,trente-huit,trente-huit,,,DRAFT,true,,,NON_TESTE,
PROVISIONAL_FRM_NUMBER_039,,Agni (Anyin),any,NON_SPECIFIEE — aucune variété sélectionnée,NUMBER_0_100,Lecture isolée d’un nombre pour une quantité ou un montant; l’unité et le contexte doivent être ajoutés.,MEDIUM,trente-neuf,trente-neuf,,,DRAFT,true,,,NON_TESTE,
PROVISIONAL_FRM_NUMBER_040,,Agni (Anyin),any,NON_SPECIFIEE — aucune variété sélectionnée,NUMBER_0_100,Lecture isolée d’un nombre pour une quantité ou un montant; l’unité et le contexte doivent être ajoutés.,MEDIUM,quarante,quarante,,,DRAFT,true,,,NON_TESTE,
PROVISIONAL_FRM_NUMBER_041,,Agni (Anyin),any,NON_SPECIFIEE — aucune variété sélectionnée,NUMBER_0_100,Lecture isolée d’un nombre pour une quantité ou un montant; l’unité et le contexte doivent être ajoutés.,MEDIUM,quarante et un,quarante et un,,,DRAFT,true,,,NON_TESTE,
PROVISIONAL_FRM_NUMBER_042,,Agni (Anyin),any,NON_SPECIFIEE — aucune variété sélectionnée,NUMBER_0_100,Lecture isolée d’un nombre pour une quantité ou un montant; l’unité et le contexte doivent être ajoutés.,MEDIUM,quarante-deux,quarante-deux,,,DRAFT,true,,,NON_TESTE,
PROVISIONAL_FRM_NUMBER_043,,Agni (Anyin),any,NON_SPECIFIEE — aucune variété sélectionnée,NUMBER_0_100,Lecture isolée d’un nombre pour une quantité ou un montant; l’unité et le contexte doivent être ajoutés.,MEDIUM,quarante-trois,quarante-trois,,,DRAFT,true,,,NON_TESTE,
PROVISIONAL_FRM_NUMBER_044,,Agni (Anyin),any,NON_SPECIFIEE — aucune variété sélectionnée,NUMBER_0_100,Lecture isolée d’un nombre pour une quantité ou un montant; l’unité et le contexte doivent être ajoutés.,MEDIUM,quarante-quatre,quarante-quatre,,,DRAFT,true,,,NON_TESTE,
PROVISIONAL_FRM_NUMBER_045,,Agni (Anyin),any,NON_SPECIFIEE — aucune variété sélectionnée,NUMBER_0_100,Lecture isolée d’un nombre pour une quantité ou un montant; l’unité et le contexte doivent être ajoutés.,MEDIUM,quarante-cinq,quarante-cinq,,,DRAFT,true,,,NON_TESTE,
PROVISIONAL_FRM_NUMBER_046,,Agni (Anyin),any,NON_SPECIFIEE — aucune variété sélectionnée,NUMBER_0_100,Lecture isolée d’un nombre pour une quantité ou un montant; l’unité et le contexte doivent être ajoutés.,MEDIUM,quarante-six,quarante-six,,,DRAFT,true,,,NON_TESTE,
PROVISIONAL_FRM_NUMBER_047,,Agni (Anyin),any,NON_SPECIFIEE — aucune variété sélectionnée,NUMBER_0_100,Lecture isolée d’un nombre pour une quantité ou un montant; l’unité et le contexte doivent être ajoutés.,MEDIUM,quarante-sept,quarante-sept,,,DRAFT,true,,,NON_TESTE,
PROVISIONAL_FRM_NUMBER_048,,Agni (Anyin),any,NON_SPECIFIEE — aucune variété sélectionnée,NUMBER_0_100,Lecture isolée d’un nombre pour une quantité ou un montant; l’unité et le contexte doivent être ajoutés.,MEDIUM,quarante-huit,quarante-huit,,,DRAFT,true,,,NON_TESTE,
PROVISIONAL_FRM_NUMBER_049,,Agni (Anyin),any,NON_SPECIFIEE — aucune variété sélectionnée,NUMBER_0_100,Lecture isolée d’un nombre pour une quantité ou un montant; l’unité et le contexte doivent être ajoutés.,MEDIUM,quarante-neuf,quarante-neuf,,,DRAFT,true,,,NON_TESTE,
PROVISIONAL_FRM_NUMBER_050,,Agni (Anyin),any,NON_SPECIFIEE — aucune variété sélectionnée,NUMBER_0_100,Lecture isolée d’un nombre pour une quantité ou un montant; l’unité et le contexte doivent être ajoutés.,MEDIUM,cinquante,cinquante,,,DRAFT,true,,,NON_TESTE,
PROVISIONAL_FRM_NUMBER_051,,Agni (Anyin),any,NON_SPECIFIEE — aucune variété sélectionnée,NUMBER_0_100,Lecture isolée d’un nombre pour une quantité ou un montant; l’unité et le contexte doivent être ajoutés.,MEDIUM,cinquante et un,cinquante et un,,,DRAFT,true,,,NON_TESTE,
PROVISIONAL_FRM_NUMBER_052,,Agni (Anyin),any,NON_SPECIFIEE — aucune variété sélectionnée,NUMBER_0_100,Lecture isolée d’un nombre pour une quantité ou un montant; l’unité et le contexte doivent être ajoutés.,MEDIUM,cinquante-deux,cinquante-deux,,,DRAFT,true,,,NON_TESTE,
PROVISIONAL_FRM_NUMBER_053,,Agni (Anyin),any,NON_SPECIFIEE — aucune variété sélectionnée,NUMBER_0_100,Lecture isolée d’un nombre pour une quantité ou un montant; l’unité et le contexte doivent être ajoutés.,MEDIUM,cinquante-trois,cinquante-trois,,,DRAFT,true,,,NON_TESTE,
PROVISIONAL_FRM_NUMBER_054,,Agni (Anyin),any,NON_SPECIFIEE — aucune variété sélectionnée,NUMBER_0_100,Lecture isolée d’un nombre pour une quantité ou un montant; l’unité et le contexte doivent être ajoutés.,MEDIUM,cinquante-quatre,cinquante-quatre,,,DRAFT,true,,,NON_TESTE,
PROVISIONAL_FRM_NUMBER_055,,Agni (Anyin),any,NON_SPECIFIEE — aucune variété sélectionnée,NUMBER_0_100,Lecture isolée d’un nombre pour une quantité ou un montant; l’unité et le contexte doivent être ajoutés.,MEDIUM,cinquante-cinq,cinquante-cinq,,,DRAFT,true,,,NON_TESTE,
PROVISIONAL_FRM_NUMBER_056,,Agni (Anyin),any,NON_SPECIFIEE — aucune variété sélectionnée,NUMBER_0_100,Lecture isolée d’un nombre pour une quantité ou un montant; l’unité et le contexte doivent être ajoutés.,MEDIUM,cinquante-six,cinquante-six,,,DRAFT,true,,,NON_TESTE,
PROVISIONAL_FRM_NUMBER_057,,Agni (Anyin),any,NON_SPECIFIEE — aucune variété sélectionnée,NUMBER_0_100,Lecture isolée d’un nombre pour une quantité ou un montant; l’unité et le contexte doivent être ajoutés.,MEDIUM,cinquante-sept,cinquante-sept,,,DRAFT,true,,,NON_TESTE,
PROVISIONAL_FRM_NUMBER_058,,Agni (Anyin),any,NON_SPECIFIEE — aucune variété sélectionnée,NUMBER_0_100,Lecture isolée d’un nombre pour une quantité ou un montant; l’unité et le contexte doivent être ajoutés.,MEDIUM,cinquante-huit,cinquante-huit,,,DRAFT,true,,,NON_TESTE,
PROVISIONAL_FRM_NUMBER_059,,Agni (Anyin),any,NON_SPECIFIEE — aucune variété sélectionnée,NUMBER_0_100,Lecture isolée d’un nombre pour une quantité ou un montant; l’unité et le contexte doivent être ajoutés.,MEDIUM,cinquante-neuf,cinquante-neuf,,,DRAFT,true,,,NON_TESTE,
PROVISIONAL_FRM_NUMBER_060,,Agni (Anyin),any,NON_SPECIFIEE — aucune variété sélectionnée,NUMBER_0_100,Lecture isolée d’un nombre pour une quantité ou un montant; l’unité et le contexte doivent être ajoutés.,MEDIUM,soixante,soixante,,,DRAFT,true,,,NON_TESTE,
PROVISIONAL_FRM_NUMBER_061,,Agni (Anyin),any,NON_SPECIFIEE — aucune variété sélectionnée,NUMBER_0_100,Lecture isolée d’un nombre pour une quantité ou un montant; l’unité et le contexte doivent être ajoutés.,MEDIUM,soixante et un,soixante et un,,,DRAFT,true,,,NON_TESTE,
PROVISIONAL_FRM_NUMBER_062,,Agni (Anyin),any,NON_SPECIFIEE — aucune variété sélectionnée,NUMBER_0_100,Lecture isolée d’un nombre pour une quantité ou un montant; l’unité et le contexte doivent être ajoutés.,MEDIUM,soixante-deux,soixante-deux,,,DRAFT,true,,,NON_TESTE,
PROVISIONAL_FRM_NUMBER_063,,Agni (Anyin),any,NON_SPECIFIEE — aucune variété sélectionnée,NUMBER_0_100,Lecture isolée d’un nombre pour une quantité ou un montant; l’unité et le contexte doivent être ajoutés.,MEDIUM,soixante-trois,soixante-trois,,,DRAFT,true,,,NON_TESTE,
PROVISIONAL_FRM_NUMBER_064,,Agni (Anyin),any,NON_SPECIFIEE — aucune variété sélectionnée,NUMBER_0_100,Lecture isolée d’un nombre pour une quantité ou un montant; l’unité et le contexte doivent être ajoutés.,MEDIUM,soixante-quatre,soixante-quatre,,,DRAFT,true,,,NON_TESTE,
PROVISIONAL_FRM_NUMBER_065,,Agni (Anyin),any,NON_SPECIFIEE — aucune variété sélectionnée,NUMBER_0_100,Lecture isolée d’un nombre pour une quantité ou un montant; l’unité et le contexte doivent être ajoutés.,MEDIUM,soixante-cinq,soixante-cinq,,,DRAFT,true,,,NON_TESTE,
PROVISIONAL_FRM_NUMBER_066,,Agni (Anyin),any,NON_SPECIFIEE — aucune variété sélectionnée,NUMBER_0_100,Lecture isolée d’un nombre pour une quantité ou un montant; l’unité et le contexte doivent être ajoutés.,MEDIUM,soixante-six,soixante-six,,,DRAFT,true,,,NON_TESTE,
PROVISIONAL_FRM_NUMBER_067,,Agni (Anyin),any,NON_SPECIFIEE — aucune variété sélectionnée,NUMBER_0_100,Lecture isolée d’un nombre pour une quantité ou un montant; l’unité et le contexte doivent être ajoutés.,MEDIUM,soixante-sept,soixante-sept,,,DRAFT,true,,,NON_TESTE,
PROVISIONAL_FRM_NUMBER_068,,Agni (Anyin),any,NON_SPECIFIEE — aucune variété sélectionnée,NUMBER_0_100,Lecture isolée d’un nombre pour une quantité ou un montant; l’unité et le contexte doivent être ajoutés.,MEDIUM,soixante-huit,soixante-huit,,,DRAFT,true,,,NON_TESTE,
PROVISIONAL_FRM_NUMBER_069,,Agni (Anyin),any,NON_SPECIFIEE — aucune variété sélectionnée,NUMBER_0_100,Lecture isolée d’un nombre pour une quantité ou un montant; l’unité et le contexte doivent être ajoutés.,MEDIUM,soixante-neuf,soixante-neuf,,,DRAFT,true,,,NON_TESTE,
PROVISIONAL_FRM_NUMBER_070,,Agni (Anyin),any,NON_SPECIFIEE — aucune variété sélectionnée,NUMBER_0_100,Lecture isolée d’un nombre pour une quantité ou un montant; l’unité et le contexte doivent être ajoutés.,MEDIUM,soixante-dix,soixante-dix,,,DRAFT,true,,,NON_TESTE,
PROVISIONAL_FRM_NUMBER_071,,Agni (Anyin),any,NON_SPECIFIEE — aucune variété sélectionnée,NUMBER_0_100,Lecture isolée d’un nombre pour une quantité ou un montant; l’unité et le contexte doivent être ajoutés.,MEDIUM,soixante et onze,soixante et onze,,,DRAFT,true,,,NON_TESTE,
PROVISIONAL_FRM_NUMBER_072,,Agni (Anyin),any,NON_SPECIFIEE — aucune variété sélectionnée,NUMBER_0_100,Lecture isolée d’un nombre pour une quantité ou un montant; l’unité et le contexte doivent être ajoutés.,MEDIUM,soixante-douze,soixante-douze,,,DRAFT,true,,,NON_TESTE,
PROVISIONAL_FRM_NUMBER_073,,Agni (Anyin),any,NON_SPECIFIEE — aucune variété sélectionnée,NUMBER_0_100,Lecture isolée d’un nombre pour une quantité ou un montant; l’unité et le contexte doivent être ajoutés.,MEDIUM,soixante-treize,soixante-treize,,,DRAFT,true,,,NON_TESTE,
PROVISIONAL_FRM_NUMBER_074,,Agni (Anyin),any,NON_SPECIFIEE — aucune variété sélectionnée,NUMBER_0_100,Lecture isolée d’un nombre pour une quantité ou un montant; l’unité et le contexte doivent être ajoutés.,MEDIUM,soixante-quatorze,soixante-quatorze,,,DRAFT,true,,,NON_TESTE,
PROVISIONAL_FRM_NUMBER_075,,Agni (Anyin),any,NON_SPECIFIEE — aucune variété sélectionnée,NUMBER_0_100,Lecture isolée d’un nombre pour une quantité ou un montant; l’unité et le contexte doivent être ajoutés.,MEDIUM,soixante-quinze,soixante-quinze,,,DRAFT,true,,,NON_TESTE,
PROVISIONAL_FRM_NUMBER_076,,Agni (Anyin),any,NON_SPECIFIEE — aucune variété sélectionnée,NUMBER_0_100,Lecture isolée d’un nombre pour une quantité ou un montant; l’unité et le contexte doivent être ajoutés.,MEDIUM,soixante-seize,soixante-seize,,,DRAFT,true,,,NON_TESTE,
PROVISIONAL_FRM_NUMBER_077,,Agni (Anyin),any,NON_SPECIFIEE — aucune variété sélectionnée,NUMBER_0_100,Lecture isolée d’un nombre pour une quantité ou un montant; l’unité et le contexte doivent être ajoutés.,MEDIUM,soixante-dix-sept,soixante-dix-sept,,,DRAFT,true,,,NON_TESTE,
PROVISIONAL_FRM_NUMBER_078,,Agni (Anyin),any,NON_SPECIFIEE — aucune variété sélectionnée,NUMBER_0_100,Lecture isolée d’un nombre pour une quantité ou un montant; l’unité et le contexte doivent être ajoutés.,MEDIUM,soixante-dix-huit,soixante-dix-huit,,,DRAFT,true,,,NON_TESTE,
PROVISIONAL_FRM_NUMBER_079,,Agni (Anyin),any,NON_SPECIFIEE — aucune variété sélectionnée,NUMBER_0_100,Lecture isolée d’un nombre pour une quantité ou un montant; l’unité et le contexte doivent être ajoutés.,MEDIUM,soixante-dix-neuf,soixante-dix-neuf,,,DRAFT,true,,,NON_TESTE,
PROVISIONAL_FRM_NUMBER_080,,Agni (Anyin),any,NON_SPECIFIEE — aucune variété sélectionnée,NUMBER_0_100,Lecture isolée d’un nombre pour une quantité ou un montant; l’unité et le contexte doivent être ajoutés.,MEDIUM,quatre-vingts,quatre-vingts,,,DRAFT,true,,,NON_TESTE,
PROVISIONAL_FRM_NUMBER_081,,Agni (Anyin),any,NON_SPECIFIEE — aucune variété sélectionnée,NUMBER_0_100,Lecture isolée d’un nombre pour une quantité ou un montant; l’unité et le contexte doivent être ajoutés.,MEDIUM,quatre-vingt-un,quatre-vingt-un,,,DRAFT,true,,,NON_TESTE,
PROVISIONAL_FRM_NUMBER_082,,Agni (Anyin),any,NON_SPECIFIEE — aucune variété sélectionnée,NUMBER_0_100,Lecture isolée d’un nombre pour une quantité ou un montant; l’unité et le contexte doivent être ajoutés.,MEDIUM,quatre-vingt-deux,quatre-vingt-deux,,,DRAFT,true,,,NON_TESTE,
PROVISIONAL_FRM_NUMBER_083,,Agni (Anyin),any,NON_SPECIFIEE — aucune variété sélectionnée,NUMBER_0_100,Lecture isolée d’un nombre pour une quantité ou un montant; l’unité et le contexte doivent être ajoutés.,MEDIUM,quatre-vingt-trois,quatre-vingt-trois,,,DRAFT,true,,,NON_TESTE,
PROVISIONAL_FRM_NUMBER_084,,Agni (Anyin),any,NON_SPECIFIEE — aucune variété sélectionnée,NUMBER_0_100,Lecture isolée d’un nombre pour une quantité ou un montant; l’unité et le contexte doivent être ajoutés.,MEDIUM,quatre-vingt-quatre,quatre-vingt-quatre,,,DRAFT,true,,,NON_TESTE,
PROVISIONAL_FRM_NUMBER_085,,Agni (Anyin),any,NON_SPECIFIEE — aucune variété sélectionnée,NUMBER_0_100,Lecture isolée d’un nombre pour une quantité ou un montant; l’unité et le contexte doivent être ajoutés.,MEDIUM,quatre-vingt-cinq,quatre-vingt-cinq,,,DRAFT,true,,,NON_TESTE,
PROVISIONAL_FRM_NUMBER_086,,Agni (Anyin),any,NON_SPECIFIEE — aucune variété sélectionnée,NUMBER_0_100,Lecture isolée d’un nombre pour une quantité ou un montant; l’unité et le contexte doivent être ajoutés.,MEDIUM,quatre-vingt-six,quatre-vingt-six,,,DRAFT,true,,,NON_TESTE,
PROVISIONAL_FRM_NUMBER_087,,Agni (Anyin),any,NON_SPECIFIEE — aucune variété sélectionnée,NUMBER_0_100,Lecture isolée d’un nombre pour une quantité ou un montant; l’unité et le contexte doivent être ajoutés.,MEDIUM,quatre-vingt-sept,quatre-vingt-sept,,,DRAFT,true,,,NON_TESTE,
PROVISIONAL_FRM_NUMBER_088,,Agni (Anyin),any,NON_SPECIFIEE — aucune variété sélectionnée,NUMBER_0_100,Lecture isolée d’un nombre pour une quantité ou un montant; l’unité et le contexte doivent être ajoutés.,MEDIUM,quatre-vingt-huit,quatre-vingt-huit,,,DRAFT,true,,,NON_TESTE,
PROVISIONAL_FRM_NUMBER_089,,Agni (Anyin),any,NON_SPECIFIEE — aucune variété sélectionnée,NUMBER_0_100,Lecture isolée d’un nombre pour une quantité ou un montant; l’unité et le contexte doivent être ajoutés.,MEDIUM,quatre-vingt-neuf,quatre-vingt-neuf,,,DRAFT,true,,,NON_TESTE,
PROVISIONAL_FRM_NUMBER_090,,Agni (Anyin),any,NON_SPECIFIEE — aucune variété sélectionnée,NUMBER_0_100,Lecture isolée d’un nombre pour une quantité ou un montant; l’unité et le contexte doivent être ajoutés.,MEDIUM,quatre-vingt-dix,quatre-vingt-dix,,,DRAFT,true,,,NON_TESTE,
PROVISIONAL_FRM_NUMBER_091,,Agni (Anyin),any,NON_SPECIFIEE — aucune variété sélectionnée,NUMBER_0_100,Lecture isolée d’un nombre pour une quantité ou un montant; l’unité et le contexte doivent être ajoutés.,MEDIUM,quatre-vingt-onze,quatre-vingt-onze,,,DRAFT,true,,,NON_TESTE,
PROVISIONAL_FRM_NUMBER_092,,Agni (Anyin),any,NON_SPECIFIEE — aucune variété sélectionnée,NUMBER_0_100,Lecture isolée d’un nombre pour une quantité ou un montant; l’unité et le contexte doivent être ajoutés.,MEDIUM,quatre-vingt-douze,quatre-vingt-douze,,,DRAFT,true,,,NON_TESTE,
PROVISIONAL_FRM_NUMBER_093,,Agni (Anyin),any,NON_SPECIFIEE — aucune variété sélectionnée,NUMBER_0_100,Lecture isolée d’un nombre pour une quantité ou un montant; l’unité et le contexte doivent être ajoutés.,MEDIUM,quatre-vingt-treize,quatre-vingt-treize,,,DRAFT,true,,,NON_TESTE,
PROVISIONAL_FRM_NUMBER_094,,Agni (Anyin),any,NON_SPECIFIEE — aucune variété sélectionnée,NUMBER_0_100,Lecture isolée d’un nombre pour une quantité ou un montant; l’unité et le contexte doivent être ajoutés.,MEDIUM,quatre-vingt-quatorze,quatre-vingt-quatorze,,,DRAFT,true,,,NON_TESTE,
PROVISIONAL_FRM_NUMBER_095,,Agni (Anyin),any,NON_SPECIFIEE — aucune variété sélectionnée,NUMBER_0_100,Lecture isolée d’un nombre pour une quantité ou un montant; l’unité et le contexte doivent être ajoutés.,MEDIUM,quatre-vingt-quinze,quatre-vingt-quinze,,,DRAFT,true,,,NON_TESTE,
PROVISIONAL_FRM_NUMBER_096,,Agni (Anyin),any,NON_SPECIFIEE — aucune variété sélectionnée,NUMBER_0_100,Lecture isolée d’un nombre pour une quantité ou un montant; l’unité et le contexte doivent être ajoutés.,MEDIUM,quatre-vingt-seize,quatre-vingt-seize,,,DRAFT,true,,,NON_TESTE,
PROVISIONAL_FRM_NUMBER_097,,Agni (Anyin),any,NON_SPECIFIEE — aucune variété sélectionnée,NUMBER_0_100,Lecture isolée d’un nombre pour une quantité ou un montant; l’unité et le contexte doivent être ajoutés.,MEDIUM,quatre-vingt-dix-sept,quatre-vingt-dix-sept,,,DRAFT,true,,,NON_TESTE,
PROVISIONAL_FRM_NUMBER_098,,Agni (Anyin),any,NON_SPECIFIEE — aucune variété sélectionnée,NUMBER_0_100,Lecture isolée d’un nombre pour une quantité ou un montant; l’unité et le contexte doivent être ajoutés.,MEDIUM,quatre-vingt-dix-huit,quatre-vingt-dix-huit,,,DRAFT,true,,,NON_TESTE,
PROVISIONAL_FRM_NUMBER_099,,Agni (Anyin),any,NON_SPECIFIEE — aucune variété sélectionnée,NUMBER_0_100,Lecture isolée d’un nombre pour une quantité ou un montant; l’unité et le contexte doivent être ajoutés.,MEDIUM,quatre-vingt-dix-neuf,quatre-vingt-dix-neuf,,,DRAFT,true,,,NON_TESTE,
PROVISIONAL_FRM_NUMBER_100,,Agni (Anyin),any,NON_SPECIFIEE — aucune variété sélectionnée,NUMBER_0_100,Lecture isolée d’un nombre pour une quantité ou un montant; l’unité et le contexte doivent être ajoutés.,MEDIUM,cent,cent,,,DRAFT,true,,,NON_TESTE,
PROVISIONAL_FRM_NUMBER_HUNDRED_200,,Agni (Anyin),any,NON_SPECIFIEE — aucune variété sélectionnée,NUMBER_HUNDREDS,Lecture isolée d’une centaine ou de mille; l’unité et le contexte doivent être ajoutés.,MEDIUM,deux cents,deux cents,,,DRAFT,true,,,NON_TESTE,
PROVISIONAL_FRM_NUMBER_HUNDRED_300,,Agni (Anyin),any,NON_SPECIFIEE — aucune variété sélectionnée,NUMBER_HUNDREDS,Lecture isolée d’une centaine ou de mille; l’unité et le contexte doivent être ajoutés.,MEDIUM,trois cents,trois cents,,,DRAFT,true,,,NON_TESTE,
PROVISIONAL_FRM_NUMBER_HUNDRED_400,,Agni (Anyin),any,NON_SPECIFIEE — aucune variété sélectionnée,NUMBER_HUNDREDS,Lecture isolée d’une centaine ou de mille; l’unité et le contexte doivent être ajoutés.,MEDIUM,quatre cents,quatre cents,,,DRAFT,true,,,NON_TESTE,
PROVISIONAL_FRM_NUMBER_HUNDRED_500,,Agni (Anyin),any,NON_SPECIFIEE — aucune variété sélectionnée,NUMBER_HUNDREDS,Lecture isolée d’une centaine ou de mille; l’unité et le contexte doivent être ajoutés.,MEDIUM,cinq cents,cinq cents,,,DRAFT,true,,,NON_TESTE,
PROVISIONAL_FRM_NUMBER_HUNDRED_600,,Agni (Anyin),any,NON_SPECIFIEE — aucune variété sélectionnée,NUMBER_HUNDREDS,Lecture isolée d’une centaine ou de mille; l’unité et le contexte doivent être ajoutés.,MEDIUM,six cents,six cents,,,DRAFT,true,,,NON_TESTE,
PROVISIONAL_FRM_NUMBER_HUNDRED_700,,Agni (Anyin),any,NON_SPECIFIEE — aucune variété sélectionnée,NUMBER_HUNDREDS,Lecture isolée d’une centaine ou de mille; l’unité et le contexte doivent être ajoutés.,MEDIUM,sept cents,sept cents,,,DRAFT,true,,,NON_TESTE,
PROVISIONAL_FRM_NUMBER_HUNDRED_800,,Agni (Anyin),any,NON_SPECIFIEE — aucune variété sélectionnée,NUMBER_HUNDREDS,Lecture isolée d’une centaine ou de mille; l’unité et le contexte doivent être ajoutés.,MEDIUM,huit cents,huit cents,,,DRAFT,true,,,NON_TESTE,
PROVISIONAL_FRM_NUMBER_HUNDRED_900,,Agni (Anyin),any,NON_SPECIFIEE — aucune variété sélectionnée,NUMBER_HUNDREDS,Lecture isolée d’une centaine ou de mille; l’unité et le contexte doivent être ajoutés.,MEDIUM,neuf cents,neuf cents,,,DRAFT,true,,,NON_TESTE,
PROVISIONAL_FRM_NUMBER_THOUSAND_1000,,Agni (Anyin),any,NON_SPECIFIEE — aucune variété sélectionnée,NUMBER_THOUSAND,Lecture isolée d’une centaine ou de mille; l’unité et le contexte doivent être ajoutés.,MEDIUM,mille,mille,,,DRAFT,true,,,NON_TESTE,
PROVISIONAL_FRM_UNIT_01_UNITE,,Agni (Anyin),any,NON_SPECIFIEE — aucune variété sélectionnée,UNIT,Unité de vente orale.,LOW,unité,à l’unité,,,DRAFT,true,,,NON_TESTE,
PROVISIONAL_FRM_UNIT_02_TAS,,Agni (Anyin),any,NON_SPECIFIEE — aucune variété sélectionnée,UNIT,Unité de vente orale.,LOW,tas,tas,,,DRAFT,true,,,NON_TESTE,
PROVISIONAL_FRM_UNIT_03_SAC,,Agni (Anyin),any,NON_SPECIFIEE — aucune variété sélectionnée,UNIT,Unité de vente orale.,LOW,sac,sac,,,DRAFT,true,,,NON_TESTE,
PROVISIONAL_FRM_UNIT_04_KILO,,Agni (Anyin),any,NON_SPECIFIEE — aucune variété sélectionnée,UNIT,Unité de vente orale.,LOW,kilo,kilo,,,DRAFT,true,,,NON_TESTE,
PROVISIONAL_FRM_UNIT_05_BOTTE,,Agni (Anyin),any,NON_SPECIFIEE — aucune variété sélectionnée,UNIT,Unité de vente orale.,LOW,botte,botte,,,DRAFT,true,,,NON_TESTE,
PROVISIONAL_FRM_UNIT_06_BIDON,,Agni (Anyin),any,NON_SPECIFIEE — aucune variété sélectionnée,UNIT,Unité de vente orale.,LOW,bidon,bidon,,,DRAFT,true,,,NON_TESTE,
PROVISIONAL_FRM_UNIT_07_SACHET,,Agni (Anyin),any,NON_SPECIFIEE — aucune variété sélectionnée,UNIT,Unité de vente orale.,LOW,sachet,sachet,,,DRAFT,true,,,NON_TESTE,
PROVISIONAL_FRM_UNIT_08_PAQUET,,Agni (Anyin),any,NON_SPECIFIEE — aucune variété sélectionnée,UNIT,Unité de vente orale.,LOW,paquet,paquet,,,DRAFT,true,,,NON_TESTE,
PROVISIONAL_FRM_UNIT_09_MORCEAU,,Agni (Anyin),any,NON_SPECIFIEE — aucune variété sélectionnée,UNIT,Unité de vente orale.,LOW,morceau,morceau,,,DRAFT,true,,,NON_TESTE,
PROVISIONAL_FRM_UNIT_10_LITRE,,Agni (Anyin),any,NON_SPECIFIEE — aucune variété sélectionnée,UNIT,Unité de vente orale.,LOW,litre,litre,,,DRAFT,true,,,NON_TESTE,
PROVISIONAL_FRM_UNIT_11_REGIME,,Agni (Anyin),any,NON_SPECIFIEE — aucune variété sélectionnée,UNIT,Unité de vente orale.,LOW,régime,régime,,,DRAFT,true,,,NON_TESTE,
PROVISIONAL_FRM_UNIT_12_CARTON,,Agni (Anyin),any,NON_SPECIFIEE — aucune variété sélectionnée,UNIT,Unité de vente orale.,LOW,carton,carton,,,DRAFT,true,,,NON_TESTE,
PROVISIONAL_FRM_UNIT_13_CAISSE,,Agni (Anyin),any,NON_SPECIFIEE — aucune variété sélectionnée,UNIT,Unité de vente orale.,LOW,caisse,caisse,,,DRAFT,true,,,NON_TESTE,
PROVISIONAL_FRM_UNIT_14_BOUTEILLE,,Agni (Anyin),any,NON_SPECIFIEE — aucune variété sélectionnée,UNIT,Unité de vente orale.,LOW,bouteille,bouteille,,,DRAFT,true,,,NON_TESTE,
PROVISIONAL_FRM_UNIT_15_PANIER,,Agni (Anyin),any,NON_SPECIFIEE — aucune variété sélectionnée,UNIT,Unité de vente orale.,LOW,panier,panier,,,DRAFT,true,,,NON_TESTE,
PROVISIONAL_FRM_UNIT_16_FRANC,,Agni (Anyin),any,NON_SPECIFIEE — aucune variété sélectionnée,UNIT,Dénomination monétaire orale; à associer à un nombre et au contexte.,HIGH,franc,franc,,,DRAFT,true,,,NON_TESTE,
PROVISIONAL_FRM_UNIT_17_FCFA,,Agni (Anyin),any,NON_SPECIFIEE — aucune variété sélectionnée,UNIT,Dénomination monétaire orale; à associer à un nombre et au contexte.,HIGH,FCFA,franc CFA,,,DRAFT,true,,,NON_TESTE,
PROVISIONAL_FRM_PRODUCT_01_TOMATE,,Agni (Anyin),any,NON_SPECIFIEE — aucune variété sélectionnée,PRODUCT,Nom de produit à annoncer ou saisir dans une vente; aucun identifiant produit métier n’est créé.,LOW,tomate,tomate,,,DRAFT,true,,,NON_TESTE,
PROVISIONAL_FRM_PRODUCT_02_PIMENT,,Agni (Anyin),any,NON_SPECIFIEE — aucune variété sélectionnée,PRODUCT,Nom de produit à annoncer ou saisir dans une vente; aucun identifiant produit métier n’est créé.,LOW,piment,piment,,,DRAFT,true,,,NON_TESTE,
PROVISIONAL_FRM_PRODUCT_03_GOMBO,,Agni (Anyin),any,NON_SPECIFIEE — aucune variété sélectionnée,PRODUCT,Nom de produit à annoncer ou saisir dans une vente; aucun identifiant produit métier n’est créé.,LOW,gombo,gombo,,,DRAFT,true,,,NON_TESTE,
PROVISIONAL_FRM_PRODUCT_04_ATTIEKE,,Agni (Anyin),any,NON_SPECIFIEE — aucune variété sélectionnée,PRODUCT,Nom de produit à annoncer ou saisir dans une vente; aucun identifiant produit métier n’est créé.,LOW,attiéké,attiéké,,,DRAFT,true,,,NON_TESTE,
PROVISIONAL_FRM_PRODUCT_05_BANANE,,Agni (Anyin),any,NON_SPECIFIEE — aucune variété sélectionnée,PRODUCT,Nom de produit à annoncer ou saisir dans une vente; aucun identifiant produit métier n’est créé.,LOW,banane,banane,,,DRAFT,true,,,NON_TESTE,
PROVISIONAL_FRM_PRODUCT_06_PLANTAIN,,Agni (Anyin),any,NON_SPECIFIEE — aucune variété sélectionnée,PRODUCT,Nom de produit à annoncer ou saisir dans une vente; aucun identifiant produit métier n’est créé.,LOW,plantain,plantain,,,DRAFT,true,,,NON_TESTE,
PROVISIONAL_FRM_PRODUCT_07_IGNAME,,Agni (Anyin),any,NON_SPECIFIEE — aucune variété sélectionnée,PRODUCT,Nom de produit à annoncer ou saisir dans une vente; aucun identifiant produit métier n’est créé.,LOW,igname,igname,,,DRAFT,true,,,NON_TESTE,
PROVISIONAL_FRM_PRODUCT_08_MANIOC,,Agni (Anyin),any,NON_SPECIFIEE — aucune variété sélectionnée,PRODUCT,Nom de produit à annoncer ou saisir dans une vente; aucun identifiant produit métier n’est créé.,LOW,manioc,manioc,,,DRAFT,true,,,NON_TESTE,
PROVISIONAL_FRM_PRODUCT_09_AUBERGINE,,Agni (Anyin),any,NON_SPECIFIEE — aucune variété sélectionnée,PRODUCT,Nom de produit à annoncer ou saisir dans une vente; aucun identifiant produit métier n’est créé.,LOW,aubergine,aubergine,,,DRAFT,true,,,NON_TESTE,
PROVISIONAL_FRM_PRODUCT_10_OIGNON,,Agni (Anyin),any,NON_SPECIFIEE — aucune variété sélectionnée,PRODUCT,Nom de produit à annoncer ou saisir dans une vente; aucun identifiant produit métier n’est créé.,LOW,oignon,oignon,,,DRAFT,true,,,NON_TESTE,
PROVISIONAL_FRM_PRODUCT_11_AIL,,Agni (Anyin),any,NON_SPECIFIEE — aucune variété sélectionnée,PRODUCT,Nom de produit à annoncer ou saisir dans une vente; aucun identifiant produit métier n’est créé.,LOW,ail,ail,,,DRAFT,true,,,NON_TESTE,
PROVISIONAL_FRM_PRODUCT_12_POISSON,,Agni (Anyin),any,NON_SPECIFIEE — aucune variété sélectionnée,PRODUCT,Nom de produit à annoncer ou saisir dans une vente; aucun identifiant produit métier n’est créé.,LOW,poisson,poisson,,,DRAFT,true,,,NON_TESTE,
PROVISIONAL_FRM_PRODUCT_13_VIANDE,,Agni (Anyin),any,NON_SPECIFIEE — aucune variété sélectionnée,PRODUCT,Nom de produit à annoncer ou saisir dans une vente; aucun identifiant produit métier n’est créé.,LOW,viande,viande,,,DRAFT,true,,,NON_TESTE,
PROVISIONAL_FRM_PRODUCT_14_POULET,,Agni (Anyin),any,NON_SPECIFIEE — aucune variété sélectionnée,PRODUCT,Nom de produit à annoncer ou saisir dans une vente; aucun identifiant produit métier n’est créé.,LOW,poulet,poulet,,,DRAFT,true,,,NON_TESTE,
PROVISIONAL_FRM_PRODUCT_15_HUILE,,Agni (Anyin),any,NON_SPECIFIEE — aucune variété sélectionnée,PRODUCT,Nom de produit à annoncer ou saisir dans une vente; aucun identifiant produit métier n’est créé.,LOW,huile,huile,,,DRAFT,true,,,NON_TESTE,
PROVISIONAL_FRM_PRODUCT_16_SEL,,Agni (Anyin),any,NON_SPECIFIEE — aucune variété sélectionnée,PRODUCT,Nom de produit à annoncer ou saisir dans une vente; aucun identifiant produit métier n’est créé.,LOW,sel,sel,,,DRAFT,true,,,NON_TESTE,
PROVISIONAL_FRM_PRODUCT_17_SUCRE,,Agni (Anyin),any,NON_SPECIFIEE — aucune variété sélectionnée,PRODUCT,Nom de produit à annoncer ou saisir dans une vente; aucun identifiant produit métier n’est créé.,LOW,sucre,sucre,,,DRAFT,true,,,NON_TESTE,
PROVISIONAL_FRM_PRODUCT_18_RIZ,,Agni (Anyin),any,NON_SPECIFIEE — aucune variété sélectionnée,PRODUCT,Nom de produit à annoncer ou saisir dans une vente; aucun identifiant produit métier n’est créé.,LOW,riz,riz,,,DRAFT,true,,,NON_TESTE,
PROVISIONAL_FRM_PRODUCT_19_HARICOT,,Agni (Anyin),any,NON_SPECIFIEE — aucune variété sélectionnée,PRODUCT,Nom de produit à annoncer ou saisir dans une vente; aucun identifiant produit métier n’est créé.,LOW,haricot,haricot,,,DRAFT,true,,,NON_TESTE,
PROVISIONAL_FRM_PRODUCT_20_MAIS,,Agni (Anyin),any,NON_SPECIFIEE — aucune variété sélectionnée,PRODUCT,Nom de produit à annoncer ou saisir dans une vente; aucun identifiant produit métier n’est créé.,LOW,maïs,maïs,,,DRAFT,true,,,NON_TESTE,
PROVISIONAL_FRM_PRODUCT_21_FOUTOU,,Agni (Anyin),any,NON_SPECIFIEE — aucune variété sélectionnée,PRODUCT,Nom de produit à annoncer ou saisir dans une vente; aucun identifiant produit métier n’est créé.,LOW,foutou,foutou,,,DRAFT,true,,,NON_TESTE,
PROVISIONAL_FRM_PRODUCT_22_ORANGE,,Agni (Anyin),any,NON_SPECIFIEE — aucune variété sélectionnée,PRODUCT,Nom de produit à annoncer ou saisir dans une vente; aucun identifiant produit métier n’est créé.,LOW,orange,orange,,,DRAFT,true,,,NON_TESTE,
PROVISIONAL_FRM_PRODUCT_23_SAVON,,Agni (Anyin),any,NON_SPECIFIEE — aucune variété sélectionnée,PRODUCT,Nom de produit à annoncer ou saisir dans une vente; aucun identifiant produit métier n’est créé.,LOW,savon,savon,,,DRAFT,true,,,NON_TESTE,
PROVISIONAL_FRM_PRODUCT_24_FARINE,,Agni (Anyin),any,NON_SPECIFIEE — aucune variété sélectionnée,PRODUCT,Nom de produit à annoncer ou saisir dans une vente; aucun identifiant produit métier n’est créé.,LOW,farine,farine,,,DRAFT,true,,,NON_TESTE,
PROVISIONAL_FRM_PRODUCT_25_JUS,,Agni (Anyin),any,NON_SPECIFIEE — aucune variété sélectionnée,PRODUCT,Nom de produit à annoncer ou saisir dans une vente; aucun identifiant produit métier n’est créé.,LOW,jus,jus,,,DRAFT,true,,,NON_TESTE,
PROVISIONAL_FRM_PRODUCT_26_LAIT,,Agni (Anyin),any,NON_SPECIFIEE — aucune variété sélectionnée,PRODUCT,Nom de produit à annoncer ou saisir dans une vente; aucun identifiant produit métier n’est créé.,LOW,lait,lait,,,DRAFT,true,,,NON_TESTE,
PROVISIONAL_FRM_INTENT_01,,Bété,btg/bev — à sélectionner,"Variété non sélectionnée: Gagnoa, Daloa ou autre à confirmer",FINANCIAL_PRIORITY_INTENT,Commande orale d’encaissement; elle ne vaut pas confirmation métier du paiement.,CRITICAL,Encaisse.,Encaisse ça.,,,DRAFT,true,,,NON_TESTE,
PROVISIONAL_FRM_INTENT_02,,Bété,btg/bev — à sélectionner,"Variété non sélectionnée: Gagnoa, Daloa ou autre à confirmer",FINANCIAL_PRIORITY_INTENT,Demande du montant encore dû par une cliente.,CRITICAL,Combien elle doit ?,Elle doit combien ?,,,DRAFT,true,,,NON_TESTE,
PROVISIONAL_FRM_INTENT_03,,Bété,btg/bev — à sélectionner,"Variété non sélectionnée: Gagnoa, Daloa ou autre à confirmer",FINANCIAL_PRIORITY_INTENT,Accord oral avant une validation; la confirmation métier reste distincte.,CRITICAL,"Oui, valide.","Oui, tu peux valider.",,,DRAFT,true,,,NON_TESTE,
PROVISIONAL_FRM_INTENT_04,,Bété,btg/bev — à sélectionner,"Variété non sélectionnée: Gagnoa, Daloa ou autre à confirmer",FINANCIAL_PRIORITY_INTENT,Refus ou demande d’annulation avant confirmation métier.,CRITICAL,Non / annule.,"Non, annule.",,,DRAFT,true,,,NON_TESTE,
PROVISIONAL_FRM_INTENT_05,,Bété,btg/bev — à sélectionner,"Variété non sélectionnée: Gagnoa, Daloa ou autre à confirmer",FINANCIAL_PRIORITY_INTENT,Annonce d’un montant manquant dans le paiement.,CRITICAL,Il manque {montant} francs.,Il manque {montant} francs.,,,DRAFT,true,,,NON_TESTE,
PROVISIONAL_FRM_INTENT_06,,Bété,btg/bev — à sélectionner,"Variété non sélectionnée: Gagnoa, Daloa ou autre à confirmer",FINANCIAL_PRIORITY_INTENT,Demande de vérifier le calcul ou le compte avant la suite.,CRITICAL,Compte juste.,Vérifie bien le compte.,,,DRAFT,true,,,NON_TESTE,
PROVISIONAL_FRM_INTENT_07,,Bété,btg/bev — à sélectionner,"Variété non sélectionnée: Gagnoa, Daloa ou autre à confirmer",FINANCIAL_PRIORITY_INTENT,Annonce du montant effectivement remis par la cliente.,CRITICAL,Elle a donné {recu} francs.,Elle a donné {recu} francs.,,,DRAFT,true,,,NON_TESTE,
PROVISIONAL_FRM_INTENT_08,,Bété,btg/bev — à sélectionner,"Variété non sélectionnée: Gagnoa, Daloa ou autre à confirmer",FINANCIAL_PRIORITY_INTENT,Annonce de la monnaie à rendre à la cliente.,CRITICAL,Tu rends {monnaie} francs.,Tu lui rends {monnaie} francs.,,,DRAFT,true,,,NON_TESTE,
PROVISIONAL_FRM_INTENT_09,,Bété,btg/bev — à sélectionner,"Variété non sélectionnée: Gagnoa, Daloa ou autre à confirmer",FINANCIAL_PRIORITY_INTENT,Annonce du total dû par la cliente.,CRITICAL,Elle doit {total} francs.,Elle doit {total} francs.,,,DRAFT,true,,,NON_TESTE,
PROVISIONAL_FRM_INTENT_10,,Bété,btg/bev — à sélectionner,"Variété non sélectionnée: Gagnoa, Daloa ou autre à confirmer",FINANCIAL_PRIORITY_INTENT,Demande orale de validation avant l’action métier.,CRITICAL,Je valide ?,Je valide ça ?,,,DRAFT,true,,,NON_TESTE,
PROVISIONAL_FRM_INTENT_11,,Bété,btg/bev — à sélectionner,"Variété non sélectionnée: Gagnoa, Daloa ou autre à confirmer",FINANCIAL_PRIORITY_INTENT,Question sur le prix d’un seul article.,HIGH,Prix d’un seul.,"Un seul, c’est combien ?",,,DRAFT,true,,,NON_TESTE,
PROVISIONAL_FRM_INTENT_12,,Bété,btg/bev — à sélectionner,"Variété non sélectionnée: Gagnoa, Daloa ou autre à confirmer",FINANCIAL_PRIORITY_INTENT,Question sur le prix total de l’ensemble présenté.,HIGH,Prix du tout.,"Tout ça, c’est combien ?",,,DRAFT,true,,,NON_TESTE,
PROVISIONAL_FRM_INTENT_13,,Bété,btg/bev — à sélectionner,"Variété non sélectionnée: Gagnoa, Daloa ou autre à confirmer",FINANCIAL_PRIORITY_INTENT,Question générale sur le montant à payer ou le total.,HIGH,Combien ?,Ça fait combien ?,,,DRAFT,true,,,NON_TESTE,
PROVISIONAL_FRM_INTENT_14,,Bété,btg/bev — à sélectionner,"Variété non sélectionnée: Gagnoa, Daloa ou autre à confirmer",FINANCIAL_PRIORITY_INTENT,Question sur le prix d’un produit ou d’une quantité montrée.,HIGH,C’est à combien ?,C’est à combien ?,,,DRAFT,true,,,NON_TESTE,
PROVISIONAL_FRM_INTENT_15,,Bété,btg/bev — à sélectionner,"Variété non sélectionnée: Gagnoa, Daloa ou autre à confirmer",FINANCIAL_PRIORITY_INTENT,Question ouverte sur le produit ou l’article vendu.,LOW,Tu as vendu quoi ?,Tu as vendu quoi ?,,,DRAFT,true,,,NON_TESTE,
PROVISIONAL_FRM_NUMBER_000,,Bété,btg/bev — à sélectionner,"Variété non sélectionnée: Gagnoa, Daloa ou autre à confirmer",NUMBER_0_100,Lecture isolée d’un nombre pour une quantité ou un montant; l’unité et le contexte doivent être ajoutés.,MEDIUM,zéro,zéro,,,DRAFT,true,,,NON_TESTE,
PROVISIONAL_FRM_NUMBER_001,,Bété,btg/bev — à sélectionner,"Variété non sélectionnée: Gagnoa, Daloa ou autre à confirmer",NUMBER_0_100,Lecture isolée d’un nombre pour une quantité ou un montant; l’unité et le contexte doivent être ajoutés.,MEDIUM,un,un,,,DRAFT,true,,,NON_TESTE,
PROVISIONAL_FRM_NUMBER_002,,Bété,btg/bev — à sélectionner,"Variété non sélectionnée: Gagnoa, Daloa ou autre à confirmer",NUMBER_0_100,Lecture isolée d’un nombre pour une quantité ou un montant; l’unité et le contexte doivent être ajoutés.,MEDIUM,deux,deux,,,DRAFT,true,,,NON_TESTE,
PROVISIONAL_FRM_NUMBER_003,,Bété,btg/bev — à sélectionner,"Variété non sélectionnée: Gagnoa, Daloa ou autre à confirmer",NUMBER_0_100,Lecture isolée d’un nombre pour une quantité ou un montant; l’unité et le contexte doivent être ajoutés.,MEDIUM,trois,trois,,,DRAFT,true,,,NON_TESTE,
PROVISIONAL_FRM_NUMBER_004,,Bété,btg/bev — à sélectionner,"Variété non sélectionnée: Gagnoa, Daloa ou autre à confirmer",NUMBER_0_100,Lecture isolée d’un nombre pour une quantité ou un montant; l’unité et le contexte doivent être ajoutés.,MEDIUM,quatre,quatre,,,DRAFT,true,,,NON_TESTE,
PROVISIONAL_FRM_NUMBER_005,,Bété,btg/bev — à sélectionner,"Variété non sélectionnée: Gagnoa, Daloa ou autre à confirmer",NUMBER_0_100,Lecture isolée d’un nombre pour une quantité ou un montant; l’unité et le contexte doivent être ajoutés.,MEDIUM,cinq,cinq,,,DRAFT,true,,,NON_TESTE,
PROVISIONAL_FRM_NUMBER_006,,Bété,btg/bev — à sélectionner,"Variété non sélectionnée: Gagnoa, Daloa ou autre à confirmer",NUMBER_0_100,Lecture isolée d’un nombre pour une quantité ou un montant; l’unité et le contexte doivent être ajoutés.,MEDIUM,six,six,,,DRAFT,true,,,NON_TESTE,
PROVISIONAL_FRM_NUMBER_007,,Bété,btg/bev — à sélectionner,"Variété non sélectionnée: Gagnoa, Daloa ou autre à confirmer",NUMBER_0_100,Lecture isolée d’un nombre pour une quantité ou un montant; l’unité et le contexte doivent être ajoutés.,MEDIUM,sept,sept,,,DRAFT,true,,,NON_TESTE,
PROVISIONAL_FRM_NUMBER_008,,Bété,btg/bev — à sélectionner,"Variété non sélectionnée: Gagnoa, Daloa ou autre à confirmer",NUMBER_0_100,Lecture isolée d’un nombre pour une quantité ou un montant; l’unité et le contexte doivent être ajoutés.,MEDIUM,huit,huit,,,DRAFT,true,,,NON_TESTE,
PROVISIONAL_FRM_NUMBER_009,,Bété,btg/bev — à sélectionner,"Variété non sélectionnée: Gagnoa, Daloa ou autre à confirmer",NUMBER_0_100,Lecture isolée d’un nombre pour une quantité ou un montant; l’unité et le contexte doivent être ajoutés.,MEDIUM,neuf,neuf,,,DRAFT,true,,,NON_TESTE,
PROVISIONAL_FRM_NUMBER_010,,Bété,btg/bev — à sélectionner,"Variété non sélectionnée: Gagnoa, Daloa ou autre à confirmer",NUMBER_0_100,Lecture isolée d’un nombre pour une quantité ou un montant; l’unité et le contexte doivent être ajoutés.,MEDIUM,dix,dix,,,DRAFT,true,,,NON_TESTE,
PROVISIONAL_FRM_NUMBER_011,,Bété,btg/bev — à sélectionner,"Variété non sélectionnée: Gagnoa, Daloa ou autre à confirmer",NUMBER_0_100,Lecture isolée d’un nombre pour une quantité ou un montant; l’unité et le contexte doivent être ajoutés.,MEDIUM,onze,onze,,,DRAFT,true,,,NON_TESTE,
PROVISIONAL_FRM_NUMBER_012,,Bété,btg/bev — à sélectionner,"Variété non sélectionnée: Gagnoa, Daloa ou autre à confirmer",NUMBER_0_100,Lecture isolée d’un nombre pour une quantité ou un montant; l’unité et le contexte doivent être ajoutés.,MEDIUM,douze,douze,,,DRAFT,true,,,NON_TESTE,
PROVISIONAL_FRM_NUMBER_013,,Bété,btg/bev — à sélectionner,"Variété non sélectionnée: Gagnoa, Daloa ou autre à confirmer",NUMBER_0_100,Lecture isolée d’un nombre pour une quantité ou un montant; l’unité et le contexte doivent être ajoutés.,MEDIUM,treize,treize,,,DRAFT,true,,,NON_TESTE,
PROVISIONAL_FRM_NUMBER_014,,Bété,btg/bev — à sélectionner,"Variété non sélectionnée: Gagnoa, Daloa ou autre à confirmer",NUMBER_0_100,Lecture isolée d’un nombre pour une quantité ou un montant; l’unité et le contexte doivent être ajoutés.,MEDIUM,quatorze,quatorze,,,DRAFT,true,,,NON_TESTE,
PROVISIONAL_FRM_NUMBER_015,,Bété,btg/bev — à sélectionner,"Variété non sélectionnée: Gagnoa, Daloa ou autre à confirmer",NUMBER_0_100,Lecture isolée d’un nombre pour une quantité ou un montant; l’unité et le contexte doivent être ajoutés.,MEDIUM,quinze,quinze,,,DRAFT,true,,,NON_TESTE,
PROVISIONAL_FRM_NUMBER_016,,Bété,btg/bev — à sélectionner,"Variété non sélectionnée: Gagnoa, Daloa ou autre à confirmer",NUMBER_0_100,Lecture isolée d’un nombre pour une quantité ou un montant; l’unité et le contexte doivent être ajoutés.,MEDIUM,seize,seize,,,DRAFT,true,,,NON_TESTE,
PROVISIONAL_FRM_NUMBER_017,,Bété,btg/bev — à sélectionner,"Variété non sélectionnée: Gagnoa, Daloa ou autre à confirmer",NUMBER_0_100,Lecture isolée d’un nombre pour une quantité ou un montant; l’unité et le contexte doivent être ajoutés.,MEDIUM,dix-sept,dix-sept,,,DRAFT,true,,,NON_TESTE,
PROVISIONAL_FRM_NUMBER_018,,Bété,btg/bev — à sélectionner,"Variété non sélectionnée: Gagnoa, Daloa ou autre à confirmer",NUMBER_0_100,Lecture isolée d’un nombre pour une quantité ou un montant; l’unité et le contexte doivent être ajoutés.,MEDIUM,dix-huit,dix-huit,,,DRAFT,true,,,NON_TESTE,
PROVISIONAL_FRM_NUMBER_019,,Bété,btg/bev — à sélectionner,"Variété non sélectionnée: Gagnoa, Daloa ou autre à confirmer",NUMBER_0_100,Lecture isolée d’un nombre pour une quantité ou un montant; l’unité et le contexte doivent être ajoutés.,MEDIUM,dix-neuf,dix-neuf,,,DRAFT,true,,,NON_TESTE,
PROVISIONAL_FRM_NUMBER_020,,Bété,btg/bev — à sélectionner,"Variété non sélectionnée: Gagnoa, Daloa ou autre à confirmer",NUMBER_0_100,Lecture isolée d’un nombre pour une quantité ou un montant; l’unité et le contexte doivent être ajoutés.,MEDIUM,vingt,vingt,,,DRAFT,true,,,NON_TESTE,
PROVISIONAL_FRM_NUMBER_021,,Bété,btg/bev — à sélectionner,"Variété non sélectionnée: Gagnoa, Daloa ou autre à confirmer",NUMBER_0_100,Lecture isolée d’un nombre pour une quantité ou un montant; l’unité et le contexte doivent être ajoutés.,MEDIUM,vingt et un,vingt et un,,,DRAFT,true,,,NON_TESTE,
PROVISIONAL_FRM_NUMBER_022,,Bété,btg/bev — à sélectionner,"Variété non sélectionnée: Gagnoa, Daloa ou autre à confirmer",NUMBER_0_100,Lecture isolée d’un nombre pour une quantité ou un montant; l’unité et le contexte doivent être ajoutés.,MEDIUM,vingt-deux,vingt-deux,,,DRAFT,true,,,NON_TESTE,
PROVISIONAL_FRM_NUMBER_023,,Bété,btg/bev — à sélectionner,"Variété non sélectionnée: Gagnoa, Daloa ou autre à confirmer",NUMBER_0_100,Lecture isolée d’un nombre pour une quantité ou un montant; l’unité et le contexte doivent être ajoutés.,MEDIUM,vingt-trois,vingt-trois,,,DRAFT,true,,,NON_TESTE,
PROVISIONAL_FRM_NUMBER_024,,Bété,btg/bev — à sélectionner,"Variété non sélectionnée: Gagnoa, Daloa ou autre à confirmer",NUMBER_0_100,Lecture isolée d’un nombre pour une quantité ou un montant; l’unité et le contexte doivent être ajoutés.,MEDIUM,vingt-quatre,vingt-quatre,,,DRAFT,true,,,NON_TESTE,
PROVISIONAL_FRM_NUMBER_025,,Bété,btg/bev — à sélectionner,"Variété non sélectionnée: Gagnoa, Daloa ou autre à confirmer",NUMBER_0_100,Lecture isolée d’un nombre pour une quantité ou un montant; l’unité et le contexte doivent être ajoutés.,MEDIUM,vingt-cinq,vingt-cinq,,,DRAFT,true,,,NON_TESTE,
PROVISIONAL_FRM_NUMBER_026,,Bété,btg/bev — à sélectionner,"Variété non sélectionnée: Gagnoa, Daloa ou autre à confirmer",NUMBER_0_100,Lecture isolée d’un nombre pour une quantité ou un montant; l’unité et le contexte doivent être ajoutés.,MEDIUM,vingt-six,vingt-six,,,DRAFT,true,,,NON_TESTE,
PROVISIONAL_FRM_NUMBER_027,,Bété,btg/bev — à sélectionner,"Variété non sélectionnée: Gagnoa, Daloa ou autre à confirmer",NUMBER_0_100,Lecture isolée d’un nombre pour une quantité ou un montant; l’unité et le contexte doivent être ajoutés.,MEDIUM,vingt-sept,vingt-sept,,,DRAFT,true,,,NON_TESTE,
PROVISIONAL_FRM_NUMBER_028,,Bété,btg/bev — à sélectionner,"Variété non sélectionnée: Gagnoa, Daloa ou autre à confirmer",NUMBER_0_100,Lecture isolée d’un nombre pour une quantité ou un montant; l’unité et le contexte doivent être ajoutés.,MEDIUM,vingt-huit,vingt-huit,,,DRAFT,true,,,NON_TESTE,
PROVISIONAL_FRM_NUMBER_029,,Bété,btg/bev — à sélectionner,"Variété non sélectionnée: Gagnoa, Daloa ou autre à confirmer",NUMBER_0_100,Lecture isolée d’un nombre pour une quantité ou un montant; l’unité et le contexte doivent être ajoutés.,MEDIUM,vingt-neuf,vingt-neuf,,,DRAFT,true,,,NON_TESTE,
PROVISIONAL_FRM_NUMBER_030,,Bété,btg/bev — à sélectionner,"Variété non sélectionnée: Gagnoa, Daloa ou autre à confirmer",NUMBER_0_100,Lecture isolée d’un nombre pour une quantité ou un montant; l’unité et le contexte doivent être ajoutés.,MEDIUM,trente,trente,,,DRAFT,true,,,NON_TESTE,
PROVISIONAL_FRM_NUMBER_031,,Bété,btg/bev — à sélectionner,"Variété non sélectionnée: Gagnoa, Daloa ou autre à confirmer",NUMBER_0_100,Lecture isolée d’un nombre pour une quantité ou un montant; l’unité et le contexte doivent être ajoutés.,MEDIUM,trente et un,trente et un,,,DRAFT,true,,,NON_TESTE,
PROVISIONAL_FRM_NUMBER_032,,Bété,btg/bev — à sélectionner,"Variété non sélectionnée: Gagnoa, Daloa ou autre à confirmer",NUMBER_0_100,Lecture isolée d’un nombre pour une quantité ou un montant; l’unité et le contexte doivent être ajoutés.,MEDIUM,trente-deux,trente-deux,,,DRAFT,true,,,NON_TESTE,
PROVISIONAL_FRM_NUMBER_033,,Bété,btg/bev — à sélectionner,"Variété non sélectionnée: Gagnoa, Daloa ou autre à confirmer",NUMBER_0_100,Lecture isolée d’un nombre pour une quantité ou un montant; l’unité et le contexte doivent être ajoutés.,MEDIUM,trente-trois,trente-trois,,,DRAFT,true,,,NON_TESTE,
PROVISIONAL_FRM_NUMBER_034,,Bété,btg/bev — à sélectionner,"Variété non sélectionnée: Gagnoa, Daloa ou autre à confirmer",NUMBER_0_100,Lecture isolée d’un nombre pour une quantité ou un montant; l’unité et le contexte doivent être ajoutés.,MEDIUM,trente-quatre,trente-quatre,,,DRAFT,true,,,NON_TESTE,
PROVISIONAL_FRM_NUMBER_035,,Bété,btg/bev — à sélectionner,"Variété non sélectionnée: Gagnoa, Daloa ou autre à confirmer",NUMBER_0_100,Lecture isolée d’un nombre pour une quantité ou un montant; l’unité et le contexte doivent être ajoutés.,MEDIUM,trente-cinq,trente-cinq,,,DRAFT,true,,,NON_TESTE,
PROVISIONAL_FRM_NUMBER_036,,Bété,btg/bev — à sélectionner,"Variété non sélectionnée: Gagnoa, Daloa ou autre à confirmer",NUMBER_0_100,Lecture isolée d’un nombre pour une quantité ou un montant; l’unité et le contexte doivent être ajoutés.,MEDIUM,trente-six,trente-six,,,DRAFT,true,,,NON_TESTE,
PROVISIONAL_FRM_NUMBER_037,,Bété,btg/bev — à sélectionner,"Variété non sélectionnée: Gagnoa, Daloa ou autre à confirmer",NUMBER_0_100,Lecture isolée d’un nombre pour une quantité ou un montant; l’unité et le contexte doivent être ajoutés.,MEDIUM,trente-sept,trente-sept,,,DRAFT,true,,,NON_TESTE,
PROVISIONAL_FRM_NUMBER_038,,Bété,btg/bev — à sélectionner,"Variété non sélectionnée: Gagnoa, Daloa ou autre à confirmer",NUMBER_0_100,Lecture isolée d’un nombre pour une quantité ou un montant; l’unité et le contexte doivent être ajoutés.,MEDIUM,trente-huit,trente-huit,,,DRAFT,true,,,NON_TESTE,
PROVISIONAL_FRM_NUMBER_039,,Bété,btg/bev — à sélectionner,"Variété non sélectionnée: Gagnoa, Daloa ou autre à confirmer",NUMBER_0_100,Lecture isolée d’un nombre pour une quantité ou un montant; l’unité et le contexte doivent être ajoutés.,MEDIUM,trente-neuf,trente-neuf,,,DRAFT,true,,,NON_TESTE,
PROVISIONAL_FRM_NUMBER_040,,Bété,btg/bev — à sélectionner,"Variété non sélectionnée: Gagnoa, Daloa ou autre à confirmer",NUMBER_0_100,Lecture isolée d’un nombre pour une quantité ou un montant; l’unité et le contexte doivent être ajoutés.,MEDIUM,quarante,quarante,,,DRAFT,true,,,NON_TESTE,
PROVISIONAL_FRM_NUMBER_041,,Bété,btg/bev — à sélectionner,"Variété non sélectionnée: Gagnoa, Daloa ou autre à confirmer",NUMBER_0_100,Lecture isolée d’un nombre pour une quantité ou un montant; l’unité et le contexte doivent être ajoutés.,MEDIUM,quarante et un,quarante et un,,,DRAFT,true,,,NON_TESTE,
PROVISIONAL_FRM_NUMBER_042,,Bété,btg/bev — à sélectionner,"Variété non sélectionnée: Gagnoa, Daloa ou autre à confirmer",NUMBER_0_100,Lecture isolée d’un nombre pour une quantité ou un montant; l’unité et le contexte doivent être ajoutés.,MEDIUM,quarante-deux,quarante-deux,,,DRAFT,true,,,NON_TESTE,
PROVISIONAL_FRM_NUMBER_043,,Bété,btg/bev — à sélectionner,"Variété non sélectionnée: Gagnoa, Daloa ou autre à confirmer",NUMBER_0_100,Lecture isolée d’un nombre pour une quantité ou un montant; l’unité et le contexte doivent être ajoutés.,MEDIUM,quarante-trois,quarante-trois,,,DRAFT,true,,,NON_TESTE,
PROVISIONAL_FRM_NUMBER_044,,Bété,btg/bev — à sélectionner,"Variété non sélectionnée: Gagnoa, Daloa ou autre à confirmer",NUMBER_0_100,Lecture isolée d’un nombre pour une quantité ou un montant; l’unité et le contexte doivent être ajoutés.,MEDIUM,quarante-quatre,quarante-quatre,,,DRAFT,true,,,NON_TESTE,
PROVISIONAL_FRM_NUMBER_045,,Bété,btg/bev — à sélectionner,"Variété non sélectionnée: Gagnoa, Daloa ou autre à confirmer",NUMBER_0_100,Lecture isolée d’un nombre pour une quantité ou un montant; l’unité et le contexte doivent être ajoutés.,MEDIUM,quarante-cinq,quarante-cinq,,,DRAFT,true,,,NON_TESTE,
PROVISIONAL_FRM_NUMBER_046,,Bété,btg/bev — à sélectionner,"Variété non sélectionnée: Gagnoa, Daloa ou autre à confirmer",NUMBER_0_100,Lecture isolée d’un nombre pour une quantité ou un montant; l’unité et le contexte doivent être ajoutés.,MEDIUM,quarante-six,quarante-six,,,DRAFT,true,,,NON_TESTE,
PROVISIONAL_FRM_NUMBER_047,,Bété,btg/bev — à sélectionner,"Variété non sélectionnée: Gagnoa, Daloa ou autre à confirmer",NUMBER_0_100,Lecture isolée d’un nombre pour une quantité ou un montant; l’unité et le contexte doivent être ajoutés.,MEDIUM,quarante-sept,quarante-sept,,,DRAFT,true,,,NON_TESTE,
PROVISIONAL_FRM_NUMBER_048,,Bété,btg/bev — à sélectionner,"Variété non sélectionnée: Gagnoa, Daloa ou autre à confirmer",NUMBER_0_100,Lecture isolée d’un nombre pour une quantité ou un montant; l’unité et le contexte doivent être ajoutés.,MEDIUM,quarante-huit,quarante-huit,,,DRAFT,true,,,NON_TESTE,
PROVISIONAL_FRM_NUMBER_049,,Bété,btg/bev — à sélectionner,"Variété non sélectionnée: Gagnoa, Daloa ou autre à confirmer",NUMBER_0_100,Lecture isolée d’un nombre pour une quantité ou un montant; l’unité et le contexte doivent être ajoutés.,MEDIUM,quarante-neuf,quarante-neuf,,,DRAFT,true,,,NON_TESTE,
PROVISIONAL_FRM_NUMBER_050,,Bété,btg/bev — à sélectionner,"Variété non sélectionnée: Gagnoa, Daloa ou autre à confirmer",NUMBER_0_100,Lecture isolée d’un nombre pour une quantité ou un montant; l’unité et le contexte doivent être ajoutés.,MEDIUM,cinquante,cinquante,,,DRAFT,true,,,NON_TESTE,
PROVISIONAL_FRM_NUMBER_051,,Bété,btg/bev — à sélectionner,"Variété non sélectionnée: Gagnoa, Daloa ou autre à confirmer",NUMBER_0_100,Lecture isolée d’un nombre pour une quantité ou un montant; l’unité et le contexte doivent être ajoutés.,MEDIUM,cinquante et un,cinquante et un,,,DRAFT,true,,,NON_TESTE,
PROVISIONAL_FRM_NUMBER_052,,Bété,btg/bev — à sélectionner,"Variété non sélectionnée: Gagnoa, Daloa ou autre à confirmer",NUMBER_0_100,Lecture isolée d’un nombre pour une quantité ou un montant; l’unité et le contexte doivent être ajoutés.,MEDIUM,cinquante-deux,cinquante-deux,,,DRAFT,true,,,NON_TESTE,
PROVISIONAL_FRM_NUMBER_053,,Bété,btg/bev — à sélectionner,"Variété non sélectionnée: Gagnoa, Daloa ou autre à confirmer",NUMBER_0_100,Lecture isolée d’un nombre pour une quantité ou un montant; l’unité et le contexte doivent être ajoutés.,MEDIUM,cinquante-trois,cinquante-trois,,,DRAFT,true,,,NON_TESTE,
PROVISIONAL_FRM_NUMBER_054,,Bété,btg/bev — à sélectionner,"Variété non sélectionnée: Gagnoa, Daloa ou autre à confirmer",NUMBER_0_100,Lecture isolée d’un nombre pour une quantité ou un montant; l’unité et le contexte doivent être ajoutés.,MEDIUM,cinquante-quatre,cinquante-quatre,,,DRAFT,true,,,NON_TESTE,
PROVISIONAL_FRM_NUMBER_055,,Bété,btg/bev — à sélectionner,"Variété non sélectionnée: Gagnoa, Daloa ou autre à confirmer",NUMBER_0_100,Lecture isolée d’un nombre pour une quantité ou un montant; l’unité et le contexte doivent être ajoutés.,MEDIUM,cinquante-cinq,cinquante-cinq,,,DRAFT,true,,,NON_TESTE,
PROVISIONAL_FRM_NUMBER_056,,Bété,btg/bev — à sélectionner,"Variété non sélectionnée: Gagnoa, Daloa ou autre à confirmer",NUMBER_0_100,Lecture isolée d’un nombre pour une quantité ou un montant; l’unité et le contexte doivent être ajoutés.,MEDIUM,cinquante-six,cinquante-six,,,DRAFT,true,,,NON_TESTE,
PROVISIONAL_FRM_NUMBER_057,,Bété,btg/bev — à sélectionner,"Variété non sélectionnée: Gagnoa, Daloa ou autre à confirmer",NUMBER_0_100,Lecture isolée d’un nombre pour une quantité ou un montant; l’unité et le contexte doivent être ajoutés.,MEDIUM,cinquante-sept,cinquante-sept,,,DRAFT,true,,,NON_TESTE,
PROVISIONAL_FRM_NUMBER_058,,Bété,btg/bev — à sélectionner,"Variété non sélectionnée: Gagnoa, Daloa ou autre à confirmer",NUMBER_0_100,Lecture isolée d’un nombre pour une quantité ou un montant; l’unité et le contexte doivent être ajoutés.,MEDIUM,cinquante-huit,cinquante-huit,,,DRAFT,true,,,NON_TESTE,
PROVISIONAL_FRM_NUMBER_059,,Bété,btg/bev — à sélectionner,"Variété non sélectionnée: Gagnoa, Daloa ou autre à confirmer",NUMBER_0_100,Lecture isolée d’un nombre pour une quantité ou un montant; l’unité et le contexte doivent être ajoutés.,MEDIUM,cinquante-neuf,cinquante-neuf,,,DRAFT,true,,,NON_TESTE,
PROVISIONAL_FRM_NUMBER_060,,Bété,btg/bev — à sélectionner,"Variété non sélectionnée: Gagnoa, Daloa ou autre à confirmer",NUMBER_0_100,Lecture isolée d’un nombre pour une quantité ou un montant; l’unité et le contexte doivent être ajoutés.,MEDIUM,soixante,soixante,,,DRAFT,true,,,NON_TESTE,
PROVISIONAL_FRM_NUMBER_061,,Bété,btg/bev — à sélectionner,"Variété non sélectionnée: Gagnoa, Daloa ou autre à confirmer",NUMBER_0_100,Lecture isolée d’un nombre pour une quantité ou un montant; l’unité et le contexte doivent être ajoutés.,MEDIUM,soixante et un,soixante et un,,,DRAFT,true,,,NON_TESTE,
PROVISIONAL_FRM_NUMBER_062,,Bété,btg/bev — à sélectionner,"Variété non sélectionnée: Gagnoa, Daloa ou autre à confirmer",NUMBER_0_100,Lecture isolée d’un nombre pour une quantité ou un montant; l’unité et le contexte doivent être ajoutés.,MEDIUM,soixante-deux,soixante-deux,,,DRAFT,true,,,NON_TESTE,
PROVISIONAL_FRM_NUMBER_063,,Bété,btg/bev — à sélectionner,"Variété non sélectionnée: Gagnoa, Daloa ou autre à confirmer",NUMBER_0_100,Lecture isolée d’un nombre pour une quantité ou un montant; l’unité et le contexte doivent être ajoutés.,MEDIUM,soixante-trois,soixante-trois,,,DRAFT,true,,,NON_TESTE,
PROVISIONAL_FRM_NUMBER_064,,Bété,btg/bev — à sélectionner,"Variété non sélectionnée: Gagnoa, Daloa ou autre à confirmer",NUMBER_0_100,Lecture isolée d’un nombre pour une quantité ou un montant; l’unité et le contexte doivent être ajoutés.,MEDIUM,soixante-quatre,soixante-quatre,,,DRAFT,true,,,NON_TESTE,
PROVISIONAL_FRM_NUMBER_065,,Bété,btg/bev — à sélectionner,"Variété non sélectionnée: Gagnoa, Daloa ou autre à confirmer",NUMBER_0_100,Lecture isolée d’un nombre pour une quantité ou un montant; l’unité et le contexte doivent être ajoutés.,MEDIUM,soixante-cinq,soixante-cinq,,,DRAFT,true,,,NON_TESTE,
PROVISIONAL_FRM_NUMBER_066,,Bété,btg/bev — à sélectionner,"Variété non sélectionnée: Gagnoa, Daloa ou autre à confirmer",NUMBER_0_100,Lecture isolée d’un nombre pour une quantité ou un montant; l’unité et le contexte doivent être ajoutés.,MEDIUM,soixante-six,soixante-six,,,DRAFT,true,,,NON_TESTE,
PROVISIONAL_FRM_NUMBER_067,,Bété,btg/bev — à sélectionner,"Variété non sélectionnée: Gagnoa, Daloa ou autre à confirmer",NUMBER_0_100,Lecture isolée d’un nombre pour une quantité ou un montant; l’unité et le contexte doivent être ajoutés.,MEDIUM,soixante-sept,soixante-sept,,,DRAFT,true,,,NON_TESTE,
PROVISIONAL_FRM_NUMBER_068,,Bété,btg/bev — à sélectionner,"Variété non sélectionnée: Gagnoa, Daloa ou autre à confirmer",NUMBER_0_100,Lecture isolée d’un nombre pour une quantité ou un montant; l’unité et le contexte doivent être ajoutés.,MEDIUM,soixante-huit,soixante-huit,,,DRAFT,true,,,NON_TESTE,
PROVISIONAL_FRM_NUMBER_069,,Bété,btg/bev — à sélectionner,"Variété non sélectionnée: Gagnoa, Daloa ou autre à confirmer",NUMBER_0_100,Lecture isolée d’un nombre pour une quantité ou un montant; l’unité et le contexte doivent être ajoutés.,MEDIUM,soixante-neuf,soixante-neuf,,,DRAFT,true,,,NON_TESTE,
PROVISIONAL_FRM_NUMBER_070,,Bété,btg/bev — à sélectionner,"Variété non sélectionnée: Gagnoa, Daloa ou autre à confirmer",NUMBER_0_100,Lecture isolée d’un nombre pour une quantité ou un montant; l’unité et le contexte doivent être ajoutés.,MEDIUM,soixante-dix,soixante-dix,,,DRAFT,true,,,NON_TESTE,
PROVISIONAL_FRM_NUMBER_071,,Bété,btg/bev — à sélectionner,"Variété non sélectionnée: Gagnoa, Daloa ou autre à confirmer",NUMBER_0_100,Lecture isolée d’un nombre pour une quantité ou un montant; l’unité et le contexte doivent être ajoutés.,MEDIUM,soixante et onze,soixante et onze,,,DRAFT,true,,,NON_TESTE,
PROVISIONAL_FRM_NUMBER_072,,Bété,btg/bev — à sélectionner,"Variété non sélectionnée: Gagnoa, Daloa ou autre à confirmer",NUMBER_0_100,Lecture isolée d’un nombre pour une quantité ou un montant; l’unité et le contexte doivent être ajoutés.,MEDIUM,soixante-douze,soixante-douze,,,DRAFT,true,,,NON_TESTE,
PROVISIONAL_FRM_NUMBER_073,,Bété,btg/bev — à sélectionner,"Variété non sélectionnée: Gagnoa, Daloa ou autre à confirmer",NUMBER_0_100,Lecture isolée d’un nombre pour une quantité ou un montant; l’unité et le contexte doivent être ajoutés.,MEDIUM,soixante-treize,soixante-treize,,,DRAFT,true,,,NON_TESTE,
PROVISIONAL_FRM_NUMBER_074,,Bété,btg/bev — à sélectionner,"Variété non sélectionnée: Gagnoa, Daloa ou autre à confirmer",NUMBER_0_100,Lecture isolée d’un nombre pour une quantité ou un montant; l’unité et le contexte doivent être ajoutés.,MEDIUM,soixante-quatorze,soixante-quatorze,,,DRAFT,true,,,NON_TESTE,
PROVISIONAL_FRM_NUMBER_075,,Bété,btg/bev — à sélectionner,"Variété non sélectionnée: Gagnoa, Daloa ou autre à confirmer",NUMBER_0_100,Lecture isolée d’un nombre pour une quantité ou un montant; l’unité et le contexte doivent être ajoutés.,MEDIUM,soixante-quinze,soixante-quinze,,,DRAFT,true,,,NON_TESTE,
PROVISIONAL_FRM_NUMBER_076,,Bété,btg/bev — à sélectionner,"Variété non sélectionnée: Gagnoa, Daloa ou autre à confirmer",NUMBER_0_100,Lecture isolée d’un nombre pour une quantité ou un montant; l’unité et le contexte doivent être ajoutés.,MEDIUM,soixante-seize,soixante-seize,,,DRAFT,true,,,NON_TESTE,
PROVISIONAL_FRM_NUMBER_077,,Bété,btg/bev — à sélectionner,"Variété non sélectionnée: Gagnoa, Daloa ou autre à confirmer",NUMBER_0_100,Lecture isolée d’un nombre pour une quantité ou un montant; l’unité et le contexte doivent être ajoutés.,MEDIUM,soixante-dix-sept,soixante-dix-sept,,,DRAFT,true,,,NON_TESTE,
PROVISIONAL_FRM_NUMBER_078,,Bété,btg/bev — à sélectionner,"Variété non sélectionnée: Gagnoa, Daloa ou autre à confirmer",NUMBER_0_100,Lecture isolée d’un nombre pour une quantité ou un montant; l’unité et le contexte doivent être ajoutés.,MEDIUM,soixante-dix-huit,soixante-dix-huit,,,DRAFT,true,,,NON_TESTE,
PROVISIONAL_FRM_NUMBER_079,,Bété,btg/bev — à sélectionner,"Variété non sélectionnée: Gagnoa, Daloa ou autre à confirmer",NUMBER_0_100,Lecture isolée d’un nombre pour une quantité ou un montant; l’unité et le contexte doivent être ajoutés.,MEDIUM,soixante-dix-neuf,soixante-dix-neuf,,,DRAFT,true,,,NON_TESTE,
PROVISIONAL_FRM_NUMBER_080,,Bété,btg/bev — à sélectionner,"Variété non sélectionnée: Gagnoa, Daloa ou autre à confirmer",NUMBER_0_100,Lecture isolée d’un nombre pour une quantité ou un montant; l’unité et le contexte doivent être ajoutés.,MEDIUM,quatre-vingts,quatre-vingts,,,DRAFT,true,,,NON_TESTE,
PROVISIONAL_FRM_NUMBER_081,,Bété,btg/bev — à sélectionner,"Variété non sélectionnée: Gagnoa, Daloa ou autre à confirmer",NUMBER_0_100,Lecture isolée d’un nombre pour une quantité ou un montant; l’unité et le contexte doivent être ajoutés.,MEDIUM,quatre-vingt-un,quatre-vingt-un,,,DRAFT,true,,,NON_TESTE,
PROVISIONAL_FRM_NUMBER_082,,Bété,btg/bev — à sélectionner,"Variété non sélectionnée: Gagnoa, Daloa ou autre à confirmer",NUMBER_0_100,Lecture isolée d’un nombre pour une quantité ou un montant; l’unité et le contexte doivent être ajoutés.,MEDIUM,quatre-vingt-deux,quatre-vingt-deux,,,DRAFT,true,,,NON_TESTE,
PROVISIONAL_FRM_NUMBER_083,,Bété,btg/bev — à sélectionner,"Variété non sélectionnée: Gagnoa, Daloa ou autre à confirmer",NUMBER_0_100,Lecture isolée d’un nombre pour une quantité ou un montant; l’unité et le contexte doivent être ajoutés.,MEDIUM,quatre-vingt-trois,quatre-vingt-trois,,,DRAFT,true,,,NON_TESTE,
PROVISIONAL_FRM_NUMBER_084,,Bété,btg/bev — à sélectionner,"Variété non sélectionnée: Gagnoa, Daloa ou autre à confirmer",NUMBER_0_100,Lecture isolée d’un nombre pour une quantité ou un montant; l’unité et le contexte doivent être ajoutés.,MEDIUM,quatre-vingt-quatre,quatre-vingt-quatre,,,DRAFT,true,,,NON_TESTE,
PROVISIONAL_FRM_NUMBER_085,,Bété,btg/bev — à sélectionner,"Variété non sélectionnée: Gagnoa, Daloa ou autre à confirmer",NUMBER_0_100,Lecture isolée d’un nombre pour une quantité ou un montant; l’unité et le contexte doivent être ajoutés.,MEDIUM,quatre-vingt-cinq,quatre-vingt-cinq,,,DRAFT,true,,,NON_TESTE,
PROVISIONAL_FRM_NUMBER_086,,Bété,btg/bev — à sélectionner,"Variété non sélectionnée: Gagnoa, Daloa ou autre à confirmer",NUMBER_0_100,Lecture isolée d’un nombre pour une quantité ou un montant; l’unité et le contexte doivent être ajoutés.,MEDIUM,quatre-vingt-six,quatre-vingt-six,,,DRAFT,true,,,NON_TESTE,
PROVISIONAL_FRM_NUMBER_087,,Bété,btg/bev — à sélectionner,"Variété non sélectionnée: Gagnoa, Daloa ou autre à confirmer",NUMBER_0_100,Lecture isolée d’un nombre pour une quantité ou un montant; l’unité et le contexte doivent être ajoutés.,MEDIUM,quatre-vingt-sept,quatre-vingt-sept,,,DRAFT,true,,,NON_TESTE,
PROVISIONAL_FRM_NUMBER_088,,Bété,btg/bev — à sélectionner,"Variété non sélectionnée: Gagnoa, Daloa ou autre à confirmer",NUMBER_0_100,Lecture isolée d’un nombre pour une quantité ou un montant; l’unité et le contexte doivent être ajoutés.,MEDIUM,quatre-vingt-huit,quatre-vingt-huit,,,DRAFT,true,,,NON_TESTE,
PROVISIONAL_FRM_NUMBER_089,,Bété,btg/bev — à sélectionner,"Variété non sélectionnée: Gagnoa, Daloa ou autre à confirmer",NUMBER_0_100,Lecture isolée d’un nombre pour une quantité ou un montant; l’unité et le contexte doivent être ajoutés.,MEDIUM,quatre-vingt-neuf,quatre-vingt-neuf,,,DRAFT,true,,,NON_TESTE,
PROVISIONAL_FRM_NUMBER_090,,Bété,btg/bev — à sélectionner,"Variété non sélectionnée: Gagnoa, Daloa ou autre à confirmer",NUMBER_0_100,Lecture isolée d’un nombre pour une quantité ou un montant; l’unité et le contexte doivent être ajoutés.,MEDIUM,quatre-vingt-dix,quatre-vingt-dix,,,DRAFT,true,,,NON_TESTE,
PROVISIONAL_FRM_NUMBER_091,,Bété,btg/bev — à sélectionner,"Variété non sélectionnée: Gagnoa, Daloa ou autre à confirmer",NUMBER_0_100,Lecture isolée d’un nombre pour une quantité ou un montant; l’unité et le contexte doivent être ajoutés.,MEDIUM,quatre-vingt-onze,quatre-vingt-onze,,,DRAFT,true,,,NON_TESTE,
PROVISIONAL_FRM_NUMBER_092,,Bété,btg/bev — à sélectionner,"Variété non sélectionnée: Gagnoa, Daloa ou autre à confirmer",NUMBER_0_100,Lecture isolée d’un nombre pour une quantité ou un montant; l’unité et le contexte doivent être ajoutés.,MEDIUM,quatre-vingt-douze,quatre-vingt-douze,,,DRAFT,true,,,NON_TESTE,
PROVISIONAL_FRM_NUMBER_093,,Bété,btg/bev — à sélectionner,"Variété non sélectionnée: Gagnoa, Daloa ou autre à confirmer",NUMBER_0_100,Lecture isolée d’un nombre pour une quantité ou un montant; l’unité et le contexte doivent être ajoutés.,MEDIUM,quatre-vingt-treize,quatre-vingt-treize,,,DRAFT,true,,,NON_TESTE,
PROVISIONAL_FRM_NUMBER_094,,Bété,btg/bev — à sélectionner,"Variété non sélectionnée: Gagnoa, Daloa ou autre à confirmer",NUMBER_0_100,Lecture isolée d’un nombre pour une quantité ou un montant; l’unité et le contexte doivent être ajoutés.,MEDIUM,quatre-vingt-quatorze,quatre-vingt-quatorze,,,DRAFT,true,,,NON_TESTE,
PROVISIONAL_FRM_NUMBER_095,,Bété,btg/bev — à sélectionner,"Variété non sélectionnée: Gagnoa, Daloa ou autre à confirmer",NUMBER_0_100,Lecture isolée d’un nombre pour une quantité ou un montant; l’unité et le contexte doivent être ajoutés.,MEDIUM,quatre-vingt-quinze,quatre-vingt-quinze,,,DRAFT,true,,,NON_TESTE,
PROVISIONAL_FRM_NUMBER_096,,Bété,btg/bev — à sélectionner,"Variété non sélectionnée: Gagnoa, Daloa ou autre à confirmer",NUMBER_0_100,Lecture isolée d’un nombre pour une quantité ou un montant; l’unité et le contexte doivent être ajoutés.,MEDIUM,quatre-vingt-seize,quatre-vingt-seize,,,DRAFT,true,,,NON_TESTE,
PROVISIONAL_FRM_NUMBER_097,,Bété,btg/bev — à sélectionner,"Variété non sélectionnée: Gagnoa, Daloa ou autre à confirmer",NUMBER_0_100,Lecture isolée d’un nombre pour une quantité ou un montant; l’unité et le contexte doivent être ajoutés.,MEDIUM,quatre-vingt-dix-sept,quatre-vingt-dix-sept,,,DRAFT,true,,,NON_TESTE,
PROVISIONAL_FRM_NUMBER_098,,Bété,btg/bev — à sélectionner,"Variété non sélectionnée: Gagnoa, Daloa ou autre à confirmer",NUMBER_0_100,Lecture isolée d’un nombre pour une quantité ou un montant; l’unité et le contexte doivent être ajoutés.,MEDIUM,quatre-vingt-dix-huit,quatre-vingt-dix-huit,,,DRAFT,true,,,NON_TESTE,
PROVISIONAL_FRM_NUMBER_099,,Bété,btg/bev — à sélectionner,"Variété non sélectionnée: Gagnoa, Daloa ou autre à confirmer",NUMBER_0_100,Lecture isolée d’un nombre pour une quantité ou un montant; l’unité et le contexte doivent être ajoutés.,MEDIUM,quatre-vingt-dix-neuf,quatre-vingt-dix-neuf,,,DRAFT,true,,,NON_TESTE,
PROVISIONAL_FRM_NUMBER_100,,Bété,btg/bev — à sélectionner,"Variété non sélectionnée: Gagnoa, Daloa ou autre à confirmer",NUMBER_0_100,Lecture isolée d’un nombre pour une quantité ou un montant; l’unité et le contexte doivent être ajoutés.,MEDIUM,cent,cent,,,DRAFT,true,,,NON_TESTE,
PROVISIONAL_FRM_NUMBER_HUNDRED_200,,Bété,btg/bev — à sélectionner,"Variété non sélectionnée: Gagnoa, Daloa ou autre à confirmer",NUMBER_HUNDREDS,Lecture isolée d’une centaine ou de mille; l’unité et le contexte doivent être ajoutés.,MEDIUM,deux cents,deux cents,,,DRAFT,true,,,NON_TESTE,
PROVISIONAL_FRM_NUMBER_HUNDRED_300,,Bété,btg/bev — à sélectionner,"Variété non sélectionnée: Gagnoa, Daloa ou autre à confirmer",NUMBER_HUNDREDS,Lecture isolée d’une centaine ou de mille; l’unité et le contexte doivent être ajoutés.,MEDIUM,trois cents,trois cents,,,DRAFT,true,,,NON_TESTE,
PROVISIONAL_FRM_NUMBER_HUNDRED_400,,Bété,btg/bev — à sélectionner,"Variété non sélectionnée: Gagnoa, Daloa ou autre à confirmer",NUMBER_HUNDREDS,Lecture isolée d’une centaine ou de mille; l’unité et le contexte doivent être ajoutés.,MEDIUM,quatre cents,quatre cents,,,DRAFT,true,,,NON_TESTE,
PROVISIONAL_FRM_NUMBER_HUNDRED_500,,Bété,btg/bev — à sélectionner,"Variété non sélectionnée: Gagnoa, Daloa ou autre à confirmer",NUMBER_HUNDREDS,Lecture isolée d’une centaine ou de mille; l’unité et le contexte doivent être ajoutés.,MEDIUM,cinq cents,cinq cents,,,DRAFT,true,,,NON_TESTE,
PROVISIONAL_FRM_NUMBER_HUNDRED_600,,Bété,btg/bev — à sélectionner,"Variété non sélectionnée: Gagnoa, Daloa ou autre à confirmer",NUMBER_HUNDREDS,Lecture isolée d’une centaine ou de mille; l’unité et le contexte doivent être ajoutés.,MEDIUM,six cents,six cents,,,DRAFT,true,,,NON_TESTE,
PROVISIONAL_FRM_NUMBER_HUNDRED_700,,Bété,btg/bev — à sélectionner,"Variété non sélectionnée: Gagnoa, Daloa ou autre à confirmer",NUMBER_HUNDREDS,Lecture isolée d’une centaine ou de mille; l’unité et le contexte doivent être ajoutés.,MEDIUM,sept cents,sept cents,,,DRAFT,true,,,NON_TESTE,
PROVISIONAL_FRM_NUMBER_HUNDRED_800,,Bété,btg/bev — à sélectionner,"Variété non sélectionnée: Gagnoa, Daloa ou autre à confirmer",NUMBER_HUNDREDS,Lecture isolée d’une centaine ou de mille; l’unité et le contexte doivent être ajoutés.,MEDIUM,huit cents,huit cents,,,DRAFT,true,,,NON_TESTE,
PROVISIONAL_FRM_NUMBER_HUNDRED_900,,Bété,btg/bev — à sélectionner,"Variété non sélectionnée: Gagnoa, Daloa ou autre à confirmer",NUMBER_HUNDREDS,Lecture isolée d’une centaine ou de mille; l’unité et le contexte doivent être ajoutés.,MEDIUM,neuf cents,neuf cents,,,DRAFT,true,,,NON_TESTE,
PROVISIONAL_FRM_NUMBER_THOUSAND_1000,,Bété,btg/bev — à sélectionner,"Variété non sélectionnée: Gagnoa, Daloa ou autre à confirmer",NUMBER_THOUSAND,Lecture isolée d’une centaine ou de mille; l’unité et le contexte doivent être ajoutés.,MEDIUM,mille,mille,,,DRAFT,true,,,NON_TESTE,
PROVISIONAL_FRM_UNIT_01_UNITE,,Bété,btg/bev — à sélectionner,"Variété non sélectionnée: Gagnoa, Daloa ou autre à confirmer",UNIT,Unité de vente orale.,LOW,unité,à l’unité,,,DRAFT,true,,,NON_TESTE,
PROVISIONAL_FRM_UNIT_02_TAS,,Bété,btg/bev — à sélectionner,"Variété non sélectionnée: Gagnoa, Daloa ou autre à confirmer",UNIT,Unité de vente orale.,LOW,tas,tas,,,DRAFT,true,,,NON_TESTE,
PROVISIONAL_FRM_UNIT_03_SAC,,Bété,btg/bev — à sélectionner,"Variété non sélectionnée: Gagnoa, Daloa ou autre à confirmer",UNIT,Unité de vente orale.,LOW,sac,sac,,,DRAFT,true,,,NON_TESTE,
PROVISIONAL_FRM_UNIT_04_KILO,,Bété,btg/bev — à sélectionner,"Variété non sélectionnée: Gagnoa, Daloa ou autre à confirmer",UNIT,Unité de vente orale.,LOW,kilo,kilo,,,DRAFT,true,,,NON_TESTE,
PROVISIONAL_FRM_UNIT_05_BOTTE,,Bété,btg/bev — à sélectionner,"Variété non sélectionnée: Gagnoa, Daloa ou autre à confirmer",UNIT,Unité de vente orale.,LOW,botte,botte,,,DRAFT,true,,,NON_TESTE,
PROVISIONAL_FRM_UNIT_06_BIDON,,Bété,btg/bev — à sélectionner,"Variété non sélectionnée: Gagnoa, Daloa ou autre à confirmer",UNIT,Unité de vente orale.,LOW,bidon,bidon,,,DRAFT,true,,,NON_TESTE,
PROVISIONAL_FRM_UNIT_07_SACHET,,Bété,btg/bev — à sélectionner,"Variété non sélectionnée: Gagnoa, Daloa ou autre à confirmer",UNIT,Unité de vente orale.,LOW,sachet,sachet,,,DRAFT,true,,,NON_TESTE,
PROVISIONAL_FRM_UNIT_08_PAQUET,,Bété,btg/bev — à sélectionner,"Variété non sélectionnée: Gagnoa, Daloa ou autre à confirmer",UNIT,Unité de vente orale.,LOW,paquet,paquet,,,DRAFT,true,,,NON_TESTE,
PROVISIONAL_FRM_UNIT_09_MORCEAU,,Bété,btg/bev — à sélectionner,"Variété non sélectionnée: Gagnoa, Daloa ou autre à confirmer",UNIT,Unité de vente orale.,LOW,morceau,morceau,,,DRAFT,true,,,NON_TESTE,
PROVISIONAL_FRM_UNIT_10_LITRE,,Bété,btg/bev — à sélectionner,"Variété non sélectionnée: Gagnoa, Daloa ou autre à confirmer",UNIT,Unité de vente orale.,LOW,litre,litre,,,DRAFT,true,,,NON_TESTE,
PROVISIONAL_FRM_UNIT_11_REGIME,,Bété,btg/bev — à sélectionner,"Variété non sélectionnée: Gagnoa, Daloa ou autre à confirmer",UNIT,Unité de vente orale.,LOW,régime,régime,,,DRAFT,true,,,NON_TESTE,
PROVISIONAL_FRM_UNIT_12_CARTON,,Bété,btg/bev — à sélectionner,"Variété non sélectionnée: Gagnoa, Daloa ou autre à confirmer",UNIT,Unité de vente orale.,LOW,carton,carton,,,DRAFT,true,,,NON_TESTE,
PROVISIONAL_FRM_UNIT_13_CAISSE,,Bété,btg/bev — à sélectionner,"Variété non sélectionnée: Gagnoa, Daloa ou autre à confirmer",UNIT,Unité de vente orale.,LOW,caisse,caisse,,,DRAFT,true,,,NON_TESTE,
PROVISIONAL_FRM_UNIT_14_BOUTEILLE,,Bété,btg/bev — à sélectionner,"Variété non sélectionnée: Gagnoa, Daloa ou autre à confirmer",UNIT,Unité de vente orale.,LOW,bouteille,bouteille,,,DRAFT,true,,,NON_TESTE,
PROVISIONAL_FRM_UNIT_15_PANIER,,Bété,btg/bev — à sélectionner,"Variété non sélectionnée: Gagnoa, Daloa ou autre à confirmer",UNIT,Unité de vente orale.,LOW,panier,panier,,,DRAFT,true,,,NON_TESTE,
PROVISIONAL_FRM_UNIT_16_FRANC,,Bété,btg/bev — à sélectionner,"Variété non sélectionnée: Gagnoa, Daloa ou autre à confirmer",UNIT,Dénomination monétaire orale; à associer à un nombre et au contexte.,HIGH,franc,franc,,,DRAFT,true,,,NON_TESTE,
PROVISIONAL_FRM_UNIT_17_FCFA,,Bété,btg/bev — à sélectionner,"Variété non sélectionnée: Gagnoa, Daloa ou autre à confirmer",UNIT,Dénomination monétaire orale; à associer à un nombre et au contexte.,HIGH,FCFA,franc CFA,,,DRAFT,true,,,NON_TESTE,
PROVISIONAL_FRM_PRODUCT_01_TOMATE,,Bété,btg/bev — à sélectionner,"Variété non sélectionnée: Gagnoa, Daloa ou autre à confirmer",PRODUCT,Nom de produit à annoncer ou saisir dans une vente; aucun identifiant produit métier n’est créé.,LOW,tomate,tomate,,,DRAFT,true,,,NON_TESTE,
PROVISIONAL_FRM_PRODUCT_02_PIMENT,,Bété,btg/bev — à sélectionner,"Variété non sélectionnée: Gagnoa, Daloa ou autre à confirmer",PRODUCT,Nom de produit à annoncer ou saisir dans une vente; aucun identifiant produit métier n’est créé.,LOW,piment,piment,,,DRAFT,true,,,NON_TESTE,
PROVISIONAL_FRM_PRODUCT_03_GOMBO,,Bété,btg/bev — à sélectionner,"Variété non sélectionnée: Gagnoa, Daloa ou autre à confirmer",PRODUCT,Nom de produit à annoncer ou saisir dans une vente; aucun identifiant produit métier n’est créé.,LOW,gombo,gombo,,,DRAFT,true,,,NON_TESTE,
PROVISIONAL_FRM_PRODUCT_04_ATTIEKE,,Bété,btg/bev — à sélectionner,"Variété non sélectionnée: Gagnoa, Daloa ou autre à confirmer",PRODUCT,Nom de produit à annoncer ou saisir dans une vente; aucun identifiant produit métier n’est créé.,LOW,attiéké,attiéké,,,DRAFT,true,,,NON_TESTE,
PROVISIONAL_FRM_PRODUCT_05_BANANE,,Bété,btg/bev — à sélectionner,"Variété non sélectionnée: Gagnoa, Daloa ou autre à confirmer",PRODUCT,Nom de produit à annoncer ou saisir dans une vente; aucun identifiant produit métier n’est créé.,LOW,banane,banane,,,DRAFT,true,,,NON_TESTE,
PROVISIONAL_FRM_PRODUCT_06_PLANTAIN,,Bété,btg/bev — à sélectionner,"Variété non sélectionnée: Gagnoa, Daloa ou autre à confirmer",PRODUCT,Nom de produit à annoncer ou saisir dans une vente; aucun identifiant produit métier n’est créé.,LOW,plantain,plantain,,,DRAFT,true,,,NON_TESTE,
PROVISIONAL_FRM_PRODUCT_07_IGNAME,,Bété,btg/bev — à sélectionner,"Variété non sélectionnée: Gagnoa, Daloa ou autre à confirmer",PRODUCT,Nom de produit à annoncer ou saisir dans une vente; aucun identifiant produit métier n’est créé.,LOW,igname,igname,,,DRAFT,true,,,NON_TESTE,
PROVISIONAL_FRM_PRODUCT_08_MANIOC,,Bété,btg/bev — à sélectionner,"Variété non sélectionnée: Gagnoa, Daloa ou autre à confirmer",PRODUCT,Nom de produit à annoncer ou saisir dans une vente; aucun identifiant produit métier n’est créé.,LOW,manioc,manioc,,,DRAFT,true,,,NON_TESTE,
PROVISIONAL_FRM_PRODUCT_09_AUBERGINE,,Bété,btg/bev — à sélectionner,"Variété non sélectionnée: Gagnoa, Daloa ou autre à confirmer",PRODUCT,Nom de produit à annoncer ou saisir dans une vente; aucun identifiant produit métier n’est créé.,LOW,aubergine,aubergine,,,DRAFT,true,,,NON_TESTE,
PROVISIONAL_FRM_PRODUCT_10_OIGNON,,Bété,btg/bev — à sélectionner,"Variété non sélectionnée: Gagnoa, Daloa ou autre à confirmer",PRODUCT,Nom de produit à annoncer ou saisir dans une vente; aucun identifiant produit métier n’est créé.,LOW,oignon,oignon,,,DRAFT,true,,,NON_TESTE,
PROVISIONAL_FRM_PRODUCT_11_AIL,,Bété,btg/bev — à sélectionner,"Variété non sélectionnée: Gagnoa, Daloa ou autre à confirmer",PRODUCT,Nom de produit à annoncer ou saisir dans une vente; aucun identifiant produit métier n’est créé.,LOW,ail,ail,,,DRAFT,true,,,NON_TESTE,
PROVISIONAL_FRM_PRODUCT_12_POISSON,,Bété,btg/bev — à sélectionner,"Variété non sélectionnée: Gagnoa, Daloa ou autre à confirmer",PRODUCT,Nom de produit à annoncer ou saisir dans une vente; aucun identifiant produit métier n’est créé.,LOW,poisson,poisson,,,DRAFT,true,,,NON_TESTE,
PROVISIONAL_FRM_PRODUCT_13_VIANDE,,Bété,btg/bev — à sélectionner,"Variété non sélectionnée: Gagnoa, Daloa ou autre à confirmer",PRODUCT,Nom de produit à annoncer ou saisir dans une vente; aucun identifiant produit métier n’est créé.,LOW,viande,viande,,,DRAFT,true,,,NON_TESTE,
PROVISIONAL_FRM_PRODUCT_14_POULET,,Bété,btg/bev — à sélectionner,"Variété non sélectionnée: Gagnoa, Daloa ou autre à confirmer",PRODUCT,Nom de produit à annoncer ou saisir dans une vente; aucun identifiant produit métier n’est créé.,LOW,poulet,poulet,,,DRAFT,true,,,NON_TESTE,
PROVISIONAL_FRM_PRODUCT_15_HUILE,,Bété,btg/bev — à sélectionner,"Variété non sélectionnée: Gagnoa, Daloa ou autre à confirmer",PRODUCT,Nom de produit à annoncer ou saisir dans une vente; aucun identifiant produit métier n’est créé.,LOW,huile,huile,,,DRAFT,true,,,NON_TESTE,
PROVISIONAL_FRM_PRODUCT_16_SEL,,Bété,btg/bev — à sélectionner,"Variété non sélectionnée: Gagnoa, Daloa ou autre à confirmer",PRODUCT,Nom de produit à annoncer ou saisir dans une vente; aucun identifiant produit métier n’est créé.,LOW,sel,sel,,,DRAFT,true,,,NON_TESTE,
PROVISIONAL_FRM_PRODUCT_17_SUCRE,,Bété,btg/bev — à sélectionner,"Variété non sélectionnée: Gagnoa, Daloa ou autre à confirmer",PRODUCT,Nom de produit à annoncer ou saisir dans une vente; aucun identifiant produit métier n’est créé.,LOW,sucre,sucre,,,DRAFT,true,,,NON_TESTE,
PROVISIONAL_FRM_PRODUCT_18_RIZ,,Bété,btg/bev — à sélectionner,"Variété non sélectionnée: Gagnoa, Daloa ou autre à confirmer",PRODUCT,Nom de produit à annoncer ou saisir dans une vente; aucun identifiant produit métier n’est créé.,LOW,riz,riz,,,DRAFT,true,,,NON_TESTE,
PROVISIONAL_FRM_PRODUCT_19_HARICOT,,Bété,btg/bev — à sélectionner,"Variété non sélectionnée: Gagnoa, Daloa ou autre à confirmer",PRODUCT,Nom de produit à annoncer ou saisir dans une vente; aucun identifiant produit métier n’est créé.,LOW,haricot,haricot,,,DRAFT,true,,,NON_TESTE,
PROVISIONAL_FRM_PRODUCT_20_MAIS,,Bété,btg/bev — à sélectionner,"Variété non sélectionnée: Gagnoa, Daloa ou autre à confirmer",PRODUCT,Nom de produit à annoncer ou saisir dans une vente; aucun identifiant produit métier n’est créé.,LOW,maïs,maïs,,,DRAFT,true,,,NON_TESTE,
PROVISIONAL_FRM_PRODUCT_21_FOUTOU,,Bété,btg/bev — à sélectionner,"Variété non sélectionnée: Gagnoa, Daloa ou autre à confirmer",PRODUCT,Nom de produit à annoncer ou saisir dans une vente; aucun identifiant produit métier n’est créé.,LOW,foutou,foutou,,,DRAFT,true,,,NON_TESTE,
PROVISIONAL_FRM_PRODUCT_22_ORANGE,,Bété,btg/bev — à sélectionner,"Variété non sélectionnée: Gagnoa, Daloa ou autre à confirmer",PRODUCT,Nom de produit à annoncer ou saisir dans une vente; aucun identifiant produit métier n’est créé.,LOW,orange,orange,,,DRAFT,true,,,NON_TESTE,
PROVISIONAL_FRM_PRODUCT_23_SAVON,,Bété,btg/bev — à sélectionner,"Variété non sélectionnée: Gagnoa, Daloa ou autre à confirmer",PRODUCT,Nom de produit à annoncer ou saisir dans une vente; aucun identifiant produit métier n’est créé.,LOW,savon,savon,,,DRAFT,true,,,NON_TESTE,
PROVISIONAL_FRM_PRODUCT_24_FARINE,,Bété,btg/bev — à sélectionner,"Variété non sélectionnée: Gagnoa, Daloa ou autre à confirmer",PRODUCT,Nom de produit à annoncer ou saisir dans une vente; aucun identifiant produit métier n’est créé.,LOW,farine,farine,,,DRAFT,true,,,NON_TESTE,
PROVISIONAL_FRM_PRODUCT_25_JUS,,Bété,btg/bev — à sélectionner,"Variété non sélectionnée: Gagnoa, Daloa ou autre à confirmer",PRODUCT,Nom de produit à annoncer ou saisir dans une vente; aucun identifiant produit métier n’est créé.,LOW,jus,jus,,,DRAFT,true,,,NON_TESTE,
PROVISIONAL_FRM_PRODUCT_26_LAIT,,Bété,btg/bev — à sélectionner,"Variété non sélectionnée: Gagnoa, Daloa ou autre à confirmer",PRODUCT,Nom de produit à annoncer ou saisir dans une vente; aucun identifiant produit métier n’est créé.,LOW,lait,lait,,,DRAFT,true,,,NON_TESTE,
PROVISIONAL_FRM_INTENT_01,,Adioukrou,adj,Variété locale de marché à confirmer,FINANCIAL_PRIORITY_INTENT,Commande orale d’encaissement; elle ne vaut pas confirmation métier du paiement.,CRITICAL,Encaisse.,Encaisse ça.,,,DRAFT,true,,,NON_TESTE,
PROVISIONAL_FRM_INTENT_02,,Adioukrou,adj,Variété locale de marché à confirmer,FINANCIAL_PRIORITY_INTENT,Demande du montant encore dû par une cliente.,CRITICAL,Combien elle doit ?,Elle doit combien ?,,,DRAFT,true,,,NON_TESTE,
PROVISIONAL_FRM_INTENT_03,,Adioukrou,adj,Variété locale de marché à confirmer,FINANCIAL_PRIORITY_INTENT,Accord oral avant une validation; la confirmation métier reste distincte.,CRITICAL,"Oui, valide.","Oui, tu peux valider.",,,DRAFT,true,,,NON_TESTE,
PROVISIONAL_FRM_INTENT_04,,Adioukrou,adj,Variété locale de marché à confirmer,FINANCIAL_PRIORITY_INTENT,Refus ou demande d’annulation avant confirmation métier.,CRITICAL,Non / annule.,"Non, annule.",,,DRAFT,true,,,NON_TESTE,
PROVISIONAL_FRM_INTENT_05,,Adioukrou,adj,Variété locale de marché à confirmer,FINANCIAL_PRIORITY_INTENT,Annonce d’un montant manquant dans le paiement.,CRITICAL,Il manque {montant} francs.,Il manque {montant} francs.,,,DRAFT,true,,,NON_TESTE,
PROVISIONAL_FRM_INTENT_06,,Adioukrou,adj,Variété locale de marché à confirmer,FINANCIAL_PRIORITY_INTENT,Demande de vérifier le calcul ou le compte avant la suite.,CRITICAL,Compte juste.,Vérifie bien le compte.,,,DRAFT,true,,,NON_TESTE,
PROVISIONAL_FRM_INTENT_07,,Adioukrou,adj,Variété locale de marché à confirmer,FINANCIAL_PRIORITY_INTENT,Annonce du montant effectivement remis par la cliente.,CRITICAL,Elle a donné {recu} francs.,Elle a donné {recu} francs.,,,DRAFT,true,,,NON_TESTE,
PROVISIONAL_FRM_INTENT_08,,Adioukrou,adj,Variété locale de marché à confirmer,FINANCIAL_PRIORITY_INTENT,Annonce de la monnaie à rendre à la cliente.,CRITICAL,Tu rends {monnaie} francs.,Tu lui rends {monnaie} francs.,,,DRAFT,true,,,NON_TESTE,
PROVISIONAL_FRM_INTENT_09,,Adioukrou,adj,Variété locale de marché à confirmer,FINANCIAL_PRIORITY_INTENT,Annonce du total dû par la cliente.,CRITICAL,Elle doit {total} francs.,Elle doit {total} francs.,,,DRAFT,true,,,NON_TESTE,
PROVISIONAL_FRM_INTENT_10,,Adioukrou,adj,Variété locale de marché à confirmer,FINANCIAL_PRIORITY_INTENT,Demande orale de validation avant l’action métier.,CRITICAL,Je valide ?,Je valide ça ?,,,DRAFT,true,,,NON_TESTE,
PROVISIONAL_FRM_INTENT_11,,Adioukrou,adj,Variété locale de marché à confirmer,FINANCIAL_PRIORITY_INTENT,Question sur le prix d’un seul article.,HIGH,Prix d’un seul.,"Un seul, c’est combien ?",,,DRAFT,true,,,NON_TESTE,
PROVISIONAL_FRM_INTENT_12,,Adioukrou,adj,Variété locale de marché à confirmer,FINANCIAL_PRIORITY_INTENT,Question sur le prix total de l’ensemble présenté.,HIGH,Prix du tout.,"Tout ça, c’est combien ?",,,DRAFT,true,,,NON_TESTE,
PROVISIONAL_FRM_INTENT_13,,Adioukrou,adj,Variété locale de marché à confirmer,FINANCIAL_PRIORITY_INTENT,Question générale sur le montant à payer ou le total.,HIGH,Combien ?,Ça fait combien ?,,,DRAFT,true,,,NON_TESTE,
PROVISIONAL_FRM_INTENT_14,,Adioukrou,adj,Variété locale de marché à confirmer,FINANCIAL_PRIORITY_INTENT,Question sur le prix d’un produit ou d’une quantité montrée.,HIGH,C’est à combien ?,C’est à combien ?,,,DRAFT,true,,,NON_TESTE,
PROVISIONAL_FRM_INTENT_15,,Adioukrou,adj,Variété locale de marché à confirmer,FINANCIAL_PRIORITY_INTENT,Question ouverte sur le produit ou l’article vendu.,LOW,Tu as vendu quoi ?,Tu as vendu quoi ?,,,DRAFT,true,,,NON_TESTE,
PROVISIONAL_FRM_NUMBER_000,,Adioukrou,adj,Variété locale de marché à confirmer,NUMBER_0_100,Lecture isolée d’un nombre pour une quantité ou un montant; l’unité et le contexte doivent être ajoutés.,MEDIUM,zéro,zéro,,,DRAFT,true,,,NON_TESTE,
PROVISIONAL_FRM_NUMBER_001,,Adioukrou,adj,Variété locale de marché à confirmer,NUMBER_0_100,Lecture isolée d’un nombre pour une quantité ou un montant; l’unité et le contexte doivent être ajoutés.,MEDIUM,un,un,,,DRAFT,true,,,NON_TESTE,
PROVISIONAL_FRM_NUMBER_002,,Adioukrou,adj,Variété locale de marché à confirmer,NUMBER_0_100,Lecture isolée d’un nombre pour une quantité ou un montant; l’unité et le contexte doivent être ajoutés.,MEDIUM,deux,deux,,,DRAFT,true,,,NON_TESTE,
PROVISIONAL_FRM_NUMBER_003,,Adioukrou,adj,Variété locale de marché à confirmer,NUMBER_0_100,Lecture isolée d’un nombre pour une quantité ou un montant; l’unité et le contexte doivent être ajoutés.,MEDIUM,trois,trois,,,DRAFT,true,,,NON_TESTE,
PROVISIONAL_FRM_NUMBER_004,,Adioukrou,adj,Variété locale de marché à confirmer,NUMBER_0_100,Lecture isolée d’un nombre pour une quantité ou un montant; l’unité et le contexte doivent être ajoutés.,MEDIUM,quatre,quatre,,,DRAFT,true,,,NON_TESTE,
PROVISIONAL_FRM_NUMBER_005,,Adioukrou,adj,Variété locale de marché à confirmer,NUMBER_0_100,Lecture isolée d’un nombre pour une quantité ou un montant; l’unité et le contexte doivent être ajoutés.,MEDIUM,cinq,cinq,,,DRAFT,true,,,NON_TESTE,
PROVISIONAL_FRM_NUMBER_006,,Adioukrou,adj,Variété locale de marché à confirmer,NUMBER_0_100,Lecture isolée d’un nombre pour une quantité ou un montant; l’unité et le contexte doivent être ajoutés.,MEDIUM,six,six,,,DRAFT,true,,,NON_TESTE,
PROVISIONAL_FRM_NUMBER_007,,Adioukrou,adj,Variété locale de marché à confirmer,NUMBER_0_100,Lecture isolée d’un nombre pour une quantité ou un montant; l’unité et le contexte doivent être ajoutés.,MEDIUM,sept,sept,,,DRAFT,true,,,NON_TESTE,
PROVISIONAL_FRM_NUMBER_008,,Adioukrou,adj,Variété locale de marché à confirmer,NUMBER_0_100,Lecture isolée d’un nombre pour une quantité ou un montant; l’unité et le contexte doivent être ajoutés.,MEDIUM,huit,huit,,,DRAFT,true,,,NON_TESTE,
PROVISIONAL_FRM_NUMBER_009,,Adioukrou,adj,Variété locale de marché à confirmer,NUMBER_0_100,Lecture isolée d’un nombre pour une quantité ou un montant; l’unité et le contexte doivent être ajoutés.,MEDIUM,neuf,neuf,,,DRAFT,true,,,NON_TESTE,
PROVISIONAL_FRM_NUMBER_010,,Adioukrou,adj,Variété locale de marché à confirmer,NUMBER_0_100,Lecture isolée d’un nombre pour une quantité ou un montant; l’unité et le contexte doivent être ajoutés.,MEDIUM,dix,dix,,,DRAFT,true,,,NON_TESTE,
PROVISIONAL_FRM_NUMBER_011,,Adioukrou,adj,Variété locale de marché à confirmer,NUMBER_0_100,Lecture isolée d’un nombre pour une quantité ou un montant; l’unité et le contexte doivent être ajoutés.,MEDIUM,onze,onze,,,DRAFT,true,,,NON_TESTE,
PROVISIONAL_FRM_NUMBER_012,,Adioukrou,adj,Variété locale de marché à confirmer,NUMBER_0_100,Lecture isolée d’un nombre pour une quantité ou un montant; l’unité et le contexte doivent être ajoutés.,MEDIUM,douze,douze,,,DRAFT,true,,,NON_TESTE,
PROVISIONAL_FRM_NUMBER_013,,Adioukrou,adj,Variété locale de marché à confirmer,NUMBER_0_100,Lecture isolée d’un nombre pour une quantité ou un montant; l’unité et le contexte doivent être ajoutés.,MEDIUM,treize,treize,,,DRAFT,true,,,NON_TESTE,
PROVISIONAL_FRM_NUMBER_014,,Adioukrou,adj,Variété locale de marché à confirmer,NUMBER_0_100,Lecture isolée d’un nombre pour une quantité ou un montant; l’unité et le contexte doivent être ajoutés.,MEDIUM,quatorze,quatorze,,,DRAFT,true,,,NON_TESTE,
PROVISIONAL_FRM_NUMBER_015,,Adioukrou,adj,Variété locale de marché à confirmer,NUMBER_0_100,Lecture isolée d’un nombre pour une quantité ou un montant; l’unité et le contexte doivent être ajoutés.,MEDIUM,quinze,quinze,,,DRAFT,true,,,NON_TESTE,
PROVISIONAL_FRM_NUMBER_016,,Adioukrou,adj,Variété locale de marché à confirmer,NUMBER_0_100,Lecture isolée d’un nombre pour une quantité ou un montant; l’unité et le contexte doivent être ajoutés.,MEDIUM,seize,seize,,,DRAFT,true,,,NON_TESTE,
PROVISIONAL_FRM_NUMBER_017,,Adioukrou,adj,Variété locale de marché à confirmer,NUMBER_0_100,Lecture isolée d’un nombre pour une quantité ou un montant; l’unité et le contexte doivent être ajoutés.,MEDIUM,dix-sept,dix-sept,,,DRAFT,true,,,NON_TESTE,
PROVISIONAL_FRM_NUMBER_018,,Adioukrou,adj,Variété locale de marché à confirmer,NUMBER_0_100,Lecture isolée d’un nombre pour une quantité ou un montant; l’unité et le contexte doivent être ajoutés.,MEDIUM,dix-huit,dix-huit,,,DRAFT,true,,,NON_TESTE,
PROVISIONAL_FRM_NUMBER_019,,Adioukrou,adj,Variété locale de marché à confirmer,NUMBER_0_100,Lecture isolée d’un nombre pour une quantité ou un montant; l’unité et le contexte doivent être ajoutés.,MEDIUM,dix-neuf,dix-neuf,,,DRAFT,true,,,NON_TESTE,
PROVISIONAL_FRM_NUMBER_020,,Adioukrou,adj,Variété locale de marché à confirmer,NUMBER_0_100,Lecture isolée d’un nombre pour une quantité ou un montant; l’unité et le contexte doivent être ajoutés.,MEDIUM,vingt,vingt,,,DRAFT,true,,,NON_TESTE,
PROVISIONAL_FRM_NUMBER_021,,Adioukrou,adj,Variété locale de marché à confirmer,NUMBER_0_100,Lecture isolée d’un nombre pour une quantité ou un montant; l’unité et le contexte doivent être ajoutés.,MEDIUM,vingt et un,vingt et un,,,DRAFT,true,,,NON_TESTE,
PROVISIONAL_FRM_NUMBER_022,,Adioukrou,adj,Variété locale de marché à confirmer,NUMBER_0_100,Lecture isolée d’un nombre pour une quantité ou un montant; l’unité et le contexte doivent être ajoutés.,MEDIUM,vingt-deux,vingt-deux,,,DRAFT,true,,,NON_TESTE,
PROVISIONAL_FRM_NUMBER_023,,Adioukrou,adj,Variété locale de marché à confirmer,NUMBER_0_100,Lecture isolée d’un nombre pour une quantité ou un montant; l’unité et le contexte doivent être ajoutés.,MEDIUM,vingt-trois,vingt-trois,,,DRAFT,true,,,NON_TESTE,
PROVISIONAL_FRM_NUMBER_024,,Adioukrou,adj,Variété locale de marché à confirmer,NUMBER_0_100,Lecture isolée d’un nombre pour une quantité ou un montant; l’unité et le contexte doivent être ajoutés.,MEDIUM,vingt-quatre,vingt-quatre,,,DRAFT,true,,,NON_TESTE,
PROVISIONAL_FRM_NUMBER_025,,Adioukrou,adj,Variété locale de marché à confirmer,NUMBER_0_100,Lecture isolée d’un nombre pour une quantité ou un montant; l’unité et le contexte doivent être ajoutés.,MEDIUM,vingt-cinq,vingt-cinq,,,DRAFT,true,,,NON_TESTE,
PROVISIONAL_FRM_NUMBER_026,,Adioukrou,adj,Variété locale de marché à confirmer,NUMBER_0_100,Lecture isolée d’un nombre pour une quantité ou un montant; l’unité et le contexte doivent être ajoutés.,MEDIUM,vingt-six,vingt-six,,,DRAFT,true,,,NON_TESTE,
PROVISIONAL_FRM_NUMBER_027,,Adioukrou,adj,Variété locale de marché à confirmer,NUMBER_0_100,Lecture isolée d’un nombre pour une quantité ou un montant; l’unité et le contexte doivent être ajoutés.,MEDIUM,vingt-sept,vingt-sept,,,DRAFT,true,,,NON_TESTE,
PROVISIONAL_FRM_NUMBER_028,,Adioukrou,adj,Variété locale de marché à confirmer,NUMBER_0_100,Lecture isolée d’un nombre pour une quantité ou un montant; l’unité et le contexte doivent être ajoutés.,MEDIUM,vingt-huit,vingt-huit,,,DRAFT,true,,,NON_TESTE,
PROVISIONAL_FRM_NUMBER_029,,Adioukrou,adj,Variété locale de marché à confirmer,NUMBER_0_100,Lecture isolée d’un nombre pour une quantité ou un montant; l’unité et le contexte doivent être ajoutés.,MEDIUM,vingt-neuf,vingt-neuf,,,DRAFT,true,,,NON_TESTE,
PROVISIONAL_FRM_NUMBER_030,,Adioukrou,adj,Variété locale de marché à confirmer,NUMBER_0_100,Lecture isolée d’un nombre pour une quantité ou un montant; l’unité et le contexte doivent être ajoutés.,MEDIUM,trente,trente,,,DRAFT,true,,,NON_TESTE,
PROVISIONAL_FRM_NUMBER_031,,Adioukrou,adj,Variété locale de marché à confirmer,NUMBER_0_100,Lecture isolée d’un nombre pour une quantité ou un montant; l’unité et le contexte doivent être ajoutés.,MEDIUM,trente et un,trente et un,,,DRAFT,true,,,NON_TESTE,
PROVISIONAL_FRM_NUMBER_032,,Adioukrou,adj,Variété locale de marché à confirmer,NUMBER_0_100,Lecture isolée d’un nombre pour une quantité ou un montant; l’unité et le contexte doivent être ajoutés.,MEDIUM,trente-deux,trente-deux,,,DRAFT,true,,,NON_TESTE,
PROVISIONAL_FRM_NUMBER_033,,Adioukrou,adj,Variété locale de marché à confirmer,NUMBER_0_100,Lecture isolée d’un nombre pour une quantité ou un montant; l’unité et le contexte doivent être ajoutés.,MEDIUM,trente-trois,trente-trois,,,DRAFT,true,,,NON_TESTE,
PROVISIONAL_FRM_NUMBER_034,,Adioukrou,adj,Variété locale de marché à confirmer,NUMBER_0_100,Lecture isolée d’un nombre pour une quantité ou un montant; l’unité et le contexte doivent être ajoutés.,MEDIUM,trente-quatre,trente-quatre,,,DRAFT,true,,,NON_TESTE,
PROVISIONAL_FRM_NUMBER_035,,Adioukrou,adj,Variété locale de marché à confirmer,NUMBER_0_100,Lecture isolée d’un nombre pour une quantité ou un montant; l’unité et le contexte doivent être ajoutés.,MEDIUM,trente-cinq,trente-cinq,,,DRAFT,true,,,NON_TESTE,
PROVISIONAL_FRM_NUMBER_036,,Adioukrou,adj,Variété locale de marché à confirmer,NUMBER_0_100,Lecture isolée d’un nombre pour une quantité ou un montant; l’unité et le contexte doivent être ajoutés.,MEDIUM,trente-six,trente-six,,,DRAFT,true,,,NON_TESTE,
PROVISIONAL_FRM_NUMBER_037,,Adioukrou,adj,Variété locale de marché à confirmer,NUMBER_0_100,Lecture isolée d’un nombre pour une quantité ou un montant; l’unité et le contexte doivent être ajoutés.,MEDIUM,trente-sept,trente-sept,,,DRAFT,true,,,NON_TESTE,
PROVISIONAL_FRM_NUMBER_038,,Adioukrou,adj,Variété locale de marché à confirmer,NUMBER_0_100,Lecture isolée d’un nombre pour une quantité ou un montant; l’unité et le contexte doivent être ajoutés.,MEDIUM,trente-huit,trente-huit,,,DRAFT,true,,,NON_TESTE,
PROVISIONAL_FRM_NUMBER_039,,Adioukrou,adj,Variété locale de marché à confirmer,NUMBER_0_100,Lecture isolée d’un nombre pour une quantité ou un montant; l’unité et le contexte doivent être ajoutés.,MEDIUM,trente-neuf,trente-neuf,,,DRAFT,true,,,NON_TESTE,
PROVISIONAL_FRM_NUMBER_040,,Adioukrou,adj,Variété locale de marché à confirmer,NUMBER_0_100,Lecture isolée d’un nombre pour une quantité ou un montant; l’unité et le contexte doivent être ajoutés.,MEDIUM,quarante,quarante,,,DRAFT,true,,,NON_TESTE,
PROVISIONAL_FRM_NUMBER_041,,Adioukrou,adj,Variété locale de marché à confirmer,NUMBER_0_100,Lecture isolée d’un nombre pour une quantité ou un montant; l’unité et le contexte doivent être ajoutés.,MEDIUM,quarante et un,quarante et un,,,DRAFT,true,,,NON_TESTE,
PROVISIONAL_FRM_NUMBER_042,,Adioukrou,adj,Variété locale de marché à confirmer,NUMBER_0_100,Lecture isolée d’un nombre pour une quantité ou un montant; l’unité et le contexte doivent être ajoutés.,MEDIUM,quarante-deux,quarante-deux,,,DRAFT,true,,,NON_TESTE,
PROVISIONAL_FRM_NUMBER_043,,Adioukrou,adj,Variété locale de marché à confirmer,NUMBER_0_100,Lecture isolée d’un nombre pour une quantité ou un montant; l’unité et le contexte doivent être ajoutés.,MEDIUM,quarante-trois,quarante-trois,,,DRAFT,true,,,NON_TESTE,
PROVISIONAL_FRM_NUMBER_044,,Adioukrou,adj,Variété locale de marché à confirmer,NUMBER_0_100,Lecture isolée d’un nombre pour une quantité ou un montant; l’unité et le contexte doivent être ajoutés.,MEDIUM,quarante-quatre,quarante-quatre,,,DRAFT,true,,,NON_TESTE,
PROVISIONAL_FRM_NUMBER_045,,Adioukrou,adj,Variété locale de marché à confirmer,NUMBER_0_100,Lecture isolée d’un nombre pour une quantité ou un montant; l’unité et le contexte doivent être ajoutés.,MEDIUM,quarante-cinq,quarante-cinq,,,DRAFT,true,,,NON_TESTE,
PROVISIONAL_FRM_NUMBER_046,,Adioukrou,adj,Variété locale de marché à confirmer,NUMBER_0_100,Lecture isolée d’un nombre pour une quantité ou un montant; l’unité et le contexte doivent être ajoutés.,MEDIUM,quarante-six,quarante-six,,,DRAFT,true,,,NON_TESTE,
PROVISIONAL_FRM_NUMBER_047,,Adioukrou,adj,Variété locale de marché à confirmer,NUMBER_0_100,Lecture isolée d’un nombre pour une quantité ou un montant; l’unité et le contexte doivent être ajoutés.,MEDIUM,quarante-sept,quarante-sept,,,DRAFT,true,,,NON_TESTE,
PROVISIONAL_FRM_NUMBER_048,,Adioukrou,adj,Variété locale de marché à confirmer,NUMBER_0_100,Lecture isolée d’un nombre pour une quantité ou un montant; l’unité et le contexte doivent être ajoutés.,MEDIUM,quarante-huit,quarante-huit,,,DRAFT,true,,,NON_TESTE,
PROVISIONAL_FRM_NUMBER_049,,Adioukrou,adj,Variété locale de marché à confirmer,NUMBER_0_100,Lecture isolée d’un nombre pour une quantité ou un montant; l’unité et le contexte doivent être ajoutés.,MEDIUM,quarante-neuf,quarante-neuf,,,DRAFT,true,,,NON_TESTE,
PROVISIONAL_FRM_NUMBER_050,,Adioukrou,adj,Variété locale de marché à confirmer,NUMBER_0_100,Lecture isolée d’un nombre pour une quantité ou un montant; l’unité et le contexte doivent être ajoutés.,MEDIUM,cinquante,cinquante,,,DRAFT,true,,,NON_TESTE,
PROVISIONAL_FRM_NUMBER_051,,Adioukrou,adj,Variété locale de marché à confirmer,NUMBER_0_100,Lecture isolée d’un nombre pour une quantité ou un montant; l’unité et le contexte doivent être ajoutés.,MEDIUM,cinquante et un,cinquante et un,,,DRAFT,true,,,NON_TESTE,
PROVISIONAL_FRM_NUMBER_052,,Adioukrou,adj,Variété locale de marché à confirmer,NUMBER_0_100,Lecture isolée d’un nombre pour une quantité ou un montant; l’unité et le contexte doivent être ajoutés.,MEDIUM,cinquante-deux,cinquante-deux,,,DRAFT,true,,,NON_TESTE,
PROVISIONAL_FRM_NUMBER_053,,Adioukrou,adj,Variété locale de marché à confirmer,NUMBER_0_100,Lecture isolée d’un nombre pour une quantité ou un montant; l’unité et le contexte doivent être ajoutés.,MEDIUM,cinquante-trois,cinquante-trois,,,DRAFT,true,,,NON_TESTE,
PROVISIONAL_FRM_NUMBER_054,,Adioukrou,adj,Variété locale de marché à confirmer,NUMBER_0_100,Lecture isolée d’un nombre pour une quantité ou un montant; l’unité et le contexte doivent être ajoutés.,MEDIUM,cinquante-quatre,cinquante-quatre,,,DRAFT,true,,,NON_TESTE,
PROVISIONAL_FRM_NUMBER_055,,Adioukrou,adj,Variété locale de marché à confirmer,NUMBER_0_100,Lecture isolée d’un nombre pour une quantité ou un montant; l’unité et le contexte doivent être ajoutés.,MEDIUM,cinquante-cinq,cinquante-cinq,,,DRAFT,true,,,NON_TESTE,
PROVISIONAL_FRM_NUMBER_056,,Adioukrou,adj,Variété locale de marché à confirmer,NUMBER_0_100,Lecture isolée d’un nombre pour une quantité ou un montant; l’unité et le contexte doivent être ajoutés.,MEDIUM,cinquante-six,cinquante-six,,,DRAFT,true,,,NON_TESTE,
PROVISIONAL_FRM_NUMBER_057,,Adioukrou,adj,Variété locale de marché à confirmer,NUMBER_0_100,Lecture isolée d’un nombre pour une quantité ou un montant; l’unité et le contexte doivent être ajoutés.,MEDIUM,cinquante-sept,cinquante-sept,,,DRAFT,true,,,NON_TESTE,
PROVISIONAL_FRM_NUMBER_058,,Adioukrou,adj,Variété locale de marché à confirmer,NUMBER_0_100,Lecture isolée d’un nombre pour une quantité ou un montant; l’unité et le contexte doivent être ajoutés.,MEDIUM,cinquante-huit,cinquante-huit,,,DRAFT,true,,,NON_TESTE,
PROVISIONAL_FRM_NUMBER_059,,Adioukrou,adj,Variété locale de marché à confirmer,NUMBER_0_100,Lecture isolée d’un nombre pour une quantité ou un montant; l’unité et le contexte doivent être ajoutés.,MEDIUM,cinquante-neuf,cinquante-neuf,,,DRAFT,true,,,NON_TESTE,
PROVISIONAL_FRM_NUMBER_060,,Adioukrou,adj,Variété locale de marché à confirmer,NUMBER_0_100,Lecture isolée d’un nombre pour une quantité ou un montant; l’unité et le contexte doivent être ajoutés.,MEDIUM,soixante,soixante,,,DRAFT,true,,,NON_TESTE,
PROVISIONAL_FRM_NUMBER_061,,Adioukrou,adj,Variété locale de marché à confirmer,NUMBER_0_100,Lecture isolée d’un nombre pour une quantité ou un montant; l’unité et le contexte doivent être ajoutés.,MEDIUM,soixante et un,soixante et un,,,DRAFT,true,,,NON_TESTE,
PROVISIONAL_FRM_NUMBER_062,,Adioukrou,adj,Variété locale de marché à confirmer,NUMBER_0_100,Lecture isolée d’un nombre pour une quantité ou un montant; l’unité et le contexte doivent être ajoutés.,MEDIUM,soixante-deux,soixante-deux,,,DRAFT,true,,,NON_TESTE,
PROVISIONAL_FRM_NUMBER_063,,Adioukrou,adj,Variété locale de marché à confirmer,NUMBER_0_100,Lecture isolée d’un nombre pour une quantité ou un montant; l’unité et le contexte doivent être ajoutés.,MEDIUM,soixante-trois,soixante-trois,,,DRAFT,true,,,NON_TESTE,
PROVISIONAL_FRM_NUMBER_064,,Adioukrou,adj,Variété locale de marché à confirmer,NUMBER_0_100,Lecture isolée d’un nombre pour une quantité ou un montant; l’unité et le contexte doivent être ajoutés.,MEDIUM,soixante-quatre,soixante-quatre,,,DRAFT,true,,,NON_TESTE,
PROVISIONAL_FRM_NUMBER_065,,Adioukrou,adj,Variété locale de marché à confirmer,NUMBER_0_100,Lecture isolée d’un nombre pour une quantité ou un montant; l’unité et le contexte doivent être ajoutés.,MEDIUM,soixante-cinq,soixante-cinq,,,DRAFT,true,,,NON_TESTE,
PROVISIONAL_FRM_NUMBER_066,,Adioukrou,adj,Variété locale de marché à confirmer,NUMBER_0_100,Lecture isolée d’un nombre pour une quantité ou un montant; l’unité et le contexte doivent être ajoutés.,MEDIUM,soixante-six,soixante-six,,,DRAFT,true,,,NON_TESTE,
PROVISIONAL_FRM_NUMBER_067,,Adioukrou,adj,Variété locale de marché à confirmer,NUMBER_0_100,Lecture isolée d’un nombre pour une quantité ou un montant; l’unité et le contexte doivent être ajoutés.,MEDIUM,soixante-sept,soixante-sept,,,DRAFT,true,,,NON_TESTE,
PROVISIONAL_FRM_NUMBER_068,,Adioukrou,adj,Variété locale de marché à confirmer,NUMBER_0_100,Lecture isolée d’un nombre pour une quantité ou un montant; l’unité et le contexte doivent être ajoutés.,MEDIUM,soixante-huit,soixante-huit,,,DRAFT,true,,,NON_TESTE,
PROVISIONAL_FRM_NUMBER_069,,Adioukrou,adj,Variété locale de marché à confirmer,NUMBER_0_100,Lecture isolée d’un nombre pour une quantité ou un montant; l’unité et le contexte doivent être ajoutés.,MEDIUM,soixante-neuf,soixante-neuf,,,DRAFT,true,,,NON_TESTE,
PROVISIONAL_FRM_NUMBER_070,,Adioukrou,adj,Variété locale de marché à confirmer,NUMBER_0_100,Lecture isolée d’un nombre pour une quantité ou un montant; l’unité et le contexte doivent être ajoutés.,MEDIUM,soixante-dix,soixante-dix,,,DRAFT,true,,,NON_TESTE,
PROVISIONAL_FRM_NUMBER_071,,Adioukrou,adj,Variété locale de marché à confirmer,NUMBER_0_100,Lecture isolée d’un nombre pour une quantité ou un montant; l’unité et le contexte doivent être ajoutés.,MEDIUM,soixante et onze,soixante et onze,,,DRAFT,true,,,NON_TESTE,
PROVISIONAL_FRM_NUMBER_072,,Adioukrou,adj,Variété locale de marché à confirmer,NUMBER_0_100,Lecture isolée d’un nombre pour une quantité ou un montant; l’unité et le contexte doivent être ajoutés.,MEDIUM,soixante-douze,soixante-douze,,,DRAFT,true,,,NON_TESTE,
PROVISIONAL_FRM_NUMBER_073,,Adioukrou,adj,Variété locale de marché à confirmer,NUMBER_0_100,Lecture isolée d’un nombre pour une quantité ou un montant; l’unité et le contexte doivent être ajoutés.,MEDIUM,soixante-treize,soixante-treize,,,DRAFT,true,,,NON_TESTE,
PROVISIONAL_FRM_NUMBER_074,,Adioukrou,adj,Variété locale de marché à confirmer,NUMBER_0_100,Lecture isolée d’un nombre pour une quantité ou un montant; l’unité et le contexte doivent être ajoutés.,MEDIUM,soixante-quatorze,soixante-quatorze,,,DRAFT,true,,,NON_TESTE,
PROVISIONAL_FRM_NUMBER_075,,Adioukrou,adj,Variété locale de marché à confirmer,NUMBER_0_100,Lecture isolée d’un nombre pour une quantité ou un montant; l’unité et le contexte doivent être ajoutés.,MEDIUM,soixante-quinze,soixante-quinze,,,DRAFT,true,,,NON_TESTE,
PROVISIONAL_FRM_NUMBER_076,,Adioukrou,adj,Variété locale de marché à confirmer,NUMBER_0_100,Lecture isolée d’un nombre pour une quantité ou un montant; l’unité et le contexte doivent être ajoutés.,MEDIUM,soixante-seize,soixante-seize,,,DRAFT,true,,,NON_TESTE,
PROVISIONAL_FRM_NUMBER_077,,Adioukrou,adj,Variété locale de marché à confirmer,NUMBER_0_100,Lecture isolée d’un nombre pour une quantité ou un montant; l’unité et le contexte doivent être ajoutés.,MEDIUM,soixante-dix-sept,soixante-dix-sept,,,DRAFT,true,,,NON_TESTE,
PROVISIONAL_FRM_NUMBER_078,,Adioukrou,adj,Variété locale de marché à confirmer,NUMBER_0_100,Lecture isolée d’un nombre pour une quantité ou un montant; l’unité et le contexte doivent être ajoutés.,MEDIUM,soixante-dix-huit,soixante-dix-huit,,,DRAFT,true,,,NON_TESTE,
PROVISIONAL_FRM_NUMBER_079,,Adioukrou,adj,Variété locale de marché à confirmer,NUMBER_0_100,Lecture isolée d’un nombre pour une quantité ou un montant; l’unité et le contexte doivent être ajoutés.,MEDIUM,soixante-dix-neuf,soixante-dix-neuf,,,DRAFT,true,,,NON_TESTE,
PROVISIONAL_FRM_NUMBER_080,,Adioukrou,adj,Variété locale de marché à confirmer,NUMBER_0_100,Lecture isolée d’un nombre pour une quantité ou un montant; l’unité et le contexte doivent être ajoutés.,MEDIUM,quatre-vingts,quatre-vingts,,,DRAFT,true,,,NON_TESTE,
PROVISIONAL_FRM_NUMBER_081,,Adioukrou,adj,Variété locale de marché à confirmer,NUMBER_0_100,Lecture isolée d’un nombre pour une quantité ou un montant; l’unité et le contexte doivent être ajoutés.,MEDIUM,quatre-vingt-un,quatre-vingt-un,,,DRAFT,true,,,NON_TESTE,
PROVISIONAL_FRM_NUMBER_082,,Adioukrou,adj,Variété locale de marché à confirmer,NUMBER_0_100,Lecture isolée d’un nombre pour une quantité ou un montant; l’unité et le contexte doivent être ajoutés.,MEDIUM,quatre-vingt-deux,quatre-vingt-deux,,,DRAFT,true,,,NON_TESTE,
PROVISIONAL_FRM_NUMBER_083,,Adioukrou,adj,Variété locale de marché à confirmer,NUMBER_0_100,Lecture isolée d’un nombre pour une quantité ou un montant; l’unité et le contexte doivent être ajoutés.,MEDIUM,quatre-vingt-trois,quatre-vingt-trois,,,DRAFT,true,,,NON_TESTE,
PROVISIONAL_FRM_NUMBER_084,,Adioukrou,adj,Variété locale de marché à confirmer,NUMBER_0_100,Lecture isolée d’un nombre pour une quantité ou un montant; l’unité et le contexte doivent être ajoutés.,MEDIUM,quatre-vingt-quatre,quatre-vingt-quatre,,,DRAFT,true,,,NON_TESTE,
PROVISIONAL_FRM_NUMBER_085,,Adioukrou,adj,Variété locale de marché à confirmer,NUMBER_0_100,Lecture isolée d’un nombre pour une quantité ou un montant; l’unité et le contexte doivent être ajoutés.,MEDIUM,quatre-vingt-cinq,quatre-vingt-cinq,,,DRAFT,true,,,NON_TESTE,
PROVISIONAL_FRM_NUMBER_086,,Adioukrou,adj,Variété locale de marché à confirmer,NUMBER_0_100,Lecture isolée d’un nombre pour une quantité ou un montant; l’unité et le contexte doivent être ajoutés.,MEDIUM,quatre-vingt-six,quatre-vingt-six,,,DRAFT,true,,,NON_TESTE,
PROVISIONAL_FRM_NUMBER_087,,Adioukrou,adj,Variété locale de marché à confirmer,NUMBER_0_100,Lecture isolée d’un nombre pour une quantité ou un montant; l’unité et le contexte doivent être ajoutés.,MEDIUM,quatre-vingt-sept,quatre-vingt-sept,,,DRAFT,true,,,NON_TESTE,
PROVISIONAL_FRM_NUMBER_088,,Adioukrou,adj,Variété locale de marché à confirmer,NUMBER_0_100,Lecture isolée d’un nombre pour une quantité ou un montant; l’unité et le contexte doivent être ajoutés.,MEDIUM,quatre-vingt-huit,quatre-vingt-huit,,,DRAFT,true,,,NON_TESTE,
PROVISIONAL_FRM_NUMBER_089,,Adioukrou,adj,Variété locale de marché à confirmer,NUMBER_0_100,Lecture isolée d’un nombre pour une quantité ou un montant; l’unité et le contexte doivent être ajoutés.,MEDIUM,quatre-vingt-neuf,quatre-vingt-neuf,,,DRAFT,true,,,NON_TESTE,
PROVISIONAL_FRM_NUMBER_090,,Adioukrou,adj,Variété locale de marché à confirmer,NUMBER_0_100,Lecture isolée d’un nombre pour une quantité ou un montant; l’unité et le contexte doivent être ajoutés.,MEDIUM,quatre-vingt-dix,quatre-vingt-dix,,,DRAFT,true,,,NON_TESTE,
PROVISIONAL_FRM_NUMBER_091,,Adioukrou,adj,Variété locale de marché à confirmer,NUMBER_0_100,Lecture isolée d’un nombre pour une quantité ou un montant; l’unité et le contexte doivent être ajoutés.,MEDIUM,quatre-vingt-onze,quatre-vingt-onze,,,DRAFT,true,,,NON_TESTE,
PROVISIONAL_FRM_NUMBER_092,,Adioukrou,adj,Variété locale de marché à confirmer,NUMBER_0_100,Lecture isolée d’un nombre pour une quantité ou un montant; l’unité et le contexte doivent être ajoutés.,MEDIUM,quatre-vingt-douze,quatre-vingt-douze,,,DRAFT,true,,,NON_TESTE,
PROVISIONAL_FRM_NUMBER_093,,Adioukrou,adj,Variété locale de marché à confirmer,NUMBER_0_100,Lecture isolée d’un nombre pour une quantité ou un montant; l’unité et le contexte doivent être ajoutés.,MEDIUM,quatre-vingt-treize,quatre-vingt-treize,,,DRAFT,true,,,NON_TESTE,
PROVISIONAL_FRM_NUMBER_094,,Adioukrou,adj,Variété locale de marché à confirmer,NUMBER_0_100,Lecture isolée d’un nombre pour une quantité ou un montant; l’unité et le contexte doivent être ajoutés.,MEDIUM,quatre-vingt-quatorze,quatre-vingt-quatorze,,,DRAFT,true,,,NON_TESTE,
PROVISIONAL_FRM_NUMBER_095,,Adioukrou,adj,Variété locale de marché à confirmer,NUMBER_0_100,Lecture isolée d’un nombre pour une quantité ou un montant; l’unité et le contexte doivent être ajoutés.,MEDIUM,quatre-vingt-quinze,quatre-vingt-quinze,,,DRAFT,true,,,NON_TESTE,
PROVISIONAL_FRM_NUMBER_096,,Adioukrou,adj,Variété locale de marché à confirmer,NUMBER_0_100,Lecture isolée d’un nombre pour une quantité ou un montant; l’unité et le contexte doivent être ajoutés.,MEDIUM,quatre-vingt-seize,quatre-vingt-seize,,,DRAFT,true,,,NON_TESTE,
PROVISIONAL_FRM_NUMBER_097,,Adioukrou,adj,Variété locale de marché à confirmer,NUMBER_0_100,Lecture isolée d’un nombre pour une quantité ou un montant; l’unité et le contexte doivent être ajoutés.,MEDIUM,quatre-vingt-dix-sept,quatre-vingt-dix-sept,,,DRAFT,true,,,NON_TESTE,
PROVISIONAL_FRM_NUMBER_098,,Adioukrou,adj,Variété locale de marché à confirmer,NUMBER_0_100,Lecture isolée d’un nombre pour une quantité ou un montant; l’unité et le contexte doivent être ajoutés.,MEDIUM,quatre-vingt-dix-huit,quatre-vingt-dix-huit,,,DRAFT,true,,,NON_TESTE,
PROVISIONAL_FRM_NUMBER_099,,Adioukrou,adj,Variété locale de marché à confirmer,NUMBER_0_100,Lecture isolée d’un nombre pour une quantité ou un montant; l’unité et le contexte doivent être ajoutés.,MEDIUM,quatre-vingt-dix-neuf,quatre-vingt-dix-neuf,,,DRAFT,true,,,NON_TESTE,
PROVISIONAL_FRM_NUMBER_100,,Adioukrou,adj,Variété locale de marché à confirmer,NUMBER_0_100,Lecture isolée d’un nombre pour une quantité ou un montant; l’unité et le contexte doivent être ajoutés.,MEDIUM,cent,cent,,,DRAFT,true,,,NON_TESTE,
PROVISIONAL_FRM_NUMBER_HUNDRED_200,,Adioukrou,adj,Variété locale de marché à confirmer,NUMBER_HUNDREDS,Lecture isolée d’une centaine ou de mille; l’unité et le contexte doivent être ajoutés.,MEDIUM,deux cents,deux cents,,,DRAFT,true,,,NON_TESTE,
PROVISIONAL_FRM_NUMBER_HUNDRED_300,,Adioukrou,adj,Variété locale de marché à confirmer,NUMBER_HUNDREDS,Lecture isolée d’une centaine ou de mille; l’unité et le contexte doivent être ajoutés.,MEDIUM,trois cents,trois cents,,,DRAFT,true,,,NON_TESTE,
PROVISIONAL_FRM_NUMBER_HUNDRED_400,,Adioukrou,adj,Variété locale de marché à confirmer,NUMBER_HUNDREDS,Lecture isolée d’une centaine ou de mille; l’unité et le contexte doivent être ajoutés.,MEDIUM,quatre cents,quatre cents,,,DRAFT,true,,,NON_TESTE,
PROVISIONAL_FRM_NUMBER_HUNDRED_500,,Adioukrou,adj,Variété locale de marché à confirmer,NUMBER_HUNDREDS,Lecture isolée d’une centaine ou de mille; l’unité et le contexte doivent être ajoutés.,MEDIUM,cinq cents,cinq cents,,,DRAFT,true,,,NON_TESTE,
PROVISIONAL_FRM_NUMBER_HUNDRED_600,,Adioukrou,adj,Variété locale de marché à confirmer,NUMBER_HUNDREDS,Lecture isolée d’une centaine ou de mille; l’unité et le contexte doivent être ajoutés.,MEDIUM,six cents,six cents,,,DRAFT,true,,,NON_TESTE,
PROVISIONAL_FRM_NUMBER_HUNDRED_700,,Adioukrou,adj,Variété locale de marché à confirmer,NUMBER_HUNDREDS,Lecture isolée d’une centaine ou de mille; l’unité et le contexte doivent être ajoutés.,MEDIUM,sept cents,sept cents,,,DRAFT,true,,,NON_TESTE,
PROVISIONAL_FRM_NUMBER_HUNDRED_800,,Adioukrou,adj,Variété locale de marché à confirmer,NUMBER_HUNDREDS,Lecture isolée d’une centaine ou de mille; l’unité et le contexte doivent être ajoutés.,MEDIUM,huit cents,huit cents,,,DRAFT,true,,,NON_TESTE,
PROVISIONAL_FRM_NUMBER_HUNDRED_900,,Adioukrou,adj,Variété locale de marché à confirmer,NUMBER_HUNDREDS,Lecture isolée d’une centaine ou de mille; l’unité et le contexte doivent être ajoutés.,MEDIUM,neuf cents,neuf cents,,,DRAFT,true,,,NON_TESTE,
PROVISIONAL_FRM_NUMBER_THOUSAND_1000,,Adioukrou,adj,Variété locale de marché à confirmer,NUMBER_THOUSAND,Lecture isolée d’une centaine ou de mille; l’unité et le contexte doivent être ajoutés.,MEDIUM,mille,mille,,,DRAFT,true,,,NON_TESTE,
PROVISIONAL_FRM_UNIT_01_UNITE,,Adioukrou,adj,Variété locale de marché à confirmer,UNIT,Unité de vente orale.,LOW,unité,à l’unité,,,DRAFT,true,,,NON_TESTE,
PROVISIONAL_FRM_UNIT_02_TAS,,Adioukrou,adj,Variété locale de marché à confirmer,UNIT,Unité de vente orale.,LOW,tas,tas,,,DRAFT,true,,,NON_TESTE,
PROVISIONAL_FRM_UNIT_03_SAC,,Adioukrou,adj,Variété locale de marché à confirmer,UNIT,Unité de vente orale.,LOW,sac,sac,,,DRAFT,true,,,NON_TESTE,
PROVISIONAL_FRM_UNIT_04_KILO,,Adioukrou,adj,Variété locale de marché à confirmer,UNIT,Unité de vente orale.,LOW,kilo,kilo,,,DRAFT,true,,,NON_TESTE,
PROVISIONAL_FRM_UNIT_05_BOTTE,,Adioukrou,adj,Variété locale de marché à confirmer,UNIT,Unité de vente orale.,LOW,botte,botte,,,DRAFT,true,,,NON_TESTE,
PROVISIONAL_FRM_UNIT_06_BIDON,,Adioukrou,adj,Variété locale de marché à confirmer,UNIT,Unité de vente orale.,LOW,bidon,bidon,,,DRAFT,true,,,NON_TESTE,
PROVISIONAL_FRM_UNIT_07_SACHET,,Adioukrou,adj,Variété locale de marché à confirmer,UNIT,Unité de vente orale.,LOW,sachet,sachet,,,DRAFT,true,,,NON_TESTE,
PROVISIONAL_FRM_UNIT_08_PAQUET,,Adioukrou,adj,Variété locale de marché à confirmer,UNIT,Unité de vente orale.,LOW,paquet,paquet,,,DRAFT,true,,,NON_TESTE,
PROVISIONAL_FRM_UNIT_09_MORCEAU,,Adioukrou,adj,Variété locale de marché à confirmer,UNIT,Unité de vente orale.,LOW,morceau,morceau,,,DRAFT,true,,,NON_TESTE,
PROVISIONAL_FRM_UNIT_10_LITRE,,Adioukrou,adj,Variété locale de marché à confirmer,UNIT,Unité de vente orale.,LOW,litre,litre,,,DRAFT,true,,,NON_TESTE,
PROVISIONAL_FRM_UNIT_11_REGIME,,Adioukrou,adj,Variété locale de marché à confirmer,UNIT,Unité de vente orale.,LOW,régime,régime,,,DRAFT,true,,,NON_TESTE,
PROVISIONAL_FRM_UNIT_12_CARTON,,Adioukrou,adj,Variété locale de marché à confirmer,UNIT,Unité de vente orale.,LOW,carton,carton,,,DRAFT,true,,,NON_TESTE,
PROVISIONAL_FRM_UNIT_13_CAISSE,,Adioukrou,adj,Variété locale de marché à confirmer,UNIT,Unité de vente orale.,LOW,caisse,caisse,,,DRAFT,true,,,NON_TESTE,
PROVISIONAL_FRM_UNIT_14_BOUTEILLE,,Adioukrou,adj,Variété locale de marché à confirmer,UNIT,Unité de vente orale.,LOW,bouteille,bouteille,,,DRAFT,true,,,NON_TESTE,
PROVISIONAL_FRM_UNIT_15_PANIER,,Adioukrou,adj,Variété locale de marché à confirmer,UNIT,Unité de vente orale.,LOW,panier,panier,,,DRAFT,true,,,NON_TESTE,
PROVISIONAL_FRM_UNIT_16_FRANC,,Adioukrou,adj,Variété locale de marché à confirmer,UNIT,Dénomination monétaire orale; à associer à un nombre et au contexte.,HIGH,franc,franc,,,DRAFT,true,,,NON_TESTE,
PROVISIONAL_FRM_UNIT_17_FCFA,,Adioukrou,adj,Variété locale de marché à confirmer,UNIT,Dénomination monétaire orale; à associer à un nombre et au contexte.,HIGH,FCFA,franc CFA,,,DRAFT,true,,,NON_TESTE,
PROVISIONAL_FRM_PRODUCT_01_TOMATE,,Adioukrou,adj,Variété locale de marché à confirmer,PRODUCT,Nom de produit à annoncer ou saisir dans une vente; aucun identifiant produit métier n’est créé.,LOW,tomate,tomate,,,DRAFT,true,,,NON_TESTE,
PROVISIONAL_FRM_PRODUCT_02_PIMENT,,Adioukrou,adj,Variété locale de marché à confirmer,PRODUCT,Nom de produit à annoncer ou saisir dans une vente; aucun identifiant produit métier n’est créé.,LOW,piment,piment,,,DRAFT,true,,,NON_TESTE,
PROVISIONAL_FRM_PRODUCT_03_GOMBO,,Adioukrou,adj,Variété locale de marché à confirmer,PRODUCT,Nom de produit à annoncer ou saisir dans une vente; aucun identifiant produit métier n’est créé.,LOW,gombo,gombo,,,DRAFT,true,,,NON_TESTE,
PROVISIONAL_FRM_PRODUCT_04_ATTIEKE,,Adioukrou,adj,Variété locale de marché à confirmer,PRODUCT,Nom de produit à annoncer ou saisir dans une vente; aucun identifiant produit métier n’est créé.,LOW,attiéké,attiéké,,,DRAFT,true,,,NON_TESTE,
PROVISIONAL_FRM_PRODUCT_05_BANANE,,Adioukrou,adj,Variété locale de marché à confirmer,PRODUCT,Nom de produit à annoncer ou saisir dans une vente; aucun identifiant produit métier n’est créé.,LOW,banane,banane,,,DRAFT,true,,,NON_TESTE,
PROVISIONAL_FRM_PRODUCT_06_PLANTAIN,,Adioukrou,adj,Variété locale de marché à confirmer,PRODUCT,Nom de produit à annoncer ou saisir dans une vente; aucun identifiant produit métier n’est créé.,LOW,plantain,plantain,,,DRAFT,true,,,NON_TESTE,
PROVISIONAL_FRM_PRODUCT_07_IGNAME,,Adioukrou,adj,Variété locale de marché à confirmer,PRODUCT,Nom de produit à annoncer ou saisir dans une vente; aucun identifiant produit métier n’est créé.,LOW,igname,igname,,,DRAFT,true,,,NON_TESTE,
PROVISIONAL_FRM_PRODUCT_08_MANIOC,,Adioukrou,adj,Variété locale de marché à confirmer,PRODUCT,Nom de produit à annoncer ou saisir dans une vente; aucun identifiant produit métier n’est créé.,LOW,manioc,manioc,,,DRAFT,true,,,NON_TESTE,
PROVISIONAL_FRM_PRODUCT_09_AUBERGINE,,Adioukrou,adj,Variété locale de marché à confirmer,PRODUCT,Nom de produit à annoncer ou saisir dans une vente; aucun identifiant produit métier n’est créé.,LOW,aubergine,aubergine,,,DRAFT,true,,,NON_TESTE,
PROVISIONAL_FRM_PRODUCT_10_OIGNON,,Adioukrou,adj,Variété locale de marché à confirmer,PRODUCT,Nom de produit à annoncer ou saisir dans une vente; aucun identifiant produit métier n’est créé.,LOW,oignon,oignon,,,DRAFT,true,,,NON_TESTE,
PROVISIONAL_FRM_PRODUCT_11_AIL,,Adioukrou,adj,Variété locale de marché à confirmer,PRODUCT,Nom de produit à annoncer ou saisir dans une vente; aucun identifiant produit métier n’est créé.,LOW,ail,ail,,,DRAFT,true,,,NON_TESTE,
PROVISIONAL_FRM_PRODUCT_12_POISSON,,Adioukrou,adj,Variété locale de marché à confirmer,PRODUCT,Nom de produit à annoncer ou saisir dans une vente; aucun identifiant produit métier n’est créé.,LOW,poisson,poisson,,,DRAFT,true,,,NON_TESTE,
PROVISIONAL_FRM_PRODUCT_13_VIANDE,,Adioukrou,adj,Variété locale de marché à confirmer,PRODUCT,Nom de produit à annoncer ou saisir dans une vente; aucun identifiant produit métier n’est créé.,LOW,viande,viande,,,DRAFT,true,,,NON_TESTE,
PROVISIONAL_FRM_PRODUCT_14_POULET,,Adioukrou,adj,Variété locale de marché à confirmer,PRODUCT,Nom de produit à annoncer ou saisir dans une vente; aucun identifiant produit métier n’est créé.,LOW,poulet,poulet,,,DRAFT,true,,,NON_TESTE,
PROVISIONAL_FRM_PRODUCT_15_HUILE,,Adioukrou,adj,Variété locale de marché à confirmer,PRODUCT,Nom de produit à annoncer ou saisir dans une vente; aucun identifiant produit métier n’est créé.,LOW,huile,huile,,,DRAFT,true,,,NON_TESTE,
PROVISIONAL_FRM_PRODUCT_16_SEL,,Adioukrou,adj,Variété locale de marché à confirmer,PRODUCT,Nom de produit à annoncer ou saisir dans une vente; aucun identifiant produit métier n’est créé.,LOW,sel,sel,,,DRAFT,true,,,NON_TESTE,
PROVISIONAL_FRM_PRODUCT_17_SUCRE,,Adioukrou,adj,Variété locale de marché à confirmer,PRODUCT,Nom de produit à annoncer ou saisir dans une vente; aucun identifiant produit métier n’est créé.,LOW,sucre,sucre,,,DRAFT,true,,,NON_TESTE,
PROVISIONAL_FRM_PRODUCT_18_RIZ,,Adioukrou,adj,Variété locale de marché à confirmer,PRODUCT,Nom de produit à annoncer ou saisir dans une vente; aucun identifiant produit métier n’est créé.,LOW,riz,riz,,,DRAFT,true,,,NON_TESTE,
PROVISIONAL_FRM_PRODUCT_19_HARICOT,,Adioukrou,adj,Variété locale de marché à confirmer,PRODUCT,Nom de produit à annoncer ou saisir dans une vente; aucun identifiant produit métier n’est créé.,LOW,haricot,haricot,,,DRAFT,true,,,NON_TESTE,
PROVISIONAL_FRM_PRODUCT_20_MAIS,,Adioukrou,adj,Variété locale de marché à confirmer,PRODUCT,Nom de produit à annoncer ou saisir dans une vente; aucun identifiant produit métier n’est créé.,LOW,maïs,maïs,,,DRAFT,true,,,NON_TESTE,
PROVISIONAL_FRM_PRODUCT_21_FOUTOU,,Adioukrou,adj,Variété locale de marché à confirmer,PRODUCT,Nom de produit à annoncer ou saisir dans une vente; aucun identifiant produit métier n’est créé.,LOW,foutou,foutou,,,DRAFT,true,,,NON_TESTE,
PROVISIONAL_FRM_PRODUCT_22_ORANGE,,Adioukrou,adj,Variété locale de marché à confirmer,PRODUCT,Nom de produit à annoncer ou saisir dans une vente; aucun identifiant produit métier n’est créé.,LOW,orange,orange,,,DRAFT,true,,,NON_TESTE,
PROVISIONAL_FRM_PRODUCT_23_SAVON,,Adioukrou,adj,Variété locale de marché à confirmer,PRODUCT,Nom de produit à annoncer ou saisir dans une vente; aucun identifiant produit métier n’est créé.,LOW,savon,savon,,,DRAFT,true,,,NON_TESTE,
PROVISIONAL_FRM_PRODUCT_24_FARINE,,Adioukrou,adj,Variété locale de marché à confirmer,PRODUCT,Nom de produit à annoncer ou saisir dans une vente; aucun identifiant produit métier n’est créé.,LOW,farine,farine,,,DRAFT,true,,,NON_TESTE,
PROVISIONAL_FRM_PRODUCT_25_JUS,,Adioukrou,adj,Variété locale de marché à confirmer,PRODUCT,Nom de produit à annoncer ou saisir dans une vente; aucun identifiant produit métier n’est créé.,LOW,jus,jus,,,DRAFT,true,,,NON_TESTE,
PROVISIONAL_FRM_PRODUCT_26_LAIT,,Adioukrou,adj,Variété locale de marché à confirmer,PRODUCT,Nom de produit à annoncer ou saisir dans une vente; aucun identifiant produit métier n’est créé.,LOW,lait,lait,,,DRAFT,true,,,NON_TESTE,
PROVISIONAL_FRM_INTENT_01,,Ébrié (Atchan),ebr,"Atchan/Tchaman, aire Abidjan–lagune; sous-variété à confirmer",FINANCIAL_PRIORITY_INTENT,Commande orale d’encaissement; elle ne vaut pas confirmation métier du paiement.,CRITICAL,Encaisse.,Encaisse ça.,,,DRAFT,true,,,NON_TESTE,
PROVISIONAL_FRM_INTENT_02,,Ébrié (Atchan),ebr,"Atchan/Tchaman, aire Abidjan–lagune; sous-variété à confirmer",FINANCIAL_PRIORITY_INTENT,Demande du montant encore dû par une cliente.,CRITICAL,Combien elle doit ?,Elle doit combien ?,,,DRAFT,true,,,NON_TESTE,
PROVISIONAL_FRM_INTENT_03,,Ébrié (Atchan),ebr,"Atchan/Tchaman, aire Abidjan–lagune; sous-variété à confirmer",FINANCIAL_PRIORITY_INTENT,Accord oral avant une validation; la confirmation métier reste distincte.,CRITICAL,"Oui, valide.","Oui, tu peux valider.",,,DRAFT,true,,,NON_TESTE,
PROVISIONAL_FRM_INTENT_04,,Ébrié (Atchan),ebr,"Atchan/Tchaman, aire Abidjan–lagune; sous-variété à confirmer",FINANCIAL_PRIORITY_INTENT,Refus ou demande d’annulation avant confirmation métier.,CRITICAL,Non / annule.,"Non, annule.",,,DRAFT,true,,,NON_TESTE,
PROVISIONAL_FRM_INTENT_05,,Ébrié (Atchan),ebr,"Atchan/Tchaman, aire Abidjan–lagune; sous-variété à confirmer",FINANCIAL_PRIORITY_INTENT,Annonce d’un montant manquant dans le paiement.,CRITICAL,Il manque {montant} francs.,Il manque {montant} francs.,,,DRAFT,true,,,NON_TESTE,
PROVISIONAL_FRM_INTENT_06,,Ébrié (Atchan),ebr,"Atchan/Tchaman, aire Abidjan–lagune; sous-variété à confirmer",FINANCIAL_PRIORITY_INTENT,Demande de vérifier le calcul ou le compte avant la suite.,CRITICAL,Compte juste.,Vérifie bien le compte.,,,DRAFT,true,,,NON_TESTE,
PROVISIONAL_FRM_INTENT_07,,Ébrié (Atchan),ebr,"Atchan/Tchaman, aire Abidjan–lagune; sous-variété à confirmer",FINANCIAL_PRIORITY_INTENT,Annonce du montant effectivement remis par la cliente.,CRITICAL,Elle a donné {recu} francs.,Elle a donné {recu} francs.,,,DRAFT,true,,,NON_TESTE,
PROVISIONAL_FRM_INTENT_08,,Ébrié (Atchan),ebr,"Atchan/Tchaman, aire Abidjan–lagune; sous-variété à confirmer",FINANCIAL_PRIORITY_INTENT,Annonce de la monnaie à rendre à la cliente.,CRITICAL,Tu rends {monnaie} francs.,Tu lui rends {monnaie} francs.,,,DRAFT,true,,,NON_TESTE,
PROVISIONAL_FRM_INTENT_09,,Ébrié (Atchan),ebr,"Atchan/Tchaman, aire Abidjan–lagune; sous-variété à confirmer",FINANCIAL_PRIORITY_INTENT,Annonce du total dû par la cliente.,CRITICAL,Elle doit {total} francs.,Elle doit {total} francs.,,,DRAFT,true,,,NON_TESTE,
PROVISIONAL_FRM_INTENT_10,,Ébrié (Atchan),ebr,"Atchan/Tchaman, aire Abidjan–lagune; sous-variété à confirmer",FINANCIAL_PRIORITY_INTENT,Demande orale de validation avant l’action métier.,CRITICAL,Je valide ?,Je valide ça ?,,,DRAFT,true,,,NON_TESTE,
PROVISIONAL_FRM_INTENT_11,,Ébrié (Atchan),ebr,"Atchan/Tchaman, aire Abidjan–lagune; sous-variété à confirmer",FINANCIAL_PRIORITY_INTENT,Question sur le prix d’un seul article.,HIGH,Prix d’un seul.,"Un seul, c’est combien ?",,,DRAFT,true,,,NON_TESTE,
PROVISIONAL_FRM_INTENT_12,,Ébrié (Atchan),ebr,"Atchan/Tchaman, aire Abidjan–lagune; sous-variété à confirmer",FINANCIAL_PRIORITY_INTENT,Question sur le prix total de l’ensemble présenté.,HIGH,Prix du tout.,"Tout ça, c’est combien ?",,,DRAFT,true,,,NON_TESTE,
PROVISIONAL_FRM_INTENT_13,,Ébrié (Atchan),ebr,"Atchan/Tchaman, aire Abidjan–lagune; sous-variété à confirmer",FINANCIAL_PRIORITY_INTENT,Question générale sur le montant à payer ou le total.,HIGH,Combien ?,Ça fait combien ?,,,DRAFT,true,,,NON_TESTE,
PROVISIONAL_FRM_INTENT_14,,Ébrié (Atchan),ebr,"Atchan/Tchaman, aire Abidjan–lagune; sous-variété à confirmer",FINANCIAL_PRIORITY_INTENT,Question sur le prix d’un produit ou d’une quantité montrée.,HIGH,C’est à combien ?,C’est à combien ?,,,DRAFT,true,,,NON_TESTE,
PROVISIONAL_FRM_INTENT_15,,Ébrié (Atchan),ebr,"Atchan/Tchaman, aire Abidjan–lagune; sous-variété à confirmer",FINANCIAL_PRIORITY_INTENT,Question ouverte sur le produit ou l’article vendu.,LOW,Tu as vendu quoi ?,Tu as vendu quoi ?,,,DRAFT,true,,,NON_TESTE,
PROVISIONAL_FRM_NUMBER_000,,Ébrié (Atchan),ebr,"Atchan/Tchaman, aire Abidjan–lagune; sous-variété à confirmer",NUMBER_0_100,Lecture isolée d’un nombre pour une quantité ou un montant; l’unité et le contexte doivent être ajoutés.,MEDIUM,zéro,zéro,,,DRAFT,true,,,NON_TESTE,
PROVISIONAL_FRM_NUMBER_001,,Ébrié (Atchan),ebr,"Atchan/Tchaman, aire Abidjan–lagune; sous-variété à confirmer",NUMBER_0_100,Lecture isolée d’un nombre pour une quantité ou un montant; l’unité et le contexte doivent être ajoutés.,MEDIUM,un,un,,,DRAFT,true,,,NON_TESTE,
PROVISIONAL_FRM_NUMBER_002,,Ébrié (Atchan),ebr,"Atchan/Tchaman, aire Abidjan–lagune; sous-variété à confirmer",NUMBER_0_100,Lecture isolée d’un nombre pour une quantité ou un montant; l’unité et le contexte doivent être ajoutés.,MEDIUM,deux,deux,,,DRAFT,true,,,NON_TESTE,
PROVISIONAL_FRM_NUMBER_003,,Ébrié (Atchan),ebr,"Atchan/Tchaman, aire Abidjan–lagune; sous-variété à confirmer",NUMBER_0_100,Lecture isolée d’un nombre pour une quantité ou un montant; l’unité et le contexte doivent être ajoutés.,MEDIUM,trois,trois,,,DRAFT,true,,,NON_TESTE,
PROVISIONAL_FRM_NUMBER_004,,Ébrié (Atchan),ebr,"Atchan/Tchaman, aire Abidjan–lagune; sous-variété à confirmer",NUMBER_0_100,Lecture isolée d’un nombre pour une quantité ou un montant; l’unité et le contexte doivent être ajoutés.,MEDIUM,quatre,quatre,,,DRAFT,true,,,NON_TESTE,
PROVISIONAL_FRM_NUMBER_005,,Ébrié (Atchan),ebr,"Atchan/Tchaman, aire Abidjan–lagune; sous-variété à confirmer",NUMBER_0_100,Lecture isolée d’un nombre pour une quantité ou un montant; l’unité et le contexte doivent être ajoutés.,MEDIUM,cinq,cinq,,,DRAFT,true,,,NON_TESTE,
PROVISIONAL_FRM_NUMBER_006,,Ébrié (Atchan),ebr,"Atchan/Tchaman, aire Abidjan–lagune; sous-variété à confirmer",NUMBER_0_100,Lecture isolée d’un nombre pour une quantité ou un montant; l’unité et le contexte doivent être ajoutés.,MEDIUM,six,six,,,DRAFT,true,,,NON_TESTE,
PROVISIONAL_FRM_NUMBER_007,,Ébrié (Atchan),ebr,"Atchan/Tchaman, aire Abidjan–lagune; sous-variété à confirmer",NUMBER_0_100,Lecture isolée d’un nombre pour une quantité ou un montant; l’unité et le contexte doivent être ajoutés.,MEDIUM,sept,sept,,,DRAFT,true,,,NON_TESTE,
PROVISIONAL_FRM_NUMBER_008,,Ébrié (Atchan),ebr,"Atchan/Tchaman, aire Abidjan–lagune; sous-variété à confirmer",NUMBER_0_100,Lecture isolée d’un nombre pour une quantité ou un montant; l’unité et le contexte doivent être ajoutés.,MEDIUM,huit,huit,,,DRAFT,true,,,NON_TESTE,
PROVISIONAL_FRM_NUMBER_009,,Ébrié (Atchan),ebr,"Atchan/Tchaman, aire Abidjan–lagune; sous-variété à confirmer",NUMBER_0_100,Lecture isolée d’un nombre pour une quantité ou un montant; l’unité et le contexte doivent être ajoutés.,MEDIUM,neuf,neuf,,,DRAFT,true,,,NON_TESTE,
PROVISIONAL_FRM_NUMBER_010,,Ébrié (Atchan),ebr,"Atchan/Tchaman, aire Abidjan–lagune; sous-variété à confirmer",NUMBER_0_100,Lecture isolée d’un nombre pour une quantité ou un montant; l’unité et le contexte doivent être ajoutés.,MEDIUM,dix,dix,,,DRAFT,true,,,NON_TESTE,
PROVISIONAL_FRM_NUMBER_011,,Ébrié (Atchan),ebr,"Atchan/Tchaman, aire Abidjan–lagune; sous-variété à confirmer",NUMBER_0_100,Lecture isolée d’un nombre pour une quantité ou un montant; l’unité et le contexte doivent être ajoutés.,MEDIUM,onze,onze,,,DRAFT,true,,,NON_TESTE,
PROVISIONAL_FRM_NUMBER_012,,Ébrié (Atchan),ebr,"Atchan/Tchaman, aire Abidjan–lagune; sous-variété à confirmer",NUMBER_0_100,Lecture isolée d’un nombre pour une quantité ou un montant; l’unité et le contexte doivent être ajoutés.,MEDIUM,douze,douze,,,DRAFT,true,,,NON_TESTE,
PROVISIONAL_FRM_NUMBER_013,,Ébrié (Atchan),ebr,"Atchan/Tchaman, aire Abidjan–lagune; sous-variété à confirmer",NUMBER_0_100,Lecture isolée d’un nombre pour une quantité ou un montant; l’unité et le contexte doivent être ajoutés.,MEDIUM,treize,treize,,,DRAFT,true,,,NON_TESTE,
PROVISIONAL_FRM_NUMBER_014,,Ébrié (Atchan),ebr,"Atchan/Tchaman, aire Abidjan–lagune; sous-variété à confirmer",NUMBER_0_100,Lecture isolée d’un nombre pour une quantité ou un montant; l’unité et le contexte doivent être ajoutés.,MEDIUM,quatorze,quatorze,,,DRAFT,true,,,NON_TESTE,
PROVISIONAL_FRM_NUMBER_015,,Ébrié (Atchan),ebr,"Atchan/Tchaman, aire Abidjan–lagune; sous-variété à confirmer",NUMBER_0_100,Lecture isolée d’un nombre pour une quantité ou un montant; l’unité et le contexte doivent être ajoutés.,MEDIUM,quinze,quinze,,,DRAFT,true,,,NON_TESTE,
PROVISIONAL_FRM_NUMBER_016,,Ébrié (Atchan),ebr,"Atchan/Tchaman, aire Abidjan–lagune; sous-variété à confirmer",NUMBER_0_100,Lecture isolée d’un nombre pour une quantité ou un montant; l’unité et le contexte doivent être ajoutés.,MEDIUM,seize,seize,,,DRAFT,true,,,NON_TESTE,
PROVISIONAL_FRM_NUMBER_017,,Ébrié (Atchan),ebr,"Atchan/Tchaman, aire Abidjan–lagune; sous-variété à confirmer",NUMBER_0_100,Lecture isolée d’un nombre pour une quantité ou un montant; l’unité et le contexte doivent être ajoutés.,MEDIUM,dix-sept,dix-sept,,,DRAFT,true,,,NON_TESTE,
PROVISIONAL_FRM_NUMBER_018,,Ébrié (Atchan),ebr,"Atchan/Tchaman, aire Abidjan–lagune; sous-variété à confirmer",NUMBER_0_100,Lecture isolée d’un nombre pour une quantité ou un montant; l’unité et le contexte doivent être ajoutés.,MEDIUM,dix-huit,dix-huit,,,DRAFT,true,,,NON_TESTE,
PROVISIONAL_FRM_NUMBER_019,,Ébrié (Atchan),ebr,"Atchan/Tchaman, aire Abidjan–lagune; sous-variété à confirmer",NUMBER_0_100,Lecture isolée d’un nombre pour une quantité ou un montant; l’unité et le contexte doivent être ajoutés.,MEDIUM,dix-neuf,dix-neuf,,,DRAFT,true,,,NON_TESTE,
PROVISIONAL_FRM_NUMBER_020,,Ébrié (Atchan),ebr,"Atchan/Tchaman, aire Abidjan–lagune; sous-variété à confirmer",NUMBER_0_100,Lecture isolée d’un nombre pour une quantité ou un montant; l’unité et le contexte doivent être ajoutés.,MEDIUM,vingt,vingt,,,DRAFT,true,,,NON_TESTE,
PROVISIONAL_FRM_NUMBER_021,,Ébrié (Atchan),ebr,"Atchan/Tchaman, aire Abidjan–lagune; sous-variété à confirmer",NUMBER_0_100,Lecture isolée d’un nombre pour une quantité ou un montant; l’unité et le contexte doivent être ajoutés.,MEDIUM,vingt et un,vingt et un,,,DRAFT,true,,,NON_TESTE,
PROVISIONAL_FRM_NUMBER_022,,Ébrié (Atchan),ebr,"Atchan/Tchaman, aire Abidjan–lagune; sous-variété à confirmer",NUMBER_0_100,Lecture isolée d’un nombre pour une quantité ou un montant; l’unité et le contexte doivent être ajoutés.,MEDIUM,vingt-deux,vingt-deux,,,DRAFT,true,,,NON_TESTE,
PROVISIONAL_FRM_NUMBER_023,,Ébrié (Atchan),ebr,"Atchan/Tchaman, aire Abidjan–lagune; sous-variété à confirmer",NUMBER_0_100,Lecture isolée d’un nombre pour une quantité ou un montant; l’unité et le contexte doivent être ajoutés.,MEDIUM,vingt-trois,vingt-trois,,,DRAFT,true,,,NON_TESTE,
PROVISIONAL_FRM_NUMBER_024,,Ébrié (Atchan),ebr,"Atchan/Tchaman, aire Abidjan–lagune; sous-variété à confirmer",NUMBER_0_100,Lecture isolée d’un nombre pour une quantité ou un montant; l’unité et le contexte doivent être ajoutés.,MEDIUM,vingt-quatre,vingt-quatre,,,DRAFT,true,,,NON_TESTE,
PROVISIONAL_FRM_NUMBER_025,,Ébrié (Atchan),ebr,"Atchan/Tchaman, aire Abidjan–lagune; sous-variété à confirmer",NUMBER_0_100,Lecture isolée d’un nombre pour une quantité ou un montant; l’unité et le contexte doivent être ajoutés.,MEDIUM,vingt-cinq,vingt-cinq,,,DRAFT,true,,,NON_TESTE,
PROVISIONAL_FRM_NUMBER_026,,Ébrié (Atchan),ebr,"Atchan/Tchaman, aire Abidjan–lagune; sous-variété à confirmer",NUMBER_0_100,Lecture isolée d’un nombre pour une quantité ou un montant; l’unité et le contexte doivent être ajoutés.,MEDIUM,vingt-six,vingt-six,,,DRAFT,true,,,NON_TESTE,
PROVISIONAL_FRM_NUMBER_027,,Ébrié (Atchan),ebr,"Atchan/Tchaman, aire Abidjan–lagune; sous-variété à confirmer",NUMBER_0_100,Lecture isolée d’un nombre pour une quantité ou un montant; l’unité et le contexte doivent être ajoutés.,MEDIUM,vingt-sept,vingt-sept,,,DRAFT,true,,,NON_TESTE,
PROVISIONAL_FRM_NUMBER_028,,Ébrié (Atchan),ebr,"Atchan/Tchaman, aire Abidjan–lagune; sous-variété à confirmer",NUMBER_0_100,Lecture isolée d’un nombre pour une quantité ou un montant; l’unité et le contexte doivent être ajoutés.,MEDIUM,vingt-huit,vingt-huit,,,DRAFT,true,,,NON_TESTE,
PROVISIONAL_FRM_NUMBER_029,,Ébrié (Atchan),ebr,"Atchan/Tchaman, aire Abidjan–lagune; sous-variété à confirmer",NUMBER_0_100,Lecture isolée d’un nombre pour une quantité ou un montant; l’unité et le contexte doivent être ajoutés.,MEDIUM,vingt-neuf,vingt-neuf,,,DRAFT,true,,,NON_TESTE,
PROVISIONAL_FRM_NUMBER_030,,Ébrié (Atchan),ebr,"Atchan/Tchaman, aire Abidjan–lagune; sous-variété à confirmer",NUMBER_0_100,Lecture isolée d’un nombre pour une quantité ou un montant; l’unité et le contexte doivent être ajoutés.,MEDIUM,trente,trente,,,DRAFT,true,,,NON_TESTE,
PROVISIONAL_FRM_NUMBER_031,,Ébrié (Atchan),ebr,"Atchan/Tchaman, aire Abidjan–lagune; sous-variété à confirmer",NUMBER_0_100,Lecture isolée d’un nombre pour une quantité ou un montant; l’unité et le contexte doivent être ajoutés.,MEDIUM,trente et un,trente et un,,,DRAFT,true,,,NON_TESTE,
PROVISIONAL_FRM_NUMBER_032,,Ébrié (Atchan),ebr,"Atchan/Tchaman, aire Abidjan–lagune; sous-variété à confirmer",NUMBER_0_100,Lecture isolée d’un nombre pour une quantité ou un montant; l’unité et le contexte doivent être ajoutés.,MEDIUM,trente-deux,trente-deux,,,DRAFT,true,,,NON_TESTE,
PROVISIONAL_FRM_NUMBER_033,,Ébrié (Atchan),ebr,"Atchan/Tchaman, aire Abidjan–lagune; sous-variété à confirmer",NUMBER_0_100,Lecture isolée d’un nombre pour une quantité ou un montant; l’unité et le contexte doivent être ajoutés.,MEDIUM,trente-trois,trente-trois,,,DRAFT,true,,,NON_TESTE,
PROVISIONAL_FRM_NUMBER_034,,Ébrié (Atchan),ebr,"Atchan/Tchaman, aire Abidjan–lagune; sous-variété à confirmer",NUMBER_0_100,Lecture isolée d’un nombre pour une quantité ou un montant; l’unité et le contexte doivent être ajoutés.,MEDIUM,trente-quatre,trente-quatre,,,DRAFT,true,,,NON_TESTE,
PROVISIONAL_FRM_NUMBER_035,,Ébrié (Atchan),ebr,"Atchan/Tchaman, aire Abidjan–lagune; sous-variété à confirmer",NUMBER_0_100,Lecture isolée d’un nombre pour une quantité ou un montant; l’unité et le contexte doivent être ajoutés.,MEDIUM,trente-cinq,trente-cinq,,,DRAFT,true,,,NON_TESTE,
PROVISIONAL_FRM_NUMBER_036,,Ébrié (Atchan),ebr,"Atchan/Tchaman, aire Abidjan–lagune; sous-variété à confirmer",NUMBER_0_100,Lecture isolée d’un nombre pour une quantité ou un montant; l’unité et le contexte doivent être ajoutés.,MEDIUM,trente-six,trente-six,,,DRAFT,true,,,NON_TESTE,
PROVISIONAL_FRM_NUMBER_037,,Ébrié (Atchan),ebr,"Atchan/Tchaman, aire Abidjan–lagune; sous-variété à confirmer",NUMBER_0_100,Lecture isolée d’un nombre pour une quantité ou un montant; l’unité et le contexte doivent être ajoutés.,MEDIUM,trente-sept,trente-sept,,,DRAFT,true,,,NON_TESTE,
PROVISIONAL_FRM_NUMBER_038,,Ébrié (Atchan),ebr,"Atchan/Tchaman, aire Abidjan–lagune; sous-variété à confirmer",NUMBER_0_100,Lecture isolée d’un nombre pour une quantité ou un montant; l’unité et le contexte doivent être ajoutés.,MEDIUM,trente-huit,trente-huit,,,DRAFT,true,,,NON_TESTE,
PROVISIONAL_FRM_NUMBER_039,,Ébrié (Atchan),ebr,"Atchan/Tchaman, aire Abidjan–lagune; sous-variété à confirmer",NUMBER_0_100,Lecture isolée d’un nombre pour une quantité ou un montant; l’unité et le contexte doivent être ajoutés.,MEDIUM,trente-neuf,trente-neuf,,,DRAFT,true,,,NON_TESTE,
PROVISIONAL_FRM_NUMBER_040,,Ébrié (Atchan),ebr,"Atchan/Tchaman, aire Abidjan–lagune; sous-variété à confirmer",NUMBER_0_100,Lecture isolée d’un nombre pour une quantité ou un montant; l’unité et le contexte doivent être ajoutés.,MEDIUM,quarante,quarante,,,DRAFT,true,,,NON_TESTE,
PROVISIONAL_FRM_NUMBER_041,,Ébrié (Atchan),ebr,"Atchan/Tchaman, aire Abidjan–lagune; sous-variété à confirmer",NUMBER_0_100,Lecture isolée d’un nombre pour une quantité ou un montant; l’unité et le contexte doivent être ajoutés.,MEDIUM,quarante et un,quarante et un,,,DRAFT,true,,,NON_TESTE,
PROVISIONAL_FRM_NUMBER_042,,Ébrié (Atchan),ebr,"Atchan/Tchaman, aire Abidjan–lagune; sous-variété à confirmer",NUMBER_0_100,Lecture isolée d’un nombre pour une quantité ou un montant; l’unité et le contexte doivent être ajoutés.,MEDIUM,quarante-deux,quarante-deux,,,DRAFT,true,,,NON_TESTE,
PROVISIONAL_FRM_NUMBER_043,,Ébrié (Atchan),ebr,"Atchan/Tchaman, aire Abidjan–lagune; sous-variété à confirmer",NUMBER_0_100,Lecture isolée d’un nombre pour une quantité ou un montant; l’unité et le contexte doivent être ajoutés.,MEDIUM,quarante-trois,quarante-trois,,,DRAFT,true,,,NON_TESTE,
PROVISIONAL_FRM_NUMBER_044,,Ébrié (Atchan),ebr,"Atchan/Tchaman, aire Abidjan–lagune; sous-variété à confirmer",NUMBER_0_100,Lecture isolée d’un nombre pour une quantité ou un montant; l’unité et le contexte doivent être ajoutés.,MEDIUM,quarante-quatre,quarante-quatre,,,DRAFT,true,,,NON_TESTE,
PROVISIONAL_FRM_NUMBER_045,,Ébrié (Atchan),ebr,"Atchan/Tchaman, aire Abidjan–lagune; sous-variété à confirmer",NUMBER_0_100,Lecture isolée d’un nombre pour une quantité ou un montant; l’unité et le contexte doivent être ajoutés.,MEDIUM,quarante-cinq,quarante-cinq,,,DRAFT,true,,,NON_TESTE,
PROVISIONAL_FRM_NUMBER_046,,Ébrié (Atchan),ebr,"Atchan/Tchaman, aire Abidjan–lagune; sous-variété à confirmer",NUMBER_0_100,Lecture isolée d’un nombre pour une quantité ou un montant; l’unité et le contexte doivent être ajoutés.,MEDIUM,quarante-six,quarante-six,,,DRAFT,true,,,NON_TESTE,
PROVISIONAL_FRM_NUMBER_047,,Ébrié (Atchan),ebr,"Atchan/Tchaman, aire Abidjan–lagune; sous-variété à confirmer",NUMBER_0_100,Lecture isolée d’un nombre pour une quantité ou un montant; l’unité et le contexte doivent être ajoutés.,MEDIUM,quarante-sept,quarante-sept,,,DRAFT,true,,,NON_TESTE,
PROVISIONAL_FRM_NUMBER_048,,Ébrié (Atchan),ebr,"Atchan/Tchaman, aire Abidjan–lagune; sous-variété à confirmer",NUMBER_0_100,Lecture isolée d’un nombre pour une quantité ou un montant; l’unité et le contexte doivent être ajoutés.,MEDIUM,quarante-huit,quarante-huit,,,DRAFT,true,,,NON_TESTE,
PROVISIONAL_FRM_NUMBER_049,,Ébrié (Atchan),ebr,"Atchan/Tchaman, aire Abidjan–lagune; sous-variété à confirmer",NUMBER_0_100,Lecture isolée d’un nombre pour une quantité ou un montant; l’unité et le contexte doivent être ajoutés.,MEDIUM,quarante-neuf,quarante-neuf,,,DRAFT,true,,,NON_TESTE,
PROVISIONAL_FRM_NUMBER_050,,Ébrié (Atchan),ebr,"Atchan/Tchaman, aire Abidjan–lagune; sous-variété à confirmer",NUMBER_0_100,Lecture isolée d’un nombre pour une quantité ou un montant; l’unité et le contexte doivent être ajoutés.,MEDIUM,cinquante,cinquante,,,DRAFT,true,,,NON_TESTE,
PROVISIONAL_FRM_NUMBER_051,,Ébrié (Atchan),ebr,"Atchan/Tchaman, aire Abidjan–lagune; sous-variété à confirmer",NUMBER_0_100,Lecture isolée d’un nombre pour une quantité ou un montant; l’unité et le contexte doivent être ajoutés.,MEDIUM,cinquante et un,cinquante et un,,,DRAFT,true,,,NON_TESTE,
PROVISIONAL_FRM_NUMBER_052,,Ébrié (Atchan),ebr,"Atchan/Tchaman, aire Abidjan–lagune; sous-variété à confirmer",NUMBER_0_100,Lecture isolée d’un nombre pour une quantité ou un montant; l’unité et le contexte doivent être ajoutés.,MEDIUM,cinquante-deux,cinquante-deux,,,DRAFT,true,,,NON_TESTE,
PROVISIONAL_FRM_NUMBER_053,,Ébrié (Atchan),ebr,"Atchan/Tchaman, aire Abidjan–lagune; sous-variété à confirmer",NUMBER_0_100,Lecture isolée d’un nombre pour une quantité ou un montant; l’unité et le contexte doivent être ajoutés.,MEDIUM,cinquante-trois,cinquante-trois,,,DRAFT,true,,,NON_TESTE,
PROVISIONAL_FRM_NUMBER_054,,Ébrié (Atchan),ebr,"Atchan/Tchaman, aire Abidjan–lagune; sous-variété à confirmer",NUMBER_0_100,Lecture isolée d’un nombre pour une quantité ou un montant; l’unité et le contexte doivent être ajoutés.,MEDIUM,cinquante-quatre,cinquante-quatre,,,DRAFT,true,,,NON_TESTE,
PROVISIONAL_FRM_NUMBER_055,,Ébrié (Atchan),ebr,"Atchan/Tchaman, aire Abidjan–lagune; sous-variété à confirmer",NUMBER_0_100,Lecture isolée d’un nombre pour une quantité ou un montant; l’unité et le contexte doivent être ajoutés.,MEDIUM,cinquante-cinq,cinquante-cinq,,,DRAFT,true,,,NON_TESTE,
PROVISIONAL_FRM_NUMBER_056,,Ébrié (Atchan),ebr,"Atchan/Tchaman, aire Abidjan–lagune; sous-variété à confirmer",NUMBER_0_100,Lecture isolée d’un nombre pour une quantité ou un montant; l’unité et le contexte doivent être ajoutés.,MEDIUM,cinquante-six,cinquante-six,,,DRAFT,true,,,NON_TESTE,
PROVISIONAL_FRM_NUMBER_057,,Ébrié (Atchan),ebr,"Atchan/Tchaman, aire Abidjan–lagune; sous-variété à confirmer",NUMBER_0_100,Lecture isolée d’un nombre pour une quantité ou un montant; l’unité et le contexte doivent être ajoutés.,MEDIUM,cinquante-sept,cinquante-sept,,,DRAFT,true,,,NON_TESTE,
PROVISIONAL_FRM_NUMBER_058,,Ébrié (Atchan),ebr,"Atchan/Tchaman, aire Abidjan–lagune; sous-variété à confirmer",NUMBER_0_100,Lecture isolée d’un nombre pour une quantité ou un montant; l’unité et le contexte doivent être ajoutés.,MEDIUM,cinquante-huit,cinquante-huit,,,DRAFT,true,,,NON_TESTE,
PROVISIONAL_FRM_NUMBER_059,,Ébrié (Atchan),ebr,"Atchan/Tchaman, aire Abidjan–lagune; sous-variété à confirmer",NUMBER_0_100,Lecture isolée d’un nombre pour une quantité ou un montant; l’unité et le contexte doivent être ajoutés.,MEDIUM,cinquante-neuf,cinquante-neuf,,,DRAFT,true,,,NON_TESTE,
PROVISIONAL_FRM_NUMBER_060,,Ébrié (Atchan),ebr,"Atchan/Tchaman, aire Abidjan–lagune; sous-variété à confirmer",NUMBER_0_100,Lecture isolée d’un nombre pour une quantité ou un montant; l’unité et le contexte doivent être ajoutés.,MEDIUM,soixante,soixante,,,DRAFT,true,,,NON_TESTE,
PROVISIONAL_FRM_NUMBER_061,,Ébrié (Atchan),ebr,"Atchan/Tchaman, aire Abidjan–lagune; sous-variété à confirmer",NUMBER_0_100,Lecture isolée d’un nombre pour une quantité ou un montant; l’unité et le contexte doivent être ajoutés.,MEDIUM,soixante et un,soixante et un,,,DRAFT,true,,,NON_TESTE,
PROVISIONAL_FRM_NUMBER_062,,Ébrié (Atchan),ebr,"Atchan/Tchaman, aire Abidjan–lagune; sous-variété à confirmer",NUMBER_0_100,Lecture isolée d’un nombre pour une quantité ou un montant; l’unité et le contexte doivent être ajoutés.,MEDIUM,soixante-deux,soixante-deux,,,DRAFT,true,,,NON_TESTE,
PROVISIONAL_FRM_NUMBER_063,,Ébrié (Atchan),ebr,"Atchan/Tchaman, aire Abidjan–lagune; sous-variété à confirmer",NUMBER_0_100,Lecture isolée d’un nombre pour une quantité ou un montant; l’unité et le contexte doivent être ajoutés.,MEDIUM,soixante-trois,soixante-trois,,,DRAFT,true,,,NON_TESTE,
PROVISIONAL_FRM_NUMBER_064,,Ébrié (Atchan),ebr,"Atchan/Tchaman, aire Abidjan–lagune; sous-variété à confirmer",NUMBER_0_100,Lecture isolée d’un nombre pour une quantité ou un montant; l’unité et le contexte doivent être ajoutés.,MEDIUM,soixante-quatre,soixante-quatre,,,DRAFT,true,,,NON_TESTE,
PROVISIONAL_FRM_NUMBER_065,,Ébrié (Atchan),ebr,"Atchan/Tchaman, aire Abidjan–lagune; sous-variété à confirmer",NUMBER_0_100,Lecture isolée d’un nombre pour une quantité ou un montant; l’unité et le contexte doivent être ajoutés.,MEDIUM,soixante-cinq,soixante-cinq,,,DRAFT,true,,,NON_TESTE,
PROVISIONAL_FRM_NUMBER_066,,Ébrié (Atchan),ebr,"Atchan/Tchaman, aire Abidjan–lagune; sous-variété à confirmer",NUMBER_0_100,Lecture isolée d’un nombre pour une quantité ou un montant; l’unité et le contexte doivent être ajoutés.,MEDIUM,soixante-six,soixante-six,,,DRAFT,true,,,NON_TESTE,
PROVISIONAL_FRM_NUMBER_067,,Ébrié (Atchan),ebr,"Atchan/Tchaman, aire Abidjan–lagune; sous-variété à confirmer",NUMBER_0_100,Lecture isolée d’un nombre pour une quantité ou un montant; l’unité et le contexte doivent être ajoutés.,MEDIUM,soixante-sept,soixante-sept,,,DRAFT,true,,,NON_TESTE,
PROVISIONAL_FRM_NUMBER_068,,Ébrié (Atchan),ebr,"Atchan/Tchaman, aire Abidjan–lagune; sous-variété à confirmer",NUMBER_0_100,Lecture isolée d’un nombre pour une quantité ou un montant; l’unité et le contexte doivent être ajoutés.,MEDIUM,soixante-huit,soixante-huit,,,DRAFT,true,,,NON_TESTE,
PROVISIONAL_FRM_NUMBER_069,,Ébrié (Atchan),ebr,"Atchan/Tchaman, aire Abidjan–lagune; sous-variété à confirmer",NUMBER_0_100,Lecture isolée d’un nombre pour une quantité ou un montant; l’unité et le contexte doivent être ajoutés.,MEDIUM,soixante-neuf,soixante-neuf,,,DRAFT,true,,,NON_TESTE,
PROVISIONAL_FRM_NUMBER_070,,Ébrié (Atchan),ebr,"Atchan/Tchaman, aire Abidjan–lagune; sous-variété à confirmer",NUMBER_0_100,Lecture isolée d’un nombre pour une quantité ou un montant; l’unité et le contexte doivent être ajoutés.,MEDIUM,soixante-dix,soixante-dix,,,DRAFT,true,,,NON_TESTE,
PROVISIONAL_FRM_NUMBER_071,,Ébrié (Atchan),ebr,"Atchan/Tchaman, aire Abidjan–lagune; sous-variété à confirmer",NUMBER_0_100,Lecture isolée d’un nombre pour une quantité ou un montant; l’unité et le contexte doivent être ajoutés.,MEDIUM,soixante et onze,soixante et onze,,,DRAFT,true,,,NON_TESTE,
PROVISIONAL_FRM_NUMBER_072,,Ébrié (Atchan),ebr,"Atchan/Tchaman, aire Abidjan–lagune; sous-variété à confirmer",NUMBER_0_100,Lecture isolée d’un nombre pour une quantité ou un montant; l’unité et le contexte doivent être ajoutés.,MEDIUM,soixante-douze,soixante-douze,,,DRAFT,true,,,NON_TESTE,
PROVISIONAL_FRM_NUMBER_073,,Ébrié (Atchan),ebr,"Atchan/Tchaman, aire Abidjan–lagune; sous-variété à confirmer",NUMBER_0_100,Lecture isolée d’un nombre pour une quantité ou un montant; l’unité et le contexte doivent être ajoutés.,MEDIUM,soixante-treize,soixante-treize,,,DRAFT,true,,,NON_TESTE,
PROVISIONAL_FRM_NUMBER_074,,Ébrié (Atchan),ebr,"Atchan/Tchaman, aire Abidjan–lagune; sous-variété à confirmer",NUMBER_0_100,Lecture isolée d’un nombre pour une quantité ou un montant; l’unité et le contexte doivent être ajoutés.,MEDIUM,soixante-quatorze,soixante-quatorze,,,DRAFT,true,,,NON_TESTE,
PROVISIONAL_FRM_NUMBER_075,,Ébrié (Atchan),ebr,"Atchan/Tchaman, aire Abidjan–lagune; sous-variété à confirmer",NUMBER_0_100,Lecture isolée d’un nombre pour une quantité ou un montant; l’unité et le contexte doivent être ajoutés.,MEDIUM,soixante-quinze,soixante-quinze,,,DRAFT,true,,,NON_TESTE,
PROVISIONAL_FRM_NUMBER_076,,Ébrié (Atchan),ebr,"Atchan/Tchaman, aire Abidjan–lagune; sous-variété à confirmer",NUMBER_0_100,Lecture isolée d’un nombre pour une quantité ou un montant; l’unité et le contexte doivent être ajoutés.,MEDIUM,soixante-seize,soixante-seize,,,DRAFT,true,,,NON_TESTE,
PROVISIONAL_FRM_NUMBER_077,,Ébrié (Atchan),ebr,"Atchan/Tchaman, aire Abidjan–lagune; sous-variété à confirmer",NUMBER_0_100,Lecture isolée d’un nombre pour une quantité ou un montant; l’unité et le contexte doivent être ajoutés.,MEDIUM,soixante-dix-sept,soixante-dix-sept,,,DRAFT,true,,,NON_TESTE,
PROVISIONAL_FRM_NUMBER_078,,Ébrié (Atchan),ebr,"Atchan/Tchaman, aire Abidjan–lagune; sous-variété à confirmer",NUMBER_0_100,Lecture isolée d’un nombre pour une quantité ou un montant; l’unité et le contexte doivent être ajoutés.,MEDIUM,soixante-dix-huit,soixante-dix-huit,,,DRAFT,true,,,NON_TESTE,
PROVISIONAL_FRM_NUMBER_079,,Ébrié (Atchan),ebr,"Atchan/Tchaman, aire Abidjan–lagune; sous-variété à confirmer",NUMBER_0_100,Lecture isolée d’un nombre pour une quantité ou un montant; l’unité et le contexte doivent être ajoutés.,MEDIUM,soixante-dix-neuf,soixante-dix-neuf,,,DRAFT,true,,,NON_TESTE,
PROVISIONAL_FRM_NUMBER_080,,Ébrié (Atchan),ebr,"Atchan/Tchaman, aire Abidjan–lagune; sous-variété à confirmer",NUMBER_0_100,Lecture isolée d’un nombre pour une quantité ou un montant; l’unité et le contexte doivent être ajoutés.,MEDIUM,quatre-vingts,quatre-vingts,,,DRAFT,true,,,NON_TESTE,
PROVISIONAL_FRM_NUMBER_081,,Ébrié (Atchan),ebr,"Atchan/Tchaman, aire Abidjan–lagune; sous-variété à confirmer",NUMBER_0_100,Lecture isolée d’un nombre pour une quantité ou un montant; l’unité et le contexte doivent être ajoutés.,MEDIUM,quatre-vingt-un,quatre-vingt-un,,,DRAFT,true,,,NON_TESTE,
PROVISIONAL_FRM_NUMBER_082,,Ébrié (Atchan),ebr,"Atchan/Tchaman, aire Abidjan–lagune; sous-variété à confirmer",NUMBER_0_100,Lecture isolée d’un nombre pour une quantité ou un montant; l’unité et le contexte doivent être ajoutés.,MEDIUM,quatre-vingt-deux,quatre-vingt-deux,,,DRAFT,true,,,NON_TESTE,
PROVISIONAL_FRM_NUMBER_083,,Ébrié (Atchan),ebr,"Atchan/Tchaman, aire Abidjan–lagune; sous-variété à confirmer",NUMBER_0_100,Lecture isolée d’un nombre pour une quantité ou un montant; l’unité et le contexte doivent être ajoutés.,MEDIUM,quatre-vingt-trois,quatre-vingt-trois,,,DRAFT,true,,,NON_TESTE,
PROVISIONAL_FRM_NUMBER_084,,Ébrié (Atchan),ebr,"Atchan/Tchaman, aire Abidjan–lagune; sous-variété à confirmer",NUMBER_0_100,Lecture isolée d’un nombre pour une quantité ou un montant; l’unité et le contexte doivent être ajoutés.,MEDIUM,quatre-vingt-quatre,quatre-vingt-quatre,,,DRAFT,true,,,NON_TESTE,
PROVISIONAL_FRM_NUMBER_085,,Ébrié (Atchan),ebr,"Atchan/Tchaman, aire Abidjan–lagune; sous-variété à confirmer",NUMBER_0_100,Lecture isolée d’un nombre pour une quantité ou un montant; l’unité et le contexte doivent être ajoutés.,MEDIUM,quatre-vingt-cinq,quatre-vingt-cinq,,,DRAFT,true,,,NON_TESTE,
PROVISIONAL_FRM_NUMBER_086,,Ébrié (Atchan),ebr,"Atchan/Tchaman, aire Abidjan–lagune; sous-variété à confirmer",NUMBER_0_100,Lecture isolée d’un nombre pour une quantité ou un montant; l’unité et le contexte doivent être ajoutés.,MEDIUM,quatre-vingt-six,quatre-vingt-six,,,DRAFT,true,,,NON_TESTE,
PROVISIONAL_FRM_NUMBER_087,,Ébrié (Atchan),ebr,"Atchan/Tchaman, aire Abidjan–lagune; sous-variété à confirmer",NUMBER_0_100,Lecture isolée d’un nombre pour une quantité ou un montant; l’unité et le contexte doivent être ajoutés.,MEDIUM,quatre-vingt-sept,quatre-vingt-sept,,,DRAFT,true,,,NON_TESTE,
PROVISIONAL_FRM_NUMBER_088,,Ébrié (Atchan),ebr,"Atchan/Tchaman, aire Abidjan–lagune; sous-variété à confirmer",NUMBER_0_100,Lecture isolée d’un nombre pour une quantité ou un montant; l’unité et le contexte doivent être ajoutés.,MEDIUM,quatre-vingt-huit,quatre-vingt-huit,,,DRAFT,true,,,NON_TESTE,
PROVISIONAL_FRM_NUMBER_089,,Ébrié (Atchan),ebr,"Atchan/Tchaman, aire Abidjan–lagune; sous-variété à confirmer",NUMBER_0_100,Lecture isolée d’un nombre pour une quantité ou un montant; l’unité et le contexte doivent être ajoutés.,MEDIUM,quatre-vingt-neuf,quatre-vingt-neuf,,,DRAFT,true,,,NON_TESTE,
PROVISIONAL_FRM_NUMBER_090,,Ébrié (Atchan),ebr,"Atchan/Tchaman, aire Abidjan–lagune; sous-variété à confirmer",NUMBER_0_100,Lecture isolée d’un nombre pour une quantité ou un montant; l’unité et le contexte doivent être ajoutés.,MEDIUM,quatre-vingt-dix,quatre-vingt-dix,,,DRAFT,true,,,NON_TESTE,
PROVISIONAL_FRM_NUMBER_091,,Ébrié (Atchan),ebr,"Atchan/Tchaman, aire Abidjan–lagune; sous-variété à confirmer",NUMBER_0_100,Lecture isolée d’un nombre pour une quantité ou un montant; l’unité et le contexte doivent être ajoutés.,MEDIUM,quatre-vingt-onze,quatre-vingt-onze,,,DRAFT,true,,,NON_TESTE,
PROVISIONAL_FRM_NUMBER_092,,Ébrié (Atchan),ebr,"Atchan/Tchaman, aire Abidjan–lagune; sous-variété à confirmer",NUMBER_0_100,Lecture isolée d’un nombre pour une quantité ou un montant; l’unité et le contexte doivent être ajoutés.,MEDIUM,quatre-vingt-douze,quatre-vingt-douze,,,DRAFT,true,,,NON_TESTE,
PROVISIONAL_FRM_NUMBER_093,,Ébrié (Atchan),ebr,"Atchan/Tchaman, aire Abidjan–lagune; sous-variété à confirmer",NUMBER_0_100,Lecture isolée d’un nombre pour une quantité ou un montant; l’unité et le contexte doivent être ajoutés.,MEDIUM,quatre-vingt-treize,quatre-vingt-treize,,,DRAFT,true,,,NON_TESTE,
PROVISIONAL_FRM_NUMBER_094,,Ébrié (Atchan),ebr,"Atchan/Tchaman, aire Abidjan–lagune; sous-variété à confirmer",NUMBER_0_100,Lecture isolée d’un nombre pour une quantité ou un montant; l’unité et le contexte doivent être ajoutés.,MEDIUM,quatre-vingt-quatorze,quatre-vingt-quatorze,,,DRAFT,true,,,NON_TESTE,
PROVISIONAL_FRM_NUMBER_095,,Ébrié (Atchan),ebr,"Atchan/Tchaman, aire Abidjan–lagune; sous-variété à confirmer",NUMBER_0_100,Lecture isolée d’un nombre pour une quantité ou un montant; l’unité et le contexte doivent être ajoutés.,MEDIUM,quatre-vingt-quinze,quatre-vingt-quinze,,,DRAFT,true,,,NON_TESTE,
PROVISIONAL_FRM_NUMBER_096,,Ébrié (Atchan),ebr,"Atchan/Tchaman, aire Abidjan–lagune; sous-variété à confirmer",NUMBER_0_100,Lecture isolée d’un nombre pour une quantité ou un montant; l’unité et le contexte doivent être ajoutés.,MEDIUM,quatre-vingt-seize,quatre-vingt-seize,,,DRAFT,true,,,NON_TESTE,
PROVISIONAL_FRM_NUMBER_097,,Ébrié (Atchan),ebr,"Atchan/Tchaman, aire Abidjan–lagune; sous-variété à confirmer",NUMBER_0_100,Lecture isolée d’un nombre pour une quantité ou un montant; l’unité et le contexte doivent être ajoutés.,MEDIUM,quatre-vingt-dix-sept,quatre-vingt-dix-sept,,,DRAFT,true,,,NON_TESTE,
PROVISIONAL_FRM_NUMBER_098,,Ébrié (Atchan),ebr,"Atchan/Tchaman, aire Abidjan–lagune; sous-variété à confirmer",NUMBER_0_100,Lecture isolée d’un nombre pour une quantité ou un montant; l’unité et le contexte doivent être ajoutés.,MEDIUM,quatre-vingt-dix-huit,quatre-vingt-dix-huit,,,DRAFT,true,,,NON_TESTE,
PROVISIONAL_FRM_NUMBER_099,,Ébrié (Atchan),ebr,"Atchan/Tchaman, aire Abidjan–lagune; sous-variété à confirmer",NUMBER_0_100,Lecture isolée d’un nombre pour une quantité ou un montant; l’unité et le contexte doivent être ajoutés.,MEDIUM,quatre-vingt-dix-neuf,quatre-vingt-dix-neuf,,,DRAFT,true,,,NON_TESTE,
PROVISIONAL_FRM_NUMBER_100,,Ébrié (Atchan),ebr,"Atchan/Tchaman, aire Abidjan–lagune; sous-variété à confirmer",NUMBER_0_100,Lecture isolée d’un nombre pour une quantité ou un montant; l’unité et le contexte doivent être ajoutés.,MEDIUM,cent,cent,,,DRAFT,true,,,NON_TESTE,
PROVISIONAL_FRM_NUMBER_HUNDRED_200,,Ébrié (Atchan),ebr,"Atchan/Tchaman, aire Abidjan–lagune; sous-variété à confirmer",NUMBER_HUNDREDS,Lecture isolée d’une centaine ou de mille; l’unité et le contexte doivent être ajoutés.,MEDIUM,deux cents,deux cents,,,DRAFT,true,,,NON_TESTE,
PROVISIONAL_FRM_NUMBER_HUNDRED_300,,Ébrié (Atchan),ebr,"Atchan/Tchaman, aire Abidjan–lagune; sous-variété à confirmer",NUMBER_HUNDREDS,Lecture isolée d’une centaine ou de mille; l’unité et le contexte doivent être ajoutés.,MEDIUM,trois cents,trois cents,,,DRAFT,true,,,NON_TESTE,
PROVISIONAL_FRM_NUMBER_HUNDRED_400,,Ébrié (Atchan),ebr,"Atchan/Tchaman, aire Abidjan–lagune; sous-variété à confirmer",NUMBER_HUNDREDS,Lecture isolée d’une centaine ou de mille; l’unité et le contexte doivent être ajoutés.,MEDIUM,quatre cents,quatre cents,,,DRAFT,true,,,NON_TESTE,
PROVISIONAL_FRM_NUMBER_HUNDRED_500,,Ébrié (Atchan),ebr,"Atchan/Tchaman, aire Abidjan–lagune; sous-variété à confirmer",NUMBER_HUNDREDS,Lecture isolée d’une centaine ou de mille; l’unité et le contexte doivent être ajoutés.,MEDIUM,cinq cents,cinq cents,,,DRAFT,true,,,NON_TESTE,
PROVISIONAL_FRM_NUMBER_HUNDRED_600,,Ébrié (Atchan),ebr,"Atchan/Tchaman, aire Abidjan–lagune; sous-variété à confirmer",NUMBER_HUNDREDS,Lecture isolée d’une centaine ou de mille; l’unité et le contexte doivent être ajoutés.,MEDIUM,six cents,six cents,,,DRAFT,true,,,NON_TESTE,
PROVISIONAL_FRM_NUMBER_HUNDRED_700,,Ébrié (Atchan),ebr,"Atchan/Tchaman, aire Abidjan–lagune; sous-variété à confirmer",NUMBER_HUNDREDS,Lecture isolée d’une centaine ou de mille; l’unité et le contexte doivent être ajoutés.,MEDIUM,sept cents,sept cents,,,DRAFT,true,,,NON_TESTE,
PROVISIONAL_FRM_NUMBER_HUNDRED_800,,Ébrié (Atchan),ebr,"Atchan/Tchaman, aire Abidjan–lagune; sous-variété à confirmer",NUMBER_HUNDREDS,Lecture isolée d’une centaine ou de mille; l’unité et le contexte doivent être ajoutés.,MEDIUM,huit cents,huit cents,,,DRAFT,true,,,NON_TESTE,
PROVISIONAL_FRM_NUMBER_HUNDRED_900,,Ébrié (Atchan),ebr,"Atchan/Tchaman, aire Abidjan–lagune; sous-variété à confirmer",NUMBER_HUNDREDS,Lecture isolée d’une centaine ou de mille; l’unité et le contexte doivent être ajoutés.,MEDIUM,neuf cents,neuf cents,,,DRAFT,true,,,NON_TESTE,
PROVISIONAL_FRM_NUMBER_THOUSAND_1000,,Ébrié (Atchan),ebr,"Atchan/Tchaman, aire Abidjan–lagune; sous-variété à confirmer",NUMBER_THOUSAND,Lecture isolée d’une centaine ou de mille; l’unité et le contexte doivent être ajoutés.,MEDIUM,mille,mille,,,DRAFT,true,,,NON_TESTE,
PROVISIONAL_FRM_UNIT_01_UNITE,,Ébrié (Atchan),ebr,"Atchan/Tchaman, aire Abidjan–lagune; sous-variété à confirmer",UNIT,Unité de vente orale.,LOW,unité,à l’unité,,,DRAFT,true,,,NON_TESTE,
PROVISIONAL_FRM_UNIT_02_TAS,,Ébrié (Atchan),ebr,"Atchan/Tchaman, aire Abidjan–lagune; sous-variété à confirmer",UNIT,Unité de vente orale.,LOW,tas,tas,,,DRAFT,true,,,NON_TESTE,
PROVISIONAL_FRM_UNIT_03_SAC,,Ébrié (Atchan),ebr,"Atchan/Tchaman, aire Abidjan–lagune; sous-variété à confirmer",UNIT,Unité de vente orale.,LOW,sac,sac,,,DRAFT,true,,,NON_TESTE,
PROVISIONAL_FRM_UNIT_04_KILO,,Ébrié (Atchan),ebr,"Atchan/Tchaman, aire Abidjan–lagune; sous-variété à confirmer",UNIT,Unité de vente orale.,LOW,kilo,kilo,,,DRAFT,true,,,NON_TESTE,
PROVISIONAL_FRM_UNIT_05_BOTTE,,Ébrié (Atchan),ebr,"Atchan/Tchaman, aire Abidjan–lagune; sous-variété à confirmer",UNIT,Unité de vente orale.,LOW,botte,botte,,,DRAFT,true,,,NON_TESTE,
PROVISIONAL_FRM_UNIT_06_BIDON,,Ébrié (Atchan),ebr,"Atchan/Tchaman, aire Abidjan–lagune; sous-variété à confirmer",UNIT,Unité de vente orale.,LOW,bidon,bidon,,,DRAFT,true,,,NON_TESTE,
PROVISIONAL_FRM_UNIT_07_SACHET,,Ébrié (Atchan),ebr,"Atchan/Tchaman, aire Abidjan–lagune; sous-variété à confirmer",UNIT,Unité de vente orale.,LOW,sachet,sachet,,,DRAFT,true,,,NON_TESTE,
PROVISIONAL_FRM_UNIT_08_PAQUET,,Ébrié (Atchan),ebr,"Atchan/Tchaman, aire Abidjan–lagune; sous-variété à confirmer",UNIT,Unité de vente orale.,LOW,paquet,paquet,,,DRAFT,true,,,NON_TESTE,
PROVISIONAL_FRM_UNIT_09_MORCEAU,,Ébrié (Atchan),ebr,"Atchan/Tchaman, aire Abidjan–lagune; sous-variété à confirmer",UNIT,Unité de vente orale.,LOW,morceau,morceau,,,DRAFT,true,,,NON_TESTE,
PROVISIONAL_FRM_UNIT_10_LITRE,,Ébrié (Atchan),ebr,"Atchan/Tchaman, aire Abidjan–lagune; sous-variété à confirmer",UNIT,Unité de vente orale.,LOW,litre,litre,,,DRAFT,true,,,NON_TESTE,
PROVISIONAL_FRM_UNIT_11_REGIME,,Ébrié (Atchan),ebr,"Atchan/Tchaman, aire Abidjan–lagune; sous-variété à confirmer",UNIT,Unité de vente orale.,LOW,régime,régime,,,DRAFT,true,,,NON_TESTE,
PROVISIONAL_FRM_UNIT_12_CARTON,,Ébrié (Atchan),ebr,"Atchan/Tchaman, aire Abidjan–lagune; sous-variété à confirmer",UNIT,Unité de vente orale.,LOW,carton,carton,,,DRAFT,true,,,NON_TESTE,
PROVISIONAL_FRM_UNIT_13_CAISSE,,Ébrié (Atchan),ebr,"Atchan/Tchaman, aire Abidjan–lagune; sous-variété à confirmer",UNIT,Unité de vente orale.,LOW,caisse,caisse,,,DRAFT,true,,,NON_TESTE,
PROVISIONAL_FRM_UNIT_14_BOUTEILLE,,Ébrié (Atchan),ebr,"Atchan/Tchaman, aire Abidjan–lagune; sous-variété à confirmer",UNIT,Unité de vente orale.,LOW,bouteille,bouteille,,,DRAFT,true,,,NON_TESTE,
PROVISIONAL_FRM_UNIT_15_PANIER,,Ébrié (Atchan),ebr,"Atchan/Tchaman, aire Abidjan–lagune; sous-variété à confirmer",UNIT,Unité de vente orale.,LOW,panier,panier,,,DRAFT,true,,,NON_TESTE,
PROVISIONAL_FRM_UNIT_16_FRANC,,Ébrié (Atchan),ebr,"Atchan/Tchaman, aire Abidjan–lagune; sous-variété à confirmer",UNIT,Dénomination monétaire orale; à associer à un nombre et au contexte.,HIGH,franc,franc,,,DRAFT,true,,,NON_TESTE,
PROVISIONAL_FRM_UNIT_17_FCFA,,Ébrié (Atchan),ebr,"Atchan/Tchaman, aire Abidjan–lagune; sous-variété à confirmer",UNIT,Dénomination monétaire orale; à associer à un nombre et au contexte.,HIGH,FCFA,franc CFA,,,DRAFT,true,,,NON_TESTE,
PROVISIONAL_FRM_PRODUCT_01_TOMATE,,Ébrié (Atchan),ebr,"Atchan/Tchaman, aire Abidjan–lagune; sous-variété à confirmer",PRODUCT,Nom de produit à annoncer ou saisir dans une vente; aucun identifiant produit métier n’est créé.,LOW,tomate,tomate,,,DRAFT,true,,,NON_TESTE,
PROVISIONAL_FRM_PRODUCT_02_PIMENT,,Ébrié (Atchan),ebr,"Atchan/Tchaman, aire Abidjan–lagune; sous-variété à confirmer",PRODUCT,Nom de produit à annoncer ou saisir dans une vente; aucun identifiant produit métier n’est créé.,LOW,piment,piment,,,DRAFT,true,,,NON_TESTE,
PROVISIONAL_FRM_PRODUCT_03_GOMBO,,Ébrié (Atchan),ebr,"Atchan/Tchaman, aire Abidjan–lagune; sous-variété à confirmer",PRODUCT,Nom de produit à annoncer ou saisir dans une vente; aucun identifiant produit métier n’est créé.,LOW,gombo,gombo,,,DRAFT,true,,,NON_TESTE,
PROVISIONAL_FRM_PRODUCT_04_ATTIEKE,,Ébrié (Atchan),ebr,"Atchan/Tchaman, aire Abidjan–lagune; sous-variété à confirmer",PRODUCT,Nom de produit à annoncer ou saisir dans une vente; aucun identifiant produit métier n’est créé.,LOW,attiéké,attiéké,,,DRAFT,true,,,NON_TESTE,
PROVISIONAL_FRM_PRODUCT_05_BANANE,,Ébrié (Atchan),ebr,"Atchan/Tchaman, aire Abidjan–lagune; sous-variété à confirmer",PRODUCT,Nom de produit à annoncer ou saisir dans une vente; aucun identifiant produit métier n’est créé.,LOW,banane,banane,,,DRAFT,true,,,NON_TESTE,
PROVISIONAL_FRM_PRODUCT_06_PLANTAIN,,Ébrié (Atchan),ebr,"Atchan/Tchaman, aire Abidjan–lagune; sous-variété à confirmer",PRODUCT,Nom de produit à annoncer ou saisir dans une vente; aucun identifiant produit métier n’est créé.,LOW,plantain,plantain,,,DRAFT,true,,,NON_TESTE,
PROVISIONAL_FRM_PRODUCT_07_IGNAME,,Ébrié (Atchan),ebr,"Atchan/Tchaman, aire Abidjan–lagune; sous-variété à confirmer",PRODUCT,Nom de produit à annoncer ou saisir dans une vente; aucun identifiant produit métier n’est créé.,LOW,igname,igname,,,DRAFT,true,,,NON_TESTE,
PROVISIONAL_FRM_PRODUCT_08_MANIOC,,Ébrié (Atchan),ebr,"Atchan/Tchaman, aire Abidjan–lagune; sous-variété à confirmer",PRODUCT,Nom de produit à annoncer ou saisir dans une vente; aucun identifiant produit métier n’est créé.,LOW,manioc,manioc,,,DRAFT,true,,,NON_TESTE,
PROVISIONAL_FRM_PRODUCT_09_AUBERGINE,,Ébrié (Atchan),ebr,"Atchan/Tchaman, aire Abidjan–lagune; sous-variété à confirmer",PRODUCT,Nom de produit à annoncer ou saisir dans une vente; aucun identifiant produit métier n’est créé.,LOW,aubergine,aubergine,,,DRAFT,true,,,NON_TESTE,
PROVISIONAL_FRM_PRODUCT_10_OIGNON,,Ébrié (Atchan),ebr,"Atchan/Tchaman, aire Abidjan–lagune; sous-variété à confirmer",PRODUCT,Nom de produit à annoncer ou saisir dans une vente; aucun identifiant produit métier n’est créé.,LOW,oignon,oignon,,,DRAFT,true,,,NON_TESTE,
PROVISIONAL_FRM_PRODUCT_11_AIL,,Ébrié (Atchan),ebr,"Atchan/Tchaman, aire Abidjan–lagune; sous-variété à confirmer",PRODUCT,Nom de produit à annoncer ou saisir dans une vente; aucun identifiant produit métier n’est créé.,LOW,ail,ail,,,DRAFT,true,,,NON_TESTE,
PROVISIONAL_FRM_PRODUCT_12_POISSON,,Ébrié (Atchan),ebr,"Atchan/Tchaman, aire Abidjan–lagune; sous-variété à confirmer",PRODUCT,Nom de produit à annoncer ou saisir dans une vente; aucun identifiant produit métier n’est créé.,LOW,poisson,poisson,,,DRAFT,true,,,NON_TESTE,
PROVISIONAL_FRM_PRODUCT_13_VIANDE,,Ébrié (Atchan),ebr,"Atchan/Tchaman, aire Abidjan–lagune; sous-variété à confirmer",PRODUCT,Nom de produit à annoncer ou saisir dans une vente; aucun identifiant produit métier n’est créé.,LOW,viande,viande,,,DRAFT,true,,,NON_TESTE,
PROVISIONAL_FRM_PRODUCT_14_POULET,,Ébrié (Atchan),ebr,"Atchan/Tchaman, aire Abidjan–lagune; sous-variété à confirmer",PRODUCT,Nom de produit à annoncer ou saisir dans une vente; aucun identifiant produit métier n’est créé.,LOW,poulet,poulet,,,DRAFT,true,,,NON_TESTE,
PROVISIONAL_FRM_PRODUCT_15_HUILE,,Ébrié (Atchan),ebr,"Atchan/Tchaman, aire Abidjan–lagune; sous-variété à confirmer",PRODUCT,Nom de produit à annoncer ou saisir dans une vente; aucun identifiant produit métier n’est créé.,LOW,huile,huile,,,DRAFT,true,,,NON_TESTE,
PROVISIONAL_FRM_PRODUCT_16_SEL,,Ébrié (Atchan),ebr,"Atchan/Tchaman, aire Abidjan–lagune; sous-variété à confirmer",PRODUCT,Nom de produit à annoncer ou saisir dans une vente; aucun identifiant produit métier n’est créé.,LOW,sel,sel,,,DRAFT,true,,,NON_TESTE,
PROVISIONAL_FRM_PRODUCT_17_SUCRE,,Ébrié (Atchan),ebr,"Atchan/Tchaman, aire Abidjan–lagune; sous-variété à confirmer",PRODUCT,Nom de produit à annoncer ou saisir dans une vente; aucun identifiant produit métier n’est créé.,LOW,sucre,sucre,,,DRAFT,true,,,NON_TESTE,
PROVISIONAL_FRM_PRODUCT_18_RIZ,,Ébrié (Atchan),ebr,"Atchan/Tchaman, aire Abidjan–lagune; sous-variété à confirmer",PRODUCT,Nom de produit à annoncer ou saisir dans une vente; aucun identifiant produit métier n’est créé.,LOW,riz,riz,,,DRAFT,true,,,NON_TESTE,
PROVISIONAL_FRM_PRODUCT_19_HARICOT,,Ébrié (Atchan),ebr,"Atchan/Tchaman, aire Abidjan–lagune; sous-variété à confirmer",PRODUCT,Nom de produit à annoncer ou saisir dans une vente; aucun identifiant produit métier n’est créé.,LOW,haricot,haricot,,,DRAFT,true,,,NON_TESTE,
PROVISIONAL_FRM_PRODUCT_20_MAIS,,Ébrié (Atchan),ebr,"Atchan/Tchaman, aire Abidjan–lagune; sous-variété à confirmer",PRODUCT,Nom de produit à annoncer ou saisir dans une vente; aucun identifiant produit métier n’est créé.,LOW,maïs,maïs,,,DRAFT,true,,,NON_TESTE,
PROVISIONAL_FRM_PRODUCT_21_FOUTOU,,Ébrié (Atchan),ebr,"Atchan/Tchaman, aire Abidjan–lagune; sous-variété à confirmer",PRODUCT,Nom de produit à annoncer ou saisir dans une vente; aucun identifiant produit métier n’est créé.,LOW,foutou,foutou,,,DRAFT,true,,,NON_TESTE,
PROVISIONAL_FRM_PRODUCT_22_ORANGE,,Ébrié (Atchan),ebr,"Atchan/Tchaman, aire Abidjan–lagune; sous-variété à confirmer",PRODUCT,Nom de produit à annoncer ou saisir dans une vente; aucun identifiant produit métier n’est créé.,LOW,orange,orange,,,DRAFT,true,,,NON_TESTE,
PROVISIONAL_FRM_PRODUCT_23_SAVON,,Ébrié (Atchan),ebr,"Atchan/Tchaman, aire Abidjan–lagune; sous-variété à confirmer",PRODUCT,Nom de produit à annoncer ou saisir dans une vente; aucun identifiant produit métier n’est créé.,LOW,savon,savon,,,DRAFT,true,,,NON_TESTE,
PROVISIONAL_FRM_PRODUCT_24_FARINE,,Ébrié (Atchan),ebr,"Atchan/Tchaman, aire Abidjan–lagune; sous-variété à confirmer",PRODUCT,Nom de produit à annoncer ou saisir dans une vente; aucun identifiant produit métier n’est créé.,LOW,farine,farine,,,DRAFT,true,,,NON_TESTE,
PROVISIONAL_FRM_PRODUCT_25_JUS,,Ébrié (Atchan),ebr,"Atchan/Tchaman, aire Abidjan–lagune; sous-variété à confirmer",PRODUCT,Nom de produit à annoncer ou saisir dans une vente; aucun identifiant produit métier n’est créé.,LOW,jus,jus,,,DRAFT,true,,,NON_TESTE,
PROVISIONAL_FRM_PRODUCT_26_LAIT,,Ébrié (Atchan),ebr,"Atchan/Tchaman, aire Abidjan–lagune; sous-variété à confirmer",PRODUCT,Nom de produit à annoncer ou saisir dans une vente; aucun identifiant produit métier n’est créé.,LOW,lait,lait,,,DRAFT,true,,,NON_TESTE,
PROVISIONAL_FRM_INTENT_01,,Attié/Akyé,ati,NON_PRECISÉE — Bodin / Kétin / Naindin,FINANCIAL_PRIORITY_INTENT,Commande orale d’encaissement; elle ne vaut pas confirmation métier du paiement.,CRITICAL,Encaisse.,Encaisse ça.,,,DRAFT,true,,,NON_TESTE,
PROVISIONAL_FRM_INTENT_02,,Attié/Akyé,ati,NON_PRECISÉE — Bodin / Kétin / Naindin,FINANCIAL_PRIORITY_INTENT,Demande du montant encore dû par une cliente.,CRITICAL,Combien elle doit ?,Elle doit combien ?,,,DRAFT,true,,,NON_TESTE,
PROVISIONAL_FRM_INTENT_03,,Attié/Akyé,ati,NON_PRECISÉE — Bodin / Kétin / Naindin,FINANCIAL_PRIORITY_INTENT,Accord oral avant une validation; la confirmation métier reste distincte.,CRITICAL,"Oui, valide.","Oui, tu peux valider.",,,DRAFT,true,,,NON_TESTE,
PROVISIONAL_FRM_INTENT_04,,Attié/Akyé,ati,NON_PRECISÉE — Bodin / Kétin / Naindin,FINANCIAL_PRIORITY_INTENT,Refus ou demande d’annulation avant confirmation métier.,CRITICAL,Non / annule.,"Non, annule.",,,DRAFT,true,,,NON_TESTE,
PROVISIONAL_FRM_INTENT_05,,Attié/Akyé,ati,NON_PRECISÉE — Bodin / Kétin / Naindin,FINANCIAL_PRIORITY_INTENT,Annonce d’un montant manquant dans le paiement.,CRITICAL,Il manque {montant} francs.,Il manque {montant} francs.,,,DRAFT,true,,,NON_TESTE,
PROVISIONAL_FRM_INTENT_06,,Attié/Akyé,ati,NON_PRECISÉE — Bodin / Kétin / Naindin,FINANCIAL_PRIORITY_INTENT,Demande de vérifier le calcul ou le compte avant la suite.,CRITICAL,Compte juste.,Vérifie bien le compte.,,,DRAFT,true,,,NON_TESTE,
PROVISIONAL_FRM_INTENT_07,,Attié/Akyé,ati,NON_PRECISÉE — Bodin / Kétin / Naindin,FINANCIAL_PRIORITY_INTENT,Annonce du montant effectivement remis par la cliente.,CRITICAL,Elle a donné {recu} francs.,Elle a donné {recu} francs.,,,DRAFT,true,,,NON_TESTE,
PROVISIONAL_FRM_INTENT_08,,Attié/Akyé,ati,NON_PRECISÉE — Bodin / Kétin / Naindin,FINANCIAL_PRIORITY_INTENT,Annonce de la monnaie à rendre à la cliente.,CRITICAL,Tu rends {monnaie} francs.,Tu lui rends {monnaie} francs.,,,DRAFT,true,,,NON_TESTE,
PROVISIONAL_FRM_INTENT_09,,Attié/Akyé,ati,NON_PRECISÉE — Bodin / Kétin / Naindin,FINANCIAL_PRIORITY_INTENT,Annonce du total dû par la cliente.,CRITICAL,Elle doit {total} francs.,Elle doit {total} francs.,,,DRAFT,true,,,NON_TESTE,
PROVISIONAL_FRM_INTENT_10,,Attié/Akyé,ati,NON_PRECISÉE — Bodin / Kétin / Naindin,FINANCIAL_PRIORITY_INTENT,Demande orale de validation avant l’action métier.,CRITICAL,Je valide ?,Je valide ça ?,,,DRAFT,true,,,NON_TESTE,
PROVISIONAL_FRM_INTENT_11,,Attié/Akyé,ati,NON_PRECISÉE — Bodin / Kétin / Naindin,FINANCIAL_PRIORITY_INTENT,Question sur le prix d’un seul article.,HIGH,Prix d’un seul.,"Un seul, c’est combien ?",,,DRAFT,true,,,NON_TESTE,
PROVISIONAL_FRM_INTENT_12,,Attié/Akyé,ati,NON_PRECISÉE — Bodin / Kétin / Naindin,FINANCIAL_PRIORITY_INTENT,Question sur le prix total de l’ensemble présenté.,HIGH,Prix du tout.,"Tout ça, c’est combien ?",,,DRAFT,true,,,NON_TESTE,
PROVISIONAL_FRM_INTENT_13,,Attié/Akyé,ati,NON_PRECISÉE — Bodin / Kétin / Naindin,FINANCIAL_PRIORITY_INTENT,Question générale sur le montant à payer ou le total.,HIGH,Combien ?,Ça fait combien ?,,,DRAFT,true,,,NON_TESTE,
PROVISIONAL_FRM_INTENT_14,,Attié/Akyé,ati,NON_PRECISÉE — Bodin / Kétin / Naindin,FINANCIAL_PRIORITY_INTENT,Question sur le prix d’un produit ou d’une quantité montrée.,HIGH,C’est à combien ?,C’est à combien ?,,,DRAFT,true,,,NON_TESTE,
PROVISIONAL_FRM_INTENT_15,,Attié/Akyé,ati,NON_PRECISÉE — Bodin / Kétin / Naindin,FINANCIAL_PRIORITY_INTENT,Question ouverte sur le produit ou l’article vendu.,LOW,Tu as vendu quoi ?,Tu as vendu quoi ?,,,DRAFT,true,,,NON_TESTE,
PROVISIONAL_FRM_NUMBER_000,,Attié/Akyé,ati,NON_PRECISÉE — Bodin / Kétin / Naindin,NUMBER_0_100,Lecture isolée d’un nombre pour une quantité ou un montant; l’unité et le contexte doivent être ajoutés.,MEDIUM,zéro,zéro,,,DRAFT,true,,,NON_TESTE,
PROVISIONAL_FRM_NUMBER_001,,Attié/Akyé,ati,NON_PRECISÉE — Bodin / Kétin / Naindin,NUMBER_0_100,Lecture isolée d’un nombre pour une quantité ou un montant; l’unité et le contexte doivent être ajoutés.,MEDIUM,un,un,,,DRAFT,true,,,NON_TESTE,
PROVISIONAL_FRM_NUMBER_002,,Attié/Akyé,ati,NON_PRECISÉE — Bodin / Kétin / Naindin,NUMBER_0_100,Lecture isolée d’un nombre pour une quantité ou un montant; l’unité et le contexte doivent être ajoutés.,MEDIUM,deux,deux,,,DRAFT,true,,,NON_TESTE,
PROVISIONAL_FRM_NUMBER_003,,Attié/Akyé,ati,NON_PRECISÉE — Bodin / Kétin / Naindin,NUMBER_0_100,Lecture isolée d’un nombre pour une quantité ou un montant; l’unité et le contexte doivent être ajoutés.,MEDIUM,trois,trois,,,DRAFT,true,,,NON_TESTE,
PROVISIONAL_FRM_NUMBER_004,,Attié/Akyé,ati,NON_PRECISÉE — Bodin / Kétin / Naindin,NUMBER_0_100,Lecture isolée d’un nombre pour une quantité ou un montant; l’unité et le contexte doivent être ajoutés.,MEDIUM,quatre,quatre,,,DRAFT,true,,,NON_TESTE,
PROVISIONAL_FRM_NUMBER_005,,Attié/Akyé,ati,NON_PRECISÉE — Bodin / Kétin / Naindin,NUMBER_0_100,Lecture isolée d’un nombre pour une quantité ou un montant; l’unité et le contexte doivent être ajoutés.,MEDIUM,cinq,cinq,,,DRAFT,true,,,NON_TESTE,
PROVISIONAL_FRM_NUMBER_006,,Attié/Akyé,ati,NON_PRECISÉE — Bodin / Kétin / Naindin,NUMBER_0_100,Lecture isolée d’un nombre pour une quantité ou un montant; l’unité et le contexte doivent être ajoutés.,MEDIUM,six,six,,,DRAFT,true,,,NON_TESTE,
PROVISIONAL_FRM_NUMBER_007,,Attié/Akyé,ati,NON_PRECISÉE — Bodin / Kétin / Naindin,NUMBER_0_100,Lecture isolée d’un nombre pour une quantité ou un montant; l’unité et le contexte doivent être ajoutés.,MEDIUM,sept,sept,,,DRAFT,true,,,NON_TESTE,
PROVISIONAL_FRM_NUMBER_008,,Attié/Akyé,ati,NON_PRECISÉE — Bodin / Kétin / Naindin,NUMBER_0_100,Lecture isolée d’un nombre pour une quantité ou un montant; l’unité et le contexte doivent être ajoutés.,MEDIUM,huit,huit,,,DRAFT,true,,,NON_TESTE,
PROVISIONAL_FRM_NUMBER_009,,Attié/Akyé,ati,NON_PRECISÉE — Bodin / Kétin / Naindin,NUMBER_0_100,Lecture isolée d’un nombre pour une quantité ou un montant; l’unité et le contexte doivent être ajoutés.,MEDIUM,neuf,neuf,,,DRAFT,true,,,NON_TESTE,
PROVISIONAL_FRM_NUMBER_010,,Attié/Akyé,ati,NON_PRECISÉE — Bodin / Kétin / Naindin,NUMBER_0_100,Lecture isolée d’un nombre pour une quantité ou un montant; l’unité et le contexte doivent être ajoutés.,MEDIUM,dix,dix,,,DRAFT,true,,,NON_TESTE,
PROVISIONAL_FRM_NUMBER_011,,Attié/Akyé,ati,NON_PRECISÉE — Bodin / Kétin / Naindin,NUMBER_0_100,Lecture isolée d’un nombre pour une quantité ou un montant; l’unité et le contexte doivent être ajoutés.,MEDIUM,onze,onze,,,DRAFT,true,,,NON_TESTE,
PROVISIONAL_FRM_NUMBER_012,,Attié/Akyé,ati,NON_PRECISÉE — Bodin / Kétin / Naindin,NUMBER_0_100,Lecture isolée d’un nombre pour une quantité ou un montant; l’unité et le contexte doivent être ajoutés.,MEDIUM,douze,douze,,,DRAFT,true,,,NON_TESTE,
PROVISIONAL_FRM_NUMBER_013,,Attié/Akyé,ati,NON_PRECISÉE — Bodin / Kétin / Naindin,NUMBER_0_100,Lecture isolée d’un nombre pour une quantité ou un montant; l’unité et le contexte doivent être ajoutés.,MEDIUM,treize,treize,,,DRAFT,true,,,NON_TESTE,
PROVISIONAL_FRM_NUMBER_014,,Attié/Akyé,ati,NON_PRECISÉE — Bodin / Kétin / Naindin,NUMBER_0_100,Lecture isolée d’un nombre pour une quantité ou un montant; l’unité et le contexte doivent être ajoutés.,MEDIUM,quatorze,quatorze,,,DRAFT,true,,,NON_TESTE,
PROVISIONAL_FRM_NUMBER_015,,Attié/Akyé,ati,NON_PRECISÉE — Bodin / Kétin / Naindin,NUMBER_0_100,Lecture isolée d’un nombre pour une quantité ou un montant; l’unité et le contexte doivent être ajoutés.,MEDIUM,quinze,quinze,,,DRAFT,true,,,NON_TESTE,
PROVISIONAL_FRM_NUMBER_016,,Attié/Akyé,ati,NON_PRECISÉE — Bodin / Kétin / Naindin,NUMBER_0_100,Lecture isolée d’un nombre pour une quantité ou un montant; l’unité et le contexte doivent être ajoutés.,MEDIUM,seize,seize,,,DRAFT,true,,,NON_TESTE,
PROVISIONAL_FRM_NUMBER_017,,Attié/Akyé,ati,NON_PRECISÉE — Bodin / Kétin / Naindin,NUMBER_0_100,Lecture isolée d’un nombre pour une quantité ou un montant; l’unité et le contexte doivent être ajoutés.,MEDIUM,dix-sept,dix-sept,,,DRAFT,true,,,NON_TESTE,
PROVISIONAL_FRM_NUMBER_018,,Attié/Akyé,ati,NON_PRECISÉE — Bodin / Kétin / Naindin,NUMBER_0_100,Lecture isolée d’un nombre pour une quantité ou un montant; l’unité et le contexte doivent être ajoutés.,MEDIUM,dix-huit,dix-huit,,,DRAFT,true,,,NON_TESTE,
PROVISIONAL_FRM_NUMBER_019,,Attié/Akyé,ati,NON_PRECISÉE — Bodin / Kétin / Naindin,NUMBER_0_100,Lecture isolée d’un nombre pour une quantité ou un montant; l’unité et le contexte doivent être ajoutés.,MEDIUM,dix-neuf,dix-neuf,,,DRAFT,true,,,NON_TESTE,
PROVISIONAL_FRM_NUMBER_020,,Attié/Akyé,ati,NON_PRECISÉE — Bodin / Kétin / Naindin,NUMBER_0_100,Lecture isolée d’un nombre pour une quantité ou un montant; l’unité et le contexte doivent être ajoutés.,MEDIUM,vingt,vingt,,,DRAFT,true,,,NON_TESTE,
PROVISIONAL_FRM_NUMBER_021,,Attié/Akyé,ati,NON_PRECISÉE — Bodin / Kétin / Naindin,NUMBER_0_100,Lecture isolée d’un nombre pour une quantité ou un montant; l’unité et le contexte doivent être ajoutés.,MEDIUM,vingt et un,vingt et un,,,DRAFT,true,,,NON_TESTE,
PROVISIONAL_FRM_NUMBER_022,,Attié/Akyé,ati,NON_PRECISÉE — Bodin / Kétin / Naindin,NUMBER_0_100,Lecture isolée d’un nombre pour une quantité ou un montant; l’unité et le contexte doivent être ajoutés.,MEDIUM,vingt-deux,vingt-deux,,,DRAFT,true,,,NON_TESTE,
PROVISIONAL_FRM_NUMBER_023,,Attié/Akyé,ati,NON_PRECISÉE — Bodin / Kétin / Naindin,NUMBER_0_100,Lecture isolée d’un nombre pour une quantité ou un montant; l’unité et le contexte doivent être ajoutés.,MEDIUM,vingt-trois,vingt-trois,,,DRAFT,true,,,NON_TESTE,
PROVISIONAL_FRM_NUMBER_024,,Attié/Akyé,ati,NON_PRECISÉE — Bodin / Kétin / Naindin,NUMBER_0_100,Lecture isolée d’un nombre pour une quantité ou un montant; l’unité et le contexte doivent être ajoutés.,MEDIUM,vingt-quatre,vingt-quatre,,,DRAFT,true,,,NON_TESTE,
PROVISIONAL_FRM_NUMBER_025,,Attié/Akyé,ati,NON_PRECISÉE — Bodin / Kétin / Naindin,NUMBER_0_100,Lecture isolée d’un nombre pour une quantité ou un montant; l’unité et le contexte doivent être ajoutés.,MEDIUM,vingt-cinq,vingt-cinq,,,DRAFT,true,,,NON_TESTE,
PROVISIONAL_FRM_NUMBER_026,,Attié/Akyé,ati,NON_PRECISÉE — Bodin / Kétin / Naindin,NUMBER_0_100,Lecture isolée d’un nombre pour une quantité ou un montant; l’unité et le contexte doivent être ajoutés.,MEDIUM,vingt-six,vingt-six,,,DRAFT,true,,,NON_TESTE,
PROVISIONAL_FRM_NUMBER_027,,Attié/Akyé,ati,NON_PRECISÉE — Bodin / Kétin / Naindin,NUMBER_0_100,Lecture isolée d’un nombre pour une quantité ou un montant; l’unité et le contexte doivent être ajoutés.,MEDIUM,vingt-sept,vingt-sept,,,DRAFT,true,,,NON_TESTE,
PROVISIONAL_FRM_NUMBER_028,,Attié/Akyé,ati,NON_PRECISÉE — Bodin / Kétin / Naindin,NUMBER_0_100,Lecture isolée d’un nombre pour une quantité ou un montant; l’unité et le contexte doivent être ajoutés.,MEDIUM,vingt-huit,vingt-huit,,,DRAFT,true,,,NON_TESTE,
PROVISIONAL_FRM_NUMBER_029,,Attié/Akyé,ati,NON_PRECISÉE — Bodin / Kétin / Naindin,NUMBER_0_100,Lecture isolée d’un nombre pour une quantité ou un montant; l’unité et le contexte doivent être ajoutés.,MEDIUM,vingt-neuf,vingt-neuf,,,DRAFT,true,,,NON_TESTE,
PROVISIONAL_FRM_NUMBER_030,,Attié/Akyé,ati,NON_PRECISÉE — Bodin / Kétin / Naindin,NUMBER_0_100,Lecture isolée d’un nombre pour une quantité ou un montant; l’unité et le contexte doivent être ajoutés.,MEDIUM,trente,trente,,,DRAFT,true,,,NON_TESTE,
PROVISIONAL_FRM_NUMBER_031,,Attié/Akyé,ati,NON_PRECISÉE — Bodin / Kétin / Naindin,NUMBER_0_100,Lecture isolée d’un nombre pour une quantité ou un montant; l’unité et le contexte doivent être ajoutés.,MEDIUM,trente et un,trente et un,,,DRAFT,true,,,NON_TESTE,
PROVISIONAL_FRM_NUMBER_032,,Attié/Akyé,ati,NON_PRECISÉE — Bodin / Kétin / Naindin,NUMBER_0_100,Lecture isolée d’un nombre pour une quantité ou un montant; l’unité et le contexte doivent être ajoutés.,MEDIUM,trente-deux,trente-deux,,,DRAFT,true,,,NON_TESTE,
PROVISIONAL_FRM_NUMBER_033,,Attié/Akyé,ati,NON_PRECISÉE — Bodin / Kétin / Naindin,NUMBER_0_100,Lecture isolée d’un nombre pour une quantité ou un montant; l’unité et le contexte doivent être ajoutés.,MEDIUM,trente-trois,trente-trois,,,DRAFT,true,,,NON_TESTE,
PROVISIONAL_FRM_NUMBER_034,,Attié/Akyé,ati,NON_PRECISÉE — Bodin / Kétin / Naindin,NUMBER_0_100,Lecture isolée d’un nombre pour une quantité ou un montant; l’unité et le contexte doivent être ajoutés.,MEDIUM,trente-quatre,trente-quatre,,,DRAFT,true,,,NON_TESTE,
PROVISIONAL_FRM_NUMBER_035,,Attié/Akyé,ati,NON_PRECISÉE — Bodin / Kétin / Naindin,NUMBER_0_100,Lecture isolée d’un nombre pour une quantité ou un montant; l’unité et le contexte doivent être ajoutés.,MEDIUM,trente-cinq,trente-cinq,,,DRAFT,true,,,NON_TESTE,
PROVISIONAL_FRM_NUMBER_036,,Attié/Akyé,ati,NON_PRECISÉE — Bodin / Kétin / Naindin,NUMBER_0_100,Lecture isolée d’un nombre pour une quantité ou un montant; l’unité et le contexte doivent être ajoutés.,MEDIUM,trente-six,trente-six,,,DRAFT,true,,,NON_TESTE,
PROVISIONAL_FRM_NUMBER_037,,Attié/Akyé,ati,NON_PRECISÉE — Bodin / Kétin / Naindin,NUMBER_0_100,Lecture isolée d’un nombre pour une quantité ou un montant; l’unité et le contexte doivent être ajoutés.,MEDIUM,trente-sept,trente-sept,,,DRAFT,true,,,NON_TESTE,
PROVISIONAL_FRM_NUMBER_038,,Attié/Akyé,ati,NON_PRECISÉE — Bodin / Kétin / Naindin,NUMBER_0_100,Lecture isolée d’un nombre pour une quantité ou un montant; l’unité et le contexte doivent être ajoutés.,MEDIUM,trente-huit,trente-huit,,,DRAFT,true,,,NON_TESTE,
PROVISIONAL_FRM_NUMBER_039,,Attié/Akyé,ati,NON_PRECISÉE — Bodin / Kétin / Naindin,NUMBER_0_100,Lecture isolée d’un nombre pour une quantité ou un montant; l’unité et le contexte doivent être ajoutés.,MEDIUM,trente-neuf,trente-neuf,,,DRAFT,true,,,NON_TESTE,
PROVISIONAL_FRM_NUMBER_040,,Attié/Akyé,ati,NON_PRECISÉE — Bodin / Kétin / Naindin,NUMBER_0_100,Lecture isolée d’un nombre pour une quantité ou un montant; l’unité et le contexte doivent être ajoutés.,MEDIUM,quarante,quarante,,,DRAFT,true,,,NON_TESTE,
PROVISIONAL_FRM_NUMBER_041,,Attié/Akyé,ati,NON_PRECISÉE — Bodin / Kétin / Naindin,NUMBER_0_100,Lecture isolée d’un nombre pour une quantité ou un montant; l’unité et le contexte doivent être ajoutés.,MEDIUM,quarante et un,quarante et un,,,DRAFT,true,,,NON_TESTE,
PROVISIONAL_FRM_NUMBER_042,,Attié/Akyé,ati,NON_PRECISÉE — Bodin / Kétin / Naindin,NUMBER_0_100,Lecture isolée d’un nombre pour une quantité ou un montant; l’unité et le contexte doivent être ajoutés.,MEDIUM,quarante-deux,quarante-deux,,,DRAFT,true,,,NON_TESTE,
PROVISIONAL_FRM_NUMBER_043,,Attié/Akyé,ati,NON_PRECISÉE — Bodin / Kétin / Naindin,NUMBER_0_100,Lecture isolée d’un nombre pour une quantité ou un montant; l’unité et le contexte doivent être ajoutés.,MEDIUM,quarante-trois,quarante-trois,,,DRAFT,true,,,NON_TESTE,
PROVISIONAL_FRM_NUMBER_044,,Attié/Akyé,ati,NON_PRECISÉE — Bodin / Kétin / Naindin,NUMBER_0_100,Lecture isolée d’un nombre pour une quantité ou un montant; l’unité et le contexte doivent être ajoutés.,MEDIUM,quarante-quatre,quarante-quatre,,,DRAFT,true,,,NON_TESTE,
PROVISIONAL_FRM_NUMBER_045,,Attié/Akyé,ati,NON_PRECISÉE — Bodin / Kétin / Naindin,NUMBER_0_100,Lecture isolée d’un nombre pour une quantité ou un montant; l’unité et le contexte doivent être ajoutés.,MEDIUM,quarante-cinq,quarante-cinq,,,DRAFT,true,,,NON_TESTE,
PROVISIONAL_FRM_NUMBER_046,,Attié/Akyé,ati,NON_PRECISÉE — Bodin / Kétin / Naindin,NUMBER_0_100,Lecture isolée d’un nombre pour une quantité ou un montant; l’unité et le contexte doivent être ajoutés.,MEDIUM,quarante-six,quarante-six,,,DRAFT,true,,,NON_TESTE,
PROVISIONAL_FRM_NUMBER_047,,Attié/Akyé,ati,NON_PRECISÉE — Bodin / Kétin / Naindin,NUMBER_0_100,Lecture isolée d’un nombre pour une quantité ou un montant; l’unité et le contexte doivent être ajoutés.,MEDIUM,quarante-sept,quarante-sept,,,DRAFT,true,,,NON_TESTE,
PROVISIONAL_FRM_NUMBER_048,,Attié/Akyé,ati,NON_PRECISÉE — Bodin / Kétin / Naindin,NUMBER_0_100,Lecture isolée d’un nombre pour une quantité ou un montant; l’unité et le contexte doivent être ajoutés.,MEDIUM,quarante-huit,quarante-huit,,,DRAFT,true,,,NON_TESTE,
PROVISIONAL_FRM_NUMBER_049,,Attié/Akyé,ati,NON_PRECISÉE — Bodin / Kétin / Naindin,NUMBER_0_100,Lecture isolée d’un nombre pour une quantité ou un montant; l’unité et le contexte doivent être ajoutés.,MEDIUM,quarante-neuf,quarante-neuf,,,DRAFT,true,,,NON_TESTE,
PROVISIONAL_FRM_NUMBER_050,,Attié/Akyé,ati,NON_PRECISÉE — Bodin / Kétin / Naindin,NUMBER_0_100,Lecture isolée d’un nombre pour une quantité ou un montant; l’unité et le contexte doivent être ajoutés.,MEDIUM,cinquante,cinquante,,,DRAFT,true,,,NON_TESTE,
PROVISIONAL_FRM_NUMBER_051,,Attié/Akyé,ati,NON_PRECISÉE — Bodin / Kétin / Naindin,NUMBER_0_100,Lecture isolée d’un nombre pour une quantité ou un montant; l’unité et le contexte doivent être ajoutés.,MEDIUM,cinquante et un,cinquante et un,,,DRAFT,true,,,NON_TESTE,
PROVISIONAL_FRM_NUMBER_052,,Attié/Akyé,ati,NON_PRECISÉE — Bodin / Kétin / Naindin,NUMBER_0_100,Lecture isolée d’un nombre pour une quantité ou un montant; l’unité et le contexte doivent être ajoutés.,MEDIUM,cinquante-deux,cinquante-deux,,,DRAFT,true,,,NON_TESTE,
PROVISIONAL_FRM_NUMBER_053,,Attié/Akyé,ati,NON_PRECISÉE — Bodin / Kétin / Naindin,NUMBER_0_100,Lecture isolée d’un nombre pour une quantité ou un montant; l’unité et le contexte doivent être ajoutés.,MEDIUM,cinquante-trois,cinquante-trois,,,DRAFT,true,,,NON_TESTE,
PROVISIONAL_FRM_NUMBER_054,,Attié/Akyé,ati,NON_PRECISÉE — Bodin / Kétin / Naindin,NUMBER_0_100,Lecture isolée d’un nombre pour une quantité ou un montant; l’unité et le contexte doivent être ajoutés.,MEDIUM,cinquante-quatre,cinquante-quatre,,,DRAFT,true,,,NON_TESTE,
PROVISIONAL_FRM_NUMBER_055,,Attié/Akyé,ati,NON_PRECISÉE — Bodin / Kétin / Naindin,NUMBER_0_100,Lecture isolée d’un nombre pour une quantité ou un montant; l’unité et le contexte doivent être ajoutés.,MEDIUM,cinquante-cinq,cinquante-cinq,,,DRAFT,true,,,NON_TESTE,
PROVISIONAL_FRM_NUMBER_056,,Attié/Akyé,ati,NON_PRECISÉE — Bodin / Kétin / Naindin,NUMBER_0_100,Lecture isolée d’un nombre pour une quantité ou un montant; l’unité et le contexte doivent être ajoutés.,MEDIUM,cinquante-six,cinquante-six,,,DRAFT,true,,,NON_TESTE,
PROVISIONAL_FRM_NUMBER_057,,Attié/Akyé,ati,NON_PRECISÉE — Bodin / Kétin / Naindin,NUMBER_0_100,Lecture isolée d’un nombre pour une quantité ou un montant; l’unité et le contexte doivent être ajoutés.,MEDIUM,cinquante-sept,cinquante-sept,,,DRAFT,true,,,NON_TESTE,
PROVISIONAL_FRM_NUMBER_058,,Attié/Akyé,ati,NON_PRECISÉE — Bodin / Kétin / Naindin,NUMBER_0_100,Lecture isolée d’un nombre pour une quantité ou un montant; l’unité et le contexte doivent être ajoutés.,MEDIUM,cinquante-huit,cinquante-huit,,,DRAFT,true,,,NON_TESTE,
PROVISIONAL_FRM_NUMBER_059,,Attié/Akyé,ati,NON_PRECISÉE — Bodin / Kétin / Naindin,NUMBER_0_100,Lecture isolée d’un nombre pour une quantité ou un montant; l’unité et le contexte doivent être ajoutés.,MEDIUM,cinquante-neuf,cinquante-neuf,,,DRAFT,true,,,NON_TESTE,
PROVISIONAL_FRM_NUMBER_060,,Attié/Akyé,ati,NON_PRECISÉE — Bodin / Kétin / Naindin,NUMBER_0_100,Lecture isolée d’un nombre pour une quantité ou un montant; l’unité et le contexte doivent être ajoutés.,MEDIUM,soixante,soixante,,,DRAFT,true,,,NON_TESTE,
PROVISIONAL_FRM_NUMBER_061,,Attié/Akyé,ati,NON_PRECISÉE — Bodin / Kétin / Naindin,NUMBER_0_100,Lecture isolée d’un nombre pour une quantité ou un montant; l’unité et le contexte doivent être ajoutés.,MEDIUM,soixante et un,soixante et un,,,DRAFT,true,,,NON_TESTE,
PROVISIONAL_FRM_NUMBER_062,,Attié/Akyé,ati,NON_PRECISÉE — Bodin / Kétin / Naindin,NUMBER_0_100,Lecture isolée d’un nombre pour une quantité ou un montant; l’unité et le contexte doivent être ajoutés.,MEDIUM,soixante-deux,soixante-deux,,,DRAFT,true,,,NON_TESTE,
PROVISIONAL_FRM_NUMBER_063,,Attié/Akyé,ati,NON_PRECISÉE — Bodin / Kétin / Naindin,NUMBER_0_100,Lecture isolée d’un nombre pour une quantité ou un montant; l’unité et le contexte doivent être ajoutés.,MEDIUM,soixante-trois,soixante-trois,,,DRAFT,true,,,NON_TESTE,
PROVISIONAL_FRM_NUMBER_064,,Attié/Akyé,ati,NON_PRECISÉE — Bodin / Kétin / Naindin,NUMBER_0_100,Lecture isolée d’un nombre pour une quantité ou un montant; l’unité et le contexte doivent être ajoutés.,MEDIUM,soixante-quatre,soixante-quatre,,,DRAFT,true,,,NON_TESTE,
PROVISIONAL_FRM_NUMBER_065,,Attié/Akyé,ati,NON_PRECISÉE — Bodin / Kétin / Naindin,NUMBER_0_100,Lecture isolée d’un nombre pour une quantité ou un montant; l’unité et le contexte doivent être ajoutés.,MEDIUM,soixante-cinq,soixante-cinq,,,DRAFT,true,,,NON_TESTE,
PROVISIONAL_FRM_NUMBER_066,,Attié/Akyé,ati,NON_PRECISÉE — Bodin / Kétin / Naindin,NUMBER_0_100,Lecture isolée d’un nombre pour une quantité ou un montant; l’unité et le contexte doivent être ajoutés.,MEDIUM,soixante-six,soixante-six,,,DRAFT,true,,,NON_TESTE,
PROVISIONAL_FRM_NUMBER_067,,Attié/Akyé,ati,NON_PRECISÉE — Bodin / Kétin / Naindin,NUMBER_0_100,Lecture isolée d’un nombre pour une quantité ou un montant; l’unité et le contexte doivent être ajoutés.,MEDIUM,soixante-sept,soixante-sept,,,DRAFT,true,,,NON_TESTE,
PROVISIONAL_FRM_NUMBER_068,,Attié/Akyé,ati,NON_PRECISÉE — Bodin / Kétin / Naindin,NUMBER_0_100,Lecture isolée d’un nombre pour une quantité ou un montant; l’unité et le contexte doivent être ajoutés.,MEDIUM,soixante-huit,soixante-huit,,,DRAFT,true,,,NON_TESTE,
PROVISIONAL_FRM_NUMBER_069,,Attié/Akyé,ati,NON_PRECISÉE — Bodin / Kétin / Naindin,NUMBER_0_100,Lecture isolée d’un nombre pour une quantité ou un montant; l’unité et le contexte doivent être ajoutés.,MEDIUM,soixante-neuf,soixante-neuf,,,DRAFT,true,,,NON_TESTE,
PROVISIONAL_FRM_NUMBER_070,,Attié/Akyé,ati,NON_PRECISÉE — Bodin / Kétin / Naindin,NUMBER_0_100,Lecture isolée d’un nombre pour une quantité ou un montant; l’unité et le contexte doivent être ajoutés.,MEDIUM,soixante-dix,soixante-dix,,,DRAFT,true,,,NON_TESTE,
PROVISIONAL_FRM_NUMBER_071,,Attié/Akyé,ati,NON_PRECISÉE — Bodin / Kétin / Naindin,NUMBER_0_100,Lecture isolée d’un nombre pour une quantité ou un montant; l’unité et le contexte doivent être ajoutés.,MEDIUM,soixante et onze,soixante et onze,,,DRAFT,true,,,NON_TESTE,
PROVISIONAL_FRM_NUMBER_072,,Attié/Akyé,ati,NON_PRECISÉE — Bodin / Kétin / Naindin,NUMBER_0_100,Lecture isolée d’un nombre pour une quantité ou un montant; l’unité et le contexte doivent être ajoutés.,MEDIUM,soixante-douze,soixante-douze,,,DRAFT,true,,,NON_TESTE,
PROVISIONAL_FRM_NUMBER_073,,Attié/Akyé,ati,NON_PRECISÉE — Bodin / Kétin / Naindin,NUMBER_0_100,Lecture isolée d’un nombre pour une quantité ou un montant; l’unité et le contexte doivent être ajoutés.,MEDIUM,soixante-treize,soixante-treize,,,DRAFT,true,,,NON_TESTE,
PROVISIONAL_FRM_NUMBER_074,,Attié/Akyé,ati,NON_PRECISÉE — Bodin / Kétin / Naindin,NUMBER_0_100,Lecture isolée d’un nombre pour une quantité ou un montant; l’unité et le contexte doivent être ajoutés.,MEDIUM,soixante-quatorze,soixante-quatorze,,,DRAFT,true,,,NON_TESTE,
PROVISIONAL_FRM_NUMBER_075,,Attié/Akyé,ati,NON_PRECISÉE — Bodin / Kétin / Naindin,NUMBER_0_100,Lecture isolée d’un nombre pour une quantité ou un montant; l’unité et le contexte doivent être ajoutés.,MEDIUM,soixante-quinze,soixante-quinze,,,DRAFT,true,,,NON_TESTE,
PROVISIONAL_FRM_NUMBER_076,,Attié/Akyé,ati,NON_PRECISÉE — Bodin / Kétin / Naindin,NUMBER_0_100,Lecture isolée d’un nombre pour une quantité ou un montant; l’unité et le contexte doivent être ajoutés.,MEDIUM,soixante-seize,soixante-seize,,,DRAFT,true,,,NON_TESTE,
PROVISIONAL_FRM_NUMBER_077,,Attié/Akyé,ati,NON_PRECISÉE — Bodin / Kétin / Naindin,NUMBER_0_100,Lecture isolée d’un nombre pour une quantité ou un montant; l’unité et le contexte doivent être ajoutés.,MEDIUM,soixante-dix-sept,soixante-dix-sept,,,DRAFT,true,,,NON_TESTE,
PROVISIONAL_FRM_NUMBER_078,,Attié/Akyé,ati,NON_PRECISÉE — Bodin / Kétin / Naindin,NUMBER_0_100,Lecture isolée d’un nombre pour une quantité ou un montant; l’unité et le contexte doivent être ajoutés.,MEDIUM,soixante-dix-huit,soixante-dix-huit,,,DRAFT,true,,,NON_TESTE,
PROVISIONAL_FRM_NUMBER_079,,Attié/Akyé,ati,NON_PRECISÉE — Bodin / Kétin / Naindin,NUMBER_0_100,Lecture isolée d’un nombre pour une quantité ou un montant; l’unité et le contexte doivent être ajoutés.,MEDIUM,soixante-dix-neuf,soixante-dix-neuf,,,DRAFT,true,,,NON_TESTE,
PROVISIONAL_FRM_NUMBER_080,,Attié/Akyé,ati,NON_PRECISÉE — Bodin / Kétin / Naindin,NUMBER_0_100,Lecture isolée d’un nombre pour une quantité ou un montant; l’unité et le contexte doivent être ajoutés.,MEDIUM,quatre-vingts,quatre-vingts,,,DRAFT,true,,,NON_TESTE,
PROVISIONAL_FRM_NUMBER_081,,Attié/Akyé,ati,NON_PRECISÉE — Bodin / Kétin / Naindin,NUMBER_0_100,Lecture isolée d’un nombre pour une quantité ou un montant; l’unité et le contexte doivent être ajoutés.,MEDIUM,quatre-vingt-un,quatre-vingt-un,,,DRAFT,true,,,NON_TESTE,
PROVISIONAL_FRM_NUMBER_082,,Attié/Akyé,ati,NON_PRECISÉE — Bodin / Kétin / Naindin,NUMBER_0_100,Lecture isolée d’un nombre pour une quantité ou un montant; l’unité et le contexte doivent être ajoutés.,MEDIUM,quatre-vingt-deux,quatre-vingt-deux,,,DRAFT,true,,,NON_TESTE,
PROVISIONAL_FRM_NUMBER_083,,Attié/Akyé,ati,NON_PRECISÉE — Bodin / Kétin / Naindin,NUMBER_0_100,Lecture isolée d’un nombre pour une quantité ou un montant; l’unité et le contexte doivent être ajoutés.,MEDIUM,quatre-vingt-trois,quatre-vingt-trois,,,DRAFT,true,,,NON_TESTE,
PROVISIONAL_FRM_NUMBER_084,,Attié/Akyé,ati,NON_PRECISÉE — Bodin / Kétin / Naindin,NUMBER_0_100,Lecture isolée d’un nombre pour une quantité ou un montant; l’unité et le contexte doivent être ajoutés.,MEDIUM,quatre-vingt-quatre,quatre-vingt-quatre,,,DRAFT,true,,,NON_TESTE,
PROVISIONAL_FRM_NUMBER_085,,Attié/Akyé,ati,NON_PRECISÉE — Bodin / Kétin / Naindin,NUMBER_0_100,Lecture isolée d’un nombre pour une quantité ou un montant; l’unité et le contexte doivent être ajoutés.,MEDIUM,quatre-vingt-cinq,quatre-vingt-cinq,,,DRAFT,true,,,NON_TESTE,
PROVISIONAL_FRM_NUMBER_086,,Attié/Akyé,ati,NON_PRECISÉE — Bodin / Kétin / Naindin,NUMBER_0_100,Lecture isolée d’un nombre pour une quantité ou un montant; l’unité et le contexte doivent être ajoutés.,MEDIUM,quatre-vingt-six,quatre-vingt-six,,,DRAFT,true,,,NON_TESTE,
PROVISIONAL_FRM_NUMBER_087,,Attié/Akyé,ati,NON_PRECISÉE — Bodin / Kétin / Naindin,NUMBER_0_100,Lecture isolée d’un nombre pour une quantité ou un montant; l’unité et le contexte doivent être ajoutés.,MEDIUM,quatre-vingt-sept,quatre-vingt-sept,,,DRAFT,true,,,NON_TESTE,
PROVISIONAL_FRM_NUMBER_088,,Attié/Akyé,ati,NON_PRECISÉE — Bodin / Kétin / Naindin,NUMBER_0_100,Lecture isolée d’un nombre pour une quantité ou un montant; l’unité et le contexte doivent être ajoutés.,MEDIUM,quatre-vingt-huit,quatre-vingt-huit,,,DRAFT,true,,,NON_TESTE,
PROVISIONAL_FRM_NUMBER_089,,Attié/Akyé,ati,NON_PRECISÉE — Bodin / Kétin / Naindin,NUMBER_0_100,Lecture isolée d’un nombre pour une quantité ou un montant; l’unité et le contexte doivent être ajoutés.,MEDIUM,quatre-vingt-neuf,quatre-vingt-neuf,,,DRAFT,true,,,NON_TESTE,
PROVISIONAL_FRM_NUMBER_090,,Attié/Akyé,ati,NON_PRECISÉE — Bodin / Kétin / Naindin,NUMBER_0_100,Lecture isolée d’un nombre pour une quantité ou un montant; l’unité et le contexte doivent être ajoutés.,MEDIUM,quatre-vingt-dix,quatre-vingt-dix,,,DRAFT,true,,,NON_TESTE,
PROVISIONAL_FRM_NUMBER_091,,Attié/Akyé,ati,NON_PRECISÉE — Bodin / Kétin / Naindin,NUMBER_0_100,Lecture isolée d’un nombre pour une quantité ou un montant; l’unité et le contexte doivent être ajoutés.,MEDIUM,quatre-vingt-onze,quatre-vingt-onze,,,DRAFT,true,,,NON_TESTE,
PROVISIONAL_FRM_NUMBER_092,,Attié/Akyé,ati,NON_PRECISÉE — Bodin / Kétin / Naindin,NUMBER_0_100,Lecture isolée d’un nombre pour une quantité ou un montant; l’unité et le contexte doivent être ajoutés.,MEDIUM,quatre-vingt-douze,quatre-vingt-douze,,,DRAFT,true,,,NON_TESTE,
PROVISIONAL_FRM_NUMBER_093,,Attié/Akyé,ati,NON_PRECISÉE — Bodin / Kétin / Naindin,NUMBER_0_100,Lecture isolée d’un nombre pour une quantité ou un montant; l’unité et le contexte doivent être ajoutés.,MEDIUM,quatre-vingt-treize,quatre-vingt-treize,,,DRAFT,true,,,NON_TESTE,
PROVISIONAL_FRM_NUMBER_094,,Attié/Akyé,ati,NON_PRECISÉE — Bodin / Kétin / Naindin,NUMBER_0_100,Lecture isolée d’un nombre pour une quantité ou un montant; l’unité et le contexte doivent être ajoutés.,MEDIUM,quatre-vingt-quatorze,quatre-vingt-quatorze,,,DRAFT,true,,,NON_TESTE,
PROVISIONAL_FRM_NUMBER_095,,Attié/Akyé,ati,NON_PRECISÉE — Bodin / Kétin / Naindin,NUMBER_0_100,Lecture isolée d’un nombre pour une quantité ou un montant; l’unité et le contexte doivent être ajoutés.,MEDIUM,quatre-vingt-quinze,quatre-vingt-quinze,,,DRAFT,true,,,NON_TESTE,
PROVISIONAL_FRM_NUMBER_096,,Attié/Akyé,ati,NON_PRECISÉE — Bodin / Kétin / Naindin,NUMBER_0_100,Lecture isolée d’un nombre pour une quantité ou un montant; l’unité et le contexte doivent être ajoutés.,MEDIUM,quatre-vingt-seize,quatre-vingt-seize,,,DRAFT,true,,,NON_TESTE,
PROVISIONAL_FRM_NUMBER_097,,Attié/Akyé,ati,NON_PRECISÉE — Bodin / Kétin / Naindin,NUMBER_0_100,Lecture isolée d’un nombre pour une quantité ou un montant; l’unité et le contexte doivent être ajoutés.,MEDIUM,quatre-vingt-dix-sept,quatre-vingt-dix-sept,,,DRAFT,true,,,NON_TESTE,
PROVISIONAL_FRM_NUMBER_098,,Attié/Akyé,ati,NON_PRECISÉE — Bodin / Kétin / Naindin,NUMBER_0_100,Lecture isolée d’un nombre pour une quantité ou un montant; l’unité et le contexte doivent être ajoutés.,MEDIUM,quatre-vingt-dix-huit,quatre-vingt-dix-huit,,,DRAFT,true,,,NON_TESTE,
PROVISIONAL_FRM_NUMBER_099,,Attié/Akyé,ati,NON_PRECISÉE — Bodin / Kétin / Naindin,NUMBER_0_100,Lecture isolée d’un nombre pour une quantité ou un montant; l’unité et le contexte doivent être ajoutés.,MEDIUM,quatre-vingt-dix-neuf,quatre-vingt-dix-neuf,,,DRAFT,true,,,NON_TESTE,
PROVISIONAL_FRM_NUMBER_100,,Attié/Akyé,ati,NON_PRECISÉE — Bodin / Kétin / Naindin,NUMBER_0_100,Lecture isolée d’un nombre pour une quantité ou un montant; l’unité et le contexte doivent être ajoutés.,MEDIUM,cent,cent,,,DRAFT,true,,,NON_TESTE,
PROVISIONAL_FRM_NUMBER_HUNDRED_200,,Attié/Akyé,ati,NON_PRECISÉE — Bodin / Kétin / Naindin,NUMBER_HUNDREDS,Lecture isolée d’une centaine ou de mille; l’unité et le contexte doivent être ajoutés.,MEDIUM,deux cents,deux cents,,,DRAFT,true,,,NON_TESTE,
PROVISIONAL_FRM_NUMBER_HUNDRED_300,,Attié/Akyé,ati,NON_PRECISÉE — Bodin / Kétin / Naindin,NUMBER_HUNDREDS,Lecture isolée d’une centaine ou de mille; l’unité et le contexte doivent être ajoutés.,MEDIUM,trois cents,trois cents,,,DRAFT,true,,,NON_TESTE,
PROVISIONAL_FRM_NUMBER_HUNDRED_400,,Attié/Akyé,ati,NON_PRECISÉE — Bodin / Kétin / Naindin,NUMBER_HUNDREDS,Lecture isolée d’une centaine ou de mille; l’unité et le contexte doivent être ajoutés.,MEDIUM,quatre cents,quatre cents,,,DRAFT,true,,,NON_TESTE,
PROVISIONAL_FRM_NUMBER_HUNDRED_500,,Attié/Akyé,ati,NON_PRECISÉE — Bodin / Kétin / Naindin,NUMBER_HUNDREDS,Lecture isolée d’une centaine ou de mille; l’unité et le contexte doivent être ajoutés.,MEDIUM,cinq cents,cinq cents,,,DRAFT,true,,,NON_TESTE,
PROVISIONAL_FRM_NUMBER_HUNDRED_600,,Attié/Akyé,ati,NON_PRECISÉE — Bodin / Kétin / Naindin,NUMBER_HUNDREDS,Lecture isolée d’une centaine ou de mille; l’unité et le contexte doivent être ajoutés.,MEDIUM,six cents,six cents,,,DRAFT,true,,,NON_TESTE,
PROVISIONAL_FRM_NUMBER_HUNDRED_700,,Attié/Akyé,ati,NON_PRECISÉE — Bodin / Kétin / Naindin,NUMBER_HUNDREDS,Lecture isolée d’une centaine ou de mille; l’unité et le contexte doivent être ajoutés.,MEDIUM,sept cents,sept cents,,,DRAFT,true,,,NON_TESTE,
PROVISIONAL_FRM_NUMBER_HUNDRED_800,,Attié/Akyé,ati,NON_PRECISÉE — Bodin / Kétin / Naindin,NUMBER_HUNDREDS,Lecture isolée d’une centaine ou de mille; l’unité et le contexte doivent être ajoutés.,MEDIUM,huit cents,huit cents,,,DRAFT,true,,,NON_TESTE,
PROVISIONAL_FRM_NUMBER_HUNDRED_900,,Attié/Akyé,ati,NON_PRECISÉE — Bodin / Kétin / Naindin,NUMBER_HUNDREDS,Lecture isolée d’une centaine ou de mille; l’unité et le contexte doivent être ajoutés.,MEDIUM,neuf cents,neuf cents,,,DRAFT,true,,,NON_TESTE,
PROVISIONAL_FRM_NUMBER_THOUSAND_1000,,Attié/Akyé,ati,NON_PRECISÉE — Bodin / Kétin / Naindin,NUMBER_THOUSAND,Lecture isolée d’une centaine ou de mille; l’unité et le contexte doivent être ajoutés.,MEDIUM,mille,mille,,,DRAFT,true,,,NON_TESTE,
PROVISIONAL_FRM_UNIT_01_UNITE,,Attié/Akyé,ati,NON_PRECISÉE — Bodin / Kétin / Naindin,UNIT,Unité de vente orale.,LOW,unité,à l’unité,,,DRAFT,true,,,NON_TESTE,
PROVISIONAL_FRM_UNIT_02_TAS,,Attié/Akyé,ati,NON_PRECISÉE — Bodin / Kétin / Naindin,UNIT,Unité de vente orale.,LOW,tas,tas,,,DRAFT,true,,,NON_TESTE,
PROVISIONAL_FRM_UNIT_03_SAC,,Attié/Akyé,ati,NON_PRECISÉE — Bodin / Kétin / Naindin,UNIT,Unité de vente orale.,LOW,sac,sac,,,DRAFT,true,,,NON_TESTE,
PROVISIONAL_FRM_UNIT_04_KILO,,Attié/Akyé,ati,NON_PRECISÉE — Bodin / Kétin / Naindin,UNIT,Unité de vente orale.,LOW,kilo,kilo,,,DRAFT,true,,,NON_TESTE,
PROVISIONAL_FRM_UNIT_05_BOTTE,,Attié/Akyé,ati,NON_PRECISÉE — Bodin / Kétin / Naindin,UNIT,Unité de vente orale.,LOW,botte,botte,,,DRAFT,true,,,NON_TESTE,
PROVISIONAL_FRM_UNIT_06_BIDON,,Attié/Akyé,ati,NON_PRECISÉE — Bodin / Kétin / Naindin,UNIT,Unité de vente orale.,LOW,bidon,bidon,,,DRAFT,true,,,NON_TESTE,
PROVISIONAL_FRM_UNIT_07_SACHET,,Attié/Akyé,ati,NON_PRECISÉE — Bodin / Kétin / Naindin,UNIT,Unité de vente orale.,LOW,sachet,sachet,,,DRAFT,true,,,NON_TESTE,
PROVISIONAL_FRM_UNIT_08_PAQUET,,Attié/Akyé,ati,NON_PRECISÉE — Bodin / Kétin / Naindin,UNIT,Unité de vente orale.,LOW,paquet,paquet,,,DRAFT,true,,,NON_TESTE,
PROVISIONAL_FRM_UNIT_09_MORCEAU,,Attié/Akyé,ati,NON_PRECISÉE — Bodin / Kétin / Naindin,UNIT,Unité de vente orale.,LOW,morceau,morceau,,,DRAFT,true,,,NON_TESTE,
PROVISIONAL_FRM_UNIT_10_LITRE,,Attié/Akyé,ati,NON_PRECISÉE — Bodin / Kétin / Naindin,UNIT,Unité de vente orale.,LOW,litre,litre,,,DRAFT,true,,,NON_TESTE,
PROVISIONAL_FRM_UNIT_11_REGIME,,Attié/Akyé,ati,NON_PRECISÉE — Bodin / Kétin / Naindin,UNIT,Unité de vente orale.,LOW,régime,régime,,,DRAFT,true,,,NON_TESTE,
PROVISIONAL_FRM_UNIT_12_CARTON,,Attié/Akyé,ati,NON_PRECISÉE — Bodin / Kétin / Naindin,UNIT,Unité de vente orale.,LOW,carton,carton,,,DRAFT,true,,,NON_TESTE,
PROVISIONAL_FRM_UNIT_13_CAISSE,,Attié/Akyé,ati,NON_PRECISÉE — Bodin / Kétin / Naindin,UNIT,Unité de vente orale.,LOW,caisse,caisse,,,DRAFT,true,,,NON_TESTE,
PROVISIONAL_FRM_UNIT_14_BOUTEILLE,,Attié/Akyé,ati,NON_PRECISÉE — Bodin / Kétin / Naindin,UNIT,Unité de vente orale.,LOW,bouteille,bouteille,,,DRAFT,true,,,NON_TESTE,
PROVISIONAL_FRM_UNIT_15_PANIER,,Attié/Akyé,ati,NON_PRECISÉE — Bodin / Kétin / Naindin,UNIT,Unité de vente orale.,LOW,panier,panier,,,DRAFT,true,,,NON_TESTE,
PROVISIONAL_FRM_UNIT_16_FRANC,,Attié/Akyé,ati,NON_PRECISÉE — Bodin / Kétin / Naindin,UNIT,Dénomination monétaire orale; à associer à un nombre et au contexte.,HIGH,franc,franc,,,DRAFT,true,,,NON_TESTE,
PROVISIONAL_FRM_UNIT_17_FCFA,,Attié/Akyé,ati,NON_PRECISÉE — Bodin / Kétin / Naindin,UNIT,Dénomination monétaire orale; à associer à un nombre et au contexte.,HIGH,FCFA,franc CFA,,,DRAFT,true,,,NON_TESTE,
PROVISIONAL_FRM_PRODUCT_01_TOMATE,,Attié/Akyé,ati,NON_PRECISÉE — Bodin / Kétin / Naindin,PRODUCT,Nom de produit à annoncer ou saisir dans une vente; aucun identifiant produit métier n’est créé.,LOW,tomate,tomate,,,DRAFT,true,,,NON_TESTE,
PROVISIONAL_FRM_PRODUCT_02_PIMENT,,Attié/Akyé,ati,NON_PRECISÉE — Bodin / Kétin / Naindin,PRODUCT,Nom de produit à annoncer ou saisir dans une vente; aucun identifiant produit métier n’est créé.,LOW,piment,piment,,,DRAFT,true,,,NON_TESTE,
PROVISIONAL_FRM_PRODUCT_03_GOMBO,,Attié/Akyé,ati,NON_PRECISÉE — Bodin / Kétin / Naindin,PRODUCT,Nom de produit à annoncer ou saisir dans une vente; aucun identifiant produit métier n’est créé.,LOW,gombo,gombo,,,DRAFT,true,,,NON_TESTE,
PROVISIONAL_FRM_PRODUCT_04_ATTIEKE,,Attié/Akyé,ati,NON_PRECISÉE — Bodin / Kétin / Naindin,PRODUCT,Nom de produit à annoncer ou saisir dans une vente; aucun identifiant produit métier n’est créé.,LOW,attiéké,attiéké,,,DRAFT,true,,,NON_TESTE,
PROVISIONAL_FRM_PRODUCT_05_BANANE,,Attié/Akyé,ati,NON_PRECISÉE — Bodin / Kétin / Naindin,PRODUCT,Nom de produit à annoncer ou saisir dans une vente; aucun identifiant produit métier n’est créé.,LOW,banane,banane,,,DRAFT,true,,,NON_TESTE,
PROVISIONAL_FRM_PRODUCT_06_PLANTAIN,,Attié/Akyé,ati,NON_PRECISÉE — Bodin / Kétin / Naindin,PRODUCT,Nom de produit à annoncer ou saisir dans une vente; aucun identifiant produit métier n’est créé.,LOW,plantain,plantain,,,DRAFT,true,,,NON_TESTE,
PROVISIONAL_FRM_PRODUCT_07_IGNAME,,Attié/Akyé,ati,NON_PRECISÉE — Bodin / Kétin / Naindin,PRODUCT,Nom de produit à annoncer ou saisir dans une vente; aucun identifiant produit métier n’est créé.,LOW,igname,igname,,,DRAFT,true,,,NON_TESTE,
PROVISIONAL_FRM_PRODUCT_08_MANIOC,,Attié/Akyé,ati,NON_PRECISÉE — Bodin / Kétin / Naindin,PRODUCT,Nom de produit à annoncer ou saisir dans une vente; aucun identifiant produit métier n’est créé.,LOW,manioc,manioc,,,DRAFT,true,,,NON_TESTE,
PROVISIONAL_FRM_PRODUCT_09_AUBERGINE,,Attié/Akyé,ati,NON_PRECISÉE — Bodin / Kétin / Naindin,PRODUCT,Nom de produit à annoncer ou saisir dans une vente; aucun identifiant produit métier n’est créé.,LOW,aubergine,aubergine,,,DRAFT,true,,,NON_TESTE,
PROVISIONAL_FRM_PRODUCT_10_OIGNON,,Attié/Akyé,ati,NON_PRECISÉE — Bodin / Kétin / Naindin,PRODUCT,Nom de produit à annoncer ou saisir dans une vente; aucun identifiant produit métier n’est créé.,LOW,oignon,oignon,,,DRAFT,true,,,NON_TESTE,
PROVISIONAL_FRM_PRODUCT_11_AIL,,Attié/Akyé,ati,NON_PRECISÉE — Bodin / Kétin / Naindin,PRODUCT,Nom de produit à annoncer ou saisir dans une vente; aucun identifiant produit métier n’est créé.,LOW,ail,ail,,,DRAFT,true,,,NON_TESTE,
PROVISIONAL_FRM_PRODUCT_12_POISSON,,Attié/Akyé,ati,NON_PRECISÉE — Bodin / Kétin / Naindin,PRODUCT,Nom de produit à annoncer ou saisir dans une vente; aucun identifiant produit métier n’est créé.,LOW,poisson,poisson,,,DRAFT,true,,,NON_TESTE,
PROVISIONAL_FRM_PRODUCT_13_VIANDE,,Attié/Akyé,ati,NON_PRECISÉE — Bodin / Kétin / Naindin,PRODUCT,Nom de produit à annoncer ou saisir dans une vente; aucun identifiant produit métier n’est créé.,LOW,viande,viande,,,DRAFT,true,,,NON_TESTE,
PROVISIONAL_FRM_PRODUCT_14_POULET,,Attié/Akyé,ati,NON_PRECISÉE — Bodin / Kétin / Naindin,PRODUCT,Nom de produit à annoncer ou saisir dans une vente; aucun identifiant produit métier n’est créé.,LOW,poulet,poulet,,,DRAFT,true,,,NON_TESTE,
PROVISIONAL_FRM_PRODUCT_15_HUILE,,Attié/Akyé,ati,NON_PRECISÉE — Bodin / Kétin / Naindin,PRODUCT,Nom de produit à annoncer ou saisir dans une vente; aucun identifiant produit métier n’est créé.,LOW,huile,huile,,,DRAFT,true,,,NON_TESTE,
PROVISIONAL_FRM_PRODUCT_16_SEL,,Attié/Akyé,ati,NON_PRECISÉE — Bodin / Kétin / Naindin,PRODUCT,Nom de produit à annoncer ou saisir dans une vente; aucun identifiant produit métier n’est créé.,LOW,sel,sel,,,DRAFT,true,,,NON_TESTE,
PROVISIONAL_FRM_PRODUCT_17_SUCRE,,Attié/Akyé,ati,NON_PRECISÉE — Bodin / Kétin / Naindin,PRODUCT,Nom de produit à annoncer ou saisir dans une vente; aucun identifiant produit métier n’est créé.,LOW,sucre,sucre,,,DRAFT,true,,,NON_TESTE,
PROVISIONAL_FRM_PRODUCT_18_RIZ,,Attié/Akyé,ati,NON_PRECISÉE — Bodin / Kétin / Naindin,PRODUCT,Nom de produit à annoncer ou saisir dans une vente; aucun identifiant produit métier n’est créé.,LOW,riz,riz,,,DRAFT,true,,,NON_TESTE,
PROVISIONAL_FRM_PRODUCT_19_HARICOT,,Attié/Akyé,ati,NON_PRECISÉE — Bodin / Kétin / Naindin,PRODUCT,Nom de produit à annoncer ou saisir dans une vente; aucun identifiant produit métier n’est créé.,LOW,haricot,haricot,,,DRAFT,true,,,NON_TESTE,
PROVISIONAL_FRM_PRODUCT_20_MAIS,,Attié/Akyé,ati,NON_PRECISÉE — Bodin / Kétin / Naindin,PRODUCT,Nom de produit à annoncer ou saisir dans une vente; aucun identifiant produit métier n’est créé.,LOW,maïs,maïs,,,DRAFT,true,,,NON_TESTE,
PROVISIONAL_FRM_PRODUCT_21_FOUTOU,,Attié/Akyé,ati,NON_PRECISÉE — Bodin / Kétin / Naindin,PRODUCT,Nom de produit à annoncer ou saisir dans une vente; aucun identifiant produit métier n’est créé.,LOW,foutou,foutou,,,DRAFT,true,,,NON_TESTE,
PROVISIONAL_FRM_PRODUCT_22_ORANGE,,Attié/Akyé,ati,NON_PRECISÉE — Bodin / Kétin / Naindin,PRODUCT,Nom de produit à annoncer ou saisir dans une vente; aucun identifiant produit métier n’est créé.,LOW,orange,orange,,,DRAFT,true,,,NON_TESTE,
PROVISIONAL_FRM_PRODUCT_23_SAVON,,Attié/Akyé,ati,NON_PRECISÉE — Bodin / Kétin / Naindin,PRODUCT,Nom de produit à annoncer ou saisir dans une vente; aucun identifiant produit métier n’est créé.,LOW,savon,savon,,,DRAFT,true,,,NON_TESTE,
PROVISIONAL_FRM_PRODUCT_24_FARINE,,Attié/Akyé,ati,NON_PRECISÉE — Bodin / Kétin / Naindin,PRODUCT,Nom de produit à annoncer ou saisir dans une vente; aucun identifiant produit métier n’est créé.,LOW,farine,farine,,,DRAFT,true,,,NON_TESTE,
PROVISIONAL_FRM_PRODUCT_25_JUS,,Attié/Akyé,ati,NON_PRECISÉE — Bodin / Kétin / Naindin,PRODUCT,Nom de produit à annoncer ou saisir dans une vente; aucun identifiant produit métier n’est créé.,LOW,jus,jus,,,DRAFT,true,,,NON_TESTE,
PROVISIONAL_FRM_PRODUCT_26_LAIT,,Attié/Akyé,ati,NON_PRECISÉE — Bodin / Kétin / Naindin,PRODUCT,Nom de produit à annoncer ou saisir dans une vente; aucun identifiant produit métier n’est créé.,LOW,lait,lait,,,DRAFT,true,,,NON_TESTE,
PROVISIONAL_FRM_INTENT_01,,Abouré,abu,Variété locale de marché à confirmer,FINANCIAL_PRIORITY_INTENT,Commande orale d’encaissement; elle ne vaut pas confirmation métier du paiement.,CRITICAL,Encaisse.,Encaisse ça.,,,DRAFT,true,,,NON_TESTE,
PROVISIONAL_FRM_INTENT_02,,Abouré,abu,Variété locale de marché à confirmer,FINANCIAL_PRIORITY_INTENT,Demande du montant encore dû par une cliente.,CRITICAL,Combien elle doit ?,Elle doit combien ?,,,DRAFT,true,,,NON_TESTE,
PROVISIONAL_FRM_INTENT_03,,Abouré,abu,Variété locale de marché à confirmer,FINANCIAL_PRIORITY_INTENT,Accord oral avant une validation; la confirmation métier reste distincte.,CRITICAL,"Oui, valide.","Oui, tu peux valider.",,,DRAFT,true,,,NON_TESTE,
PROVISIONAL_FRM_INTENT_04,,Abouré,abu,Variété locale de marché à confirmer,FINANCIAL_PRIORITY_INTENT,Refus ou demande d’annulation avant confirmation métier.,CRITICAL,Non / annule.,"Non, annule.",,,DRAFT,true,,,NON_TESTE,
PROVISIONAL_FRM_INTENT_05,,Abouré,abu,Variété locale de marché à confirmer,FINANCIAL_PRIORITY_INTENT,Annonce d’un montant manquant dans le paiement.,CRITICAL,Il manque {montant} francs.,Il manque {montant} francs.,,,DRAFT,true,,,NON_TESTE,
PROVISIONAL_FRM_INTENT_06,,Abouré,abu,Variété locale de marché à confirmer,FINANCIAL_PRIORITY_INTENT,Demande de vérifier le calcul ou le compte avant la suite.,CRITICAL,Compte juste.,Vérifie bien le compte.,,,DRAFT,true,,,NON_TESTE,
PROVISIONAL_FRM_INTENT_07,,Abouré,abu,Variété locale de marché à confirmer,FINANCIAL_PRIORITY_INTENT,Annonce du montant effectivement remis par la cliente.,CRITICAL,Elle a donné {recu} francs.,Elle a donné {recu} francs.,,,DRAFT,true,,,NON_TESTE,
PROVISIONAL_FRM_INTENT_08,,Abouré,abu,Variété locale de marché à confirmer,FINANCIAL_PRIORITY_INTENT,Annonce de la monnaie à rendre à la cliente.,CRITICAL,Tu rends {monnaie} francs.,Tu lui rends {monnaie} francs.,,,DRAFT,true,,,NON_TESTE,
PROVISIONAL_FRM_INTENT_09,,Abouré,abu,Variété locale de marché à confirmer,FINANCIAL_PRIORITY_INTENT,Annonce du total dû par la cliente.,CRITICAL,Elle doit {total} francs.,Elle doit {total} francs.,,,DRAFT,true,,,NON_TESTE,
PROVISIONAL_FRM_INTENT_10,,Abouré,abu,Variété locale de marché à confirmer,FINANCIAL_PRIORITY_INTENT,Demande orale de validation avant l’action métier.,CRITICAL,Je valide ?,Je valide ça ?,,,DRAFT,true,,,NON_TESTE,
PROVISIONAL_FRM_INTENT_11,,Abouré,abu,Variété locale de marché à confirmer,FINANCIAL_PRIORITY_INTENT,Question sur le prix d’un seul article.,HIGH,Prix d’un seul.,"Un seul, c’est combien ?",,,DRAFT,true,,,NON_TESTE,
PROVISIONAL_FRM_INTENT_12,,Abouré,abu,Variété locale de marché à confirmer,FINANCIAL_PRIORITY_INTENT,Question sur le prix total de l’ensemble présenté.,HIGH,Prix du tout.,"Tout ça, c’est combien ?",,,DRAFT,true,,,NON_TESTE,
PROVISIONAL_FRM_INTENT_13,,Abouré,abu,Variété locale de marché à confirmer,FINANCIAL_PRIORITY_INTENT,Question générale sur le montant à payer ou le total.,HIGH,Combien ?,Ça fait combien ?,,,DRAFT,true,,,NON_TESTE,
PROVISIONAL_FRM_INTENT_14,,Abouré,abu,Variété locale de marché à confirmer,FINANCIAL_PRIORITY_INTENT,Question sur le prix d’un produit ou d’une quantité montrée.,HIGH,C’est à combien ?,C’est à combien ?,,,DRAFT,true,,,NON_TESTE,
PROVISIONAL_FRM_INTENT_15,,Abouré,abu,Variété locale de marché à confirmer,FINANCIAL_PRIORITY_INTENT,Question ouverte sur le produit ou l’article vendu.,LOW,Tu as vendu quoi ?,Tu as vendu quoi ?,,,DRAFT,true,,,NON_TESTE,
PROVISIONAL_FRM_NUMBER_000,,Abouré,abu,Variété locale de marché à confirmer,NUMBER_0_100,Lecture isolée d’un nombre pour une quantité ou un montant; l’unité et le contexte doivent être ajoutés.,MEDIUM,zéro,zéro,,,DRAFT,true,,,NON_TESTE,
PROVISIONAL_FRM_NUMBER_001,,Abouré,abu,Variété locale de marché à confirmer,NUMBER_0_100,Lecture isolée d’un nombre pour une quantité ou un montant; l’unité et le contexte doivent être ajoutés.,MEDIUM,un,un,,,DRAFT,true,,,NON_TESTE,
PROVISIONAL_FRM_NUMBER_002,,Abouré,abu,Variété locale de marché à confirmer,NUMBER_0_100,Lecture isolée d’un nombre pour une quantité ou un montant; l’unité et le contexte doivent être ajoutés.,MEDIUM,deux,deux,,,DRAFT,true,,,NON_TESTE,
PROVISIONAL_FRM_NUMBER_003,,Abouré,abu,Variété locale de marché à confirmer,NUMBER_0_100,Lecture isolée d’un nombre pour une quantité ou un montant; l’unité et le contexte doivent être ajoutés.,MEDIUM,trois,trois,,,DRAFT,true,,,NON_TESTE,
PROVISIONAL_FRM_NUMBER_004,,Abouré,abu,Variété locale de marché à confirmer,NUMBER_0_100,Lecture isolée d’un nombre pour une quantité ou un montant; l’unité et le contexte doivent être ajoutés.,MEDIUM,quatre,quatre,,,DRAFT,true,,,NON_TESTE,
PROVISIONAL_FRM_NUMBER_005,,Abouré,abu,Variété locale de marché à confirmer,NUMBER_0_100,Lecture isolée d’un nombre pour une quantité ou un montant; l’unité et le contexte doivent être ajoutés.,MEDIUM,cinq,cinq,,,DRAFT,true,,,NON_TESTE,
PROVISIONAL_FRM_NUMBER_006,,Abouré,abu,Variété locale de marché à confirmer,NUMBER_0_100,Lecture isolée d’un nombre pour une quantité ou un montant; l’unité et le contexte doivent être ajoutés.,MEDIUM,six,six,,,DRAFT,true,,,NON_TESTE,
PROVISIONAL_FRM_NUMBER_007,,Abouré,abu,Variété locale de marché à confirmer,NUMBER_0_100,Lecture isolée d’un nombre pour une quantité ou un montant; l’unité et le contexte doivent être ajoutés.,MEDIUM,sept,sept,,,DRAFT,true,,,NON_TESTE,
PROVISIONAL_FRM_NUMBER_008,,Abouré,abu,Variété locale de marché à confirmer,NUMBER_0_100,Lecture isolée d’un nombre pour une quantité ou un montant; l’unité et le contexte doivent être ajoutés.,MEDIUM,huit,huit,,,DRAFT,true,,,NON_TESTE,
PROVISIONAL_FRM_NUMBER_009,,Abouré,abu,Variété locale de marché à confirmer,NUMBER_0_100,Lecture isolée d’un nombre pour une quantité ou un montant; l’unité et le contexte doivent être ajoutés.,MEDIUM,neuf,neuf,,,DRAFT,true,,,NON_TESTE,
PROVISIONAL_FRM_NUMBER_010,,Abouré,abu,Variété locale de marché à confirmer,NUMBER_0_100,Lecture isolée d’un nombre pour une quantité ou un montant; l’unité et le contexte doivent être ajoutés.,MEDIUM,dix,dix,,,DRAFT,true,,,NON_TESTE,
PROVISIONAL_FRM_NUMBER_011,,Abouré,abu,Variété locale de marché à confirmer,NUMBER_0_100,Lecture isolée d’un nombre pour une quantité ou un montant; l’unité et le contexte doivent être ajoutés.,MEDIUM,onze,onze,,,DRAFT,true,,,NON_TESTE,
PROVISIONAL_FRM_NUMBER_012,,Abouré,abu,Variété locale de marché à confirmer,NUMBER_0_100,Lecture isolée d’un nombre pour une quantité ou un montant; l’unité et le contexte doivent être ajoutés.,MEDIUM,douze,douze,,,DRAFT,true,,,NON_TESTE,
PROVISIONAL_FRM_NUMBER_013,,Abouré,abu,Variété locale de marché à confirmer,NUMBER_0_100,Lecture isolée d’un nombre pour une quantité ou un montant; l’unité et le contexte doivent être ajoutés.,MEDIUM,treize,treize,,,DRAFT,true,,,NON_TESTE,
PROVISIONAL_FRM_NUMBER_014,,Abouré,abu,Variété locale de marché à confirmer,NUMBER_0_100,Lecture isolée d’un nombre pour une quantité ou un montant; l’unité et le contexte doivent être ajoutés.,MEDIUM,quatorze,quatorze,,,DRAFT,true,,,NON_TESTE,
PROVISIONAL_FRM_NUMBER_015,,Abouré,abu,Variété locale de marché à confirmer,NUMBER_0_100,Lecture isolée d’un nombre pour une quantité ou un montant; l’unité et le contexte doivent être ajoutés.,MEDIUM,quinze,quinze,,,DRAFT,true,,,NON_TESTE,
PROVISIONAL_FRM_NUMBER_016,,Abouré,abu,Variété locale de marché à confirmer,NUMBER_0_100,Lecture isolée d’un nombre pour une quantité ou un montant; l’unité et le contexte doivent être ajoutés.,MEDIUM,seize,seize,,,DRAFT,true,,,NON_TESTE,
PROVISIONAL_FRM_NUMBER_017,,Abouré,abu,Variété locale de marché à confirmer,NUMBER_0_100,Lecture isolée d’un nombre pour une quantité ou un montant; l’unité et le contexte doivent être ajoutés.,MEDIUM,dix-sept,dix-sept,,,DRAFT,true,,,NON_TESTE,
PROVISIONAL_FRM_NUMBER_018,,Abouré,abu,Variété locale de marché à confirmer,NUMBER_0_100,Lecture isolée d’un nombre pour une quantité ou un montant; l’unité et le contexte doivent être ajoutés.,MEDIUM,dix-huit,dix-huit,,,DRAFT,true,,,NON_TESTE,
PROVISIONAL_FRM_NUMBER_019,,Abouré,abu,Variété locale de marché à confirmer,NUMBER_0_100,Lecture isolée d’un nombre pour une quantité ou un montant; l’unité et le contexte doivent être ajoutés.,MEDIUM,dix-neuf,dix-neuf,,,DRAFT,true,,,NON_TESTE,
PROVISIONAL_FRM_NUMBER_020,,Abouré,abu,Variété locale de marché à confirmer,NUMBER_0_100,Lecture isolée d’un nombre pour une quantité ou un montant; l’unité et le contexte doivent être ajoutés.,MEDIUM,vingt,vingt,,,DRAFT,true,,,NON_TESTE,
PROVISIONAL_FRM_NUMBER_021,,Abouré,abu,Variété locale de marché à confirmer,NUMBER_0_100,Lecture isolée d’un nombre pour une quantité ou un montant; l’unité et le contexte doivent être ajoutés.,MEDIUM,vingt et un,vingt et un,,,DRAFT,true,,,NON_TESTE,
PROVISIONAL_FRM_NUMBER_022,,Abouré,abu,Variété locale de marché à confirmer,NUMBER_0_100,Lecture isolée d’un nombre pour une quantité ou un montant; l’unité et le contexte doivent être ajoutés.,MEDIUM,vingt-deux,vingt-deux,,,DRAFT,true,,,NON_TESTE,
PROVISIONAL_FRM_NUMBER_023,,Abouré,abu,Variété locale de marché à confirmer,NUMBER_0_100,Lecture isolée d’un nombre pour une quantité ou un montant; l’unité et le contexte doivent être ajoutés.,MEDIUM,vingt-trois,vingt-trois,,,DRAFT,true,,,NON_TESTE,
PROVISIONAL_FRM_NUMBER_024,,Abouré,abu,Variété locale de marché à confirmer,NUMBER_0_100,Lecture isolée d’un nombre pour une quantité ou un montant; l’unité et le contexte doivent être ajoutés.,MEDIUM,vingt-quatre,vingt-quatre,,,DRAFT,true,,,NON_TESTE,
PROVISIONAL_FRM_NUMBER_025,,Abouré,abu,Variété locale de marché à confirmer,NUMBER_0_100,Lecture isolée d’un nombre pour une quantité ou un montant; l’unité et le contexte doivent être ajoutés.,MEDIUM,vingt-cinq,vingt-cinq,,,DRAFT,true,,,NON_TESTE,
PROVISIONAL_FRM_NUMBER_026,,Abouré,abu,Variété locale de marché à confirmer,NUMBER_0_100,Lecture isolée d’un nombre pour une quantité ou un montant; l’unité et le contexte doivent être ajoutés.,MEDIUM,vingt-six,vingt-six,,,DRAFT,true,,,NON_TESTE,
PROVISIONAL_FRM_NUMBER_027,,Abouré,abu,Variété locale de marché à confirmer,NUMBER_0_100,Lecture isolée d’un nombre pour une quantité ou un montant; l’unité et le contexte doivent être ajoutés.,MEDIUM,vingt-sept,vingt-sept,,,DRAFT,true,,,NON_TESTE,
PROVISIONAL_FRM_NUMBER_028,,Abouré,abu,Variété locale de marché à confirmer,NUMBER_0_100,Lecture isolée d’un nombre pour une quantité ou un montant; l’unité et le contexte doivent être ajoutés.,MEDIUM,vingt-huit,vingt-huit,,,DRAFT,true,,,NON_TESTE,
PROVISIONAL_FRM_NUMBER_029,,Abouré,abu,Variété locale de marché à confirmer,NUMBER_0_100,Lecture isolée d’un nombre pour une quantité ou un montant; l’unité et le contexte doivent être ajoutés.,MEDIUM,vingt-neuf,vingt-neuf,,,DRAFT,true,,,NON_TESTE,
PROVISIONAL_FRM_NUMBER_030,,Abouré,abu,Variété locale de marché à confirmer,NUMBER_0_100,Lecture isolée d’un nombre pour une quantité ou un montant; l’unité et le contexte doivent être ajoutés.,MEDIUM,trente,trente,,,DRAFT,true,,,NON_TESTE,
PROVISIONAL_FRM_NUMBER_031,,Abouré,abu,Variété locale de marché à confirmer,NUMBER_0_100,Lecture isolée d’un nombre pour une quantité ou un montant; l’unité et le contexte doivent être ajoutés.,MEDIUM,trente et un,trente et un,,,DRAFT,true,,,NON_TESTE,
PROVISIONAL_FRM_NUMBER_032,,Abouré,abu,Variété locale de marché à confirmer,NUMBER_0_100,Lecture isolée d’un nombre pour une quantité ou un montant; l’unité et le contexte doivent être ajoutés.,MEDIUM,trente-deux,trente-deux,,,DRAFT,true,,,NON_TESTE,
PROVISIONAL_FRM_NUMBER_033,,Abouré,abu,Variété locale de marché à confirmer,NUMBER_0_100,Lecture isolée d’un nombre pour une quantité ou un montant; l’unité et le contexte doivent être ajoutés.,MEDIUM,trente-trois,trente-trois,,,DRAFT,true,,,NON_TESTE,
PROVISIONAL_FRM_NUMBER_034,,Abouré,abu,Variété locale de marché à confirmer,NUMBER_0_100,Lecture isolée d’un nombre pour une quantité ou un montant; l’unité et le contexte doivent être ajoutés.,MEDIUM,trente-quatre,trente-quatre,,,DRAFT,true,,,NON_TESTE,
PROVISIONAL_FRM_NUMBER_035,,Abouré,abu,Variété locale de marché à confirmer,NUMBER_0_100,Lecture isolée d’un nombre pour une quantité ou un montant; l’unité et le contexte doivent être ajoutés.,MEDIUM,trente-cinq,trente-cinq,,,DRAFT,true,,,NON_TESTE,
PROVISIONAL_FRM_NUMBER_036,,Abouré,abu,Variété locale de marché à confirmer,NUMBER_0_100,Lecture isolée d’un nombre pour une quantité ou un montant; l’unité et le contexte doivent être ajoutés.,MEDIUM,trente-six,trente-six,,,DRAFT,true,,,NON_TESTE,
PROVISIONAL_FRM_NUMBER_037,,Abouré,abu,Variété locale de marché à confirmer,NUMBER_0_100,Lecture isolée d’un nombre pour une quantité ou un montant; l’unité et le contexte doivent être ajoutés.,MEDIUM,trente-sept,trente-sept,,,DRAFT,true,,,NON_TESTE,
PROVISIONAL_FRM_NUMBER_038,,Abouré,abu,Variété locale de marché à confirmer,NUMBER_0_100,Lecture isolée d’un nombre pour une quantité ou un montant; l’unité et le contexte doivent être ajoutés.,MEDIUM,trente-huit,trente-huit,,,DRAFT,true,,,NON_TESTE,
PROVISIONAL_FRM_NUMBER_039,,Abouré,abu,Variété locale de marché à confirmer,NUMBER_0_100,Lecture isolée d’un nombre pour une quantité ou un montant; l’unité et le contexte doivent être ajoutés.,MEDIUM,trente-neuf,trente-neuf,,,DRAFT,true,,,NON_TESTE,
PROVISIONAL_FRM_NUMBER_040,,Abouré,abu,Variété locale de marché à confirmer,NUMBER_0_100,Lecture isolée d’un nombre pour une quantité ou un montant; l’unité et le contexte doivent être ajoutés.,MEDIUM,quarante,quarante,,,DRAFT,true,,,NON_TESTE,
PROVISIONAL_FRM_NUMBER_041,,Abouré,abu,Variété locale de marché à confirmer,NUMBER_0_100,Lecture isolée d’un nombre pour une quantité ou un montant; l’unité et le contexte doivent être ajoutés.,MEDIUM,quarante et un,quarante et un,,,DRAFT,true,,,NON_TESTE,
PROVISIONAL_FRM_NUMBER_042,,Abouré,abu,Variété locale de marché à confirmer,NUMBER_0_100,Lecture isolée d’un nombre pour une quantité ou un montant; l’unité et le contexte doivent être ajoutés.,MEDIUM,quarante-deux,quarante-deux,,,DRAFT,true,,,NON_TESTE,
PROVISIONAL_FRM_NUMBER_043,,Abouré,abu,Variété locale de marché à confirmer,NUMBER_0_100,Lecture isolée d’un nombre pour une quantité ou un montant; l’unité et le contexte doivent être ajoutés.,MEDIUM,quarante-trois,quarante-trois,,,DRAFT,true,,,NON_TESTE,
PROVISIONAL_FRM_NUMBER_044,,Abouré,abu,Variété locale de marché à confirmer,NUMBER_0_100,Lecture isolée d’un nombre pour une quantité ou un montant; l’unité et le contexte doivent être ajoutés.,MEDIUM,quarante-quatre,quarante-quatre,,,DRAFT,true,,,NON_TESTE,
PROVISIONAL_FRM_NUMBER_045,,Abouré,abu,Variété locale de marché à confirmer,NUMBER_0_100,Lecture isolée d’un nombre pour une quantité ou un montant; l’unité et le contexte doivent être ajoutés.,MEDIUM,quarante-cinq,quarante-cinq,,,DRAFT,true,,,NON_TESTE,
PROVISIONAL_FRM_NUMBER_046,,Abouré,abu,Variété locale de marché à confirmer,NUMBER_0_100,Lecture isolée d’un nombre pour une quantité ou un montant; l’unité et le contexte doivent être ajoutés.,MEDIUM,quarante-six,quarante-six,,,DRAFT,true,,,NON_TESTE,
PROVISIONAL_FRM_NUMBER_047,,Abouré,abu,Variété locale de marché à confirmer,NUMBER_0_100,Lecture isolée d’un nombre pour une quantité ou un montant; l’unité et le contexte doivent être ajoutés.,MEDIUM,quarante-sept,quarante-sept,,,DRAFT,true,,,NON_TESTE,
PROVISIONAL_FRM_NUMBER_048,,Abouré,abu,Variété locale de marché à confirmer,NUMBER_0_100,Lecture isolée d’un nombre pour une quantité ou un montant; l’unité et le contexte doivent être ajoutés.,MEDIUM,quarante-huit,quarante-huit,,,DRAFT,true,,,NON_TESTE,
PROVISIONAL_FRM_NUMBER_049,,Abouré,abu,Variété locale de marché à confirmer,NUMBER_0_100,Lecture isolée d’un nombre pour une quantité ou un montant; l’unité et le contexte doivent être ajoutés.,MEDIUM,quarante-neuf,quarante-neuf,,,DRAFT,true,,,NON_TESTE,
PROVISIONAL_FRM_NUMBER_050,,Abouré,abu,Variété locale de marché à confirmer,NUMBER_0_100,Lecture isolée d’un nombre pour une quantité ou un montant; l’unité et le contexte doivent être ajoutés.,MEDIUM,cinquante,cinquante,,,DRAFT,true,,,NON_TESTE,
PROVISIONAL_FRM_NUMBER_051,,Abouré,abu,Variété locale de marché à confirmer,NUMBER_0_100,Lecture isolée d’un nombre pour une quantité ou un montant; l’unité et le contexte doivent être ajoutés.,MEDIUM,cinquante et un,cinquante et un,,,DRAFT,true,,,NON_TESTE,
PROVISIONAL_FRM_NUMBER_052,,Abouré,abu,Variété locale de marché à confirmer,NUMBER_0_100,Lecture isolée d’un nombre pour une quantité ou un montant; l’unité et le contexte doivent être ajoutés.,MEDIUM,cinquante-deux,cinquante-deux,,,DRAFT,true,,,NON_TESTE,
PROVISIONAL_FRM_NUMBER_053,,Abouré,abu,Variété locale de marché à confirmer,NUMBER_0_100,Lecture isolée d’un nombre pour une quantité ou un montant; l’unité et le contexte doivent être ajoutés.,MEDIUM,cinquante-trois,cinquante-trois,,,DRAFT,true,,,NON_TESTE,
PROVISIONAL_FRM_NUMBER_054,,Abouré,abu,Variété locale de marché à confirmer,NUMBER_0_100,Lecture isolée d’un nombre pour une quantité ou un montant; l’unité et le contexte doivent être ajoutés.,MEDIUM,cinquante-quatre,cinquante-quatre,,,DRAFT,true,,,NON_TESTE,
PROVISIONAL_FRM_NUMBER_055,,Abouré,abu,Variété locale de marché à confirmer,NUMBER_0_100,Lecture isolée d’un nombre pour une quantité ou un montant; l’unité et le contexte doivent être ajoutés.,MEDIUM,cinquante-cinq,cinquante-cinq,,,DRAFT,true,,,NON_TESTE,
PROVISIONAL_FRM_NUMBER_056,,Abouré,abu,Variété locale de marché à confirmer,NUMBER_0_100,Lecture isolée d’un nombre pour une quantité ou un montant; l’unité et le contexte doivent être ajoutés.,MEDIUM,cinquante-six,cinquante-six,,,DRAFT,true,,,NON_TESTE,
PROVISIONAL_FRM_NUMBER_057,,Abouré,abu,Variété locale de marché à confirmer,NUMBER_0_100,Lecture isolée d’un nombre pour une quantité ou un montant; l’unité et le contexte doivent être ajoutés.,MEDIUM,cinquante-sept,cinquante-sept,,,DRAFT,true,,,NON_TESTE,
PROVISIONAL_FRM_NUMBER_058,,Abouré,abu,Variété locale de marché à confirmer,NUMBER_0_100,Lecture isolée d’un nombre pour une quantité ou un montant; l’unité et le contexte doivent être ajoutés.,MEDIUM,cinquante-huit,cinquante-huit,,,DRAFT,true,,,NON_TESTE,
PROVISIONAL_FRM_NUMBER_059,,Abouré,abu,Variété locale de marché à confirmer,NUMBER_0_100,Lecture isolée d’un nombre pour une quantité ou un montant; l’unité et le contexte doivent être ajoutés.,MEDIUM,cinquante-neuf,cinquante-neuf,,,DRAFT,true,,,NON_TESTE,
PROVISIONAL_FRM_NUMBER_060,,Abouré,abu,Variété locale de marché à confirmer,NUMBER_0_100,Lecture isolée d’un nombre pour une quantité ou un montant; l’unité et le contexte doivent être ajoutés.,MEDIUM,soixante,soixante,,,DRAFT,true,,,NON_TESTE,
PROVISIONAL_FRM_NUMBER_061,,Abouré,abu,Variété locale de marché à confirmer,NUMBER_0_100,Lecture isolée d’un nombre pour une quantité ou un montant; l’unité et le contexte doivent être ajoutés.,MEDIUM,soixante et un,soixante et un,,,DRAFT,true,,,NON_TESTE,
PROVISIONAL_FRM_NUMBER_062,,Abouré,abu,Variété locale de marché à confirmer,NUMBER_0_100,Lecture isolée d’un nombre pour une quantité ou un montant; l’unité et le contexte doivent être ajoutés.,MEDIUM,soixante-deux,soixante-deux,,,DRAFT,true,,,NON_TESTE,
PROVISIONAL_FRM_NUMBER_063,,Abouré,abu,Variété locale de marché à confirmer,NUMBER_0_100,Lecture isolée d’un nombre pour une quantité ou un montant; l’unité et le contexte doivent être ajoutés.,MEDIUM,soixante-trois,soixante-trois,,,DRAFT,true,,,NON_TESTE,
PROVISIONAL_FRM_NUMBER_064,,Abouré,abu,Variété locale de marché à confirmer,NUMBER_0_100,Lecture isolée d’un nombre pour une quantité ou un montant; l’unité et le contexte doivent être ajoutés.,MEDIUM,soixante-quatre,soixante-quatre,,,DRAFT,true,,,NON_TESTE,
PROVISIONAL_FRM_NUMBER_065,,Abouré,abu,Variété locale de marché à confirmer,NUMBER_0_100,Lecture isolée d’un nombre pour une quantité ou un montant; l’unité et le contexte doivent être ajoutés.,MEDIUM,soixante-cinq,soixante-cinq,,,DRAFT,true,,,NON_TESTE,
PROVISIONAL_FRM_NUMBER_066,,Abouré,abu,Variété locale de marché à confirmer,NUMBER_0_100,Lecture isolée d’un nombre pour une quantité ou un montant; l’unité et le contexte doivent être ajoutés.,MEDIUM,soixante-six,soixante-six,,,DRAFT,true,,,NON_TESTE,
PROVISIONAL_FRM_NUMBER_067,,Abouré,abu,Variété locale de marché à confirmer,NUMBER_0_100,Lecture isolée d’un nombre pour une quantité ou un montant; l’unité et le contexte doivent être ajoutés.,MEDIUM,soixante-sept,soixante-sept,,,DRAFT,true,,,NON_TESTE,
PROVISIONAL_FRM_NUMBER_068,,Abouré,abu,Variété locale de marché à confirmer,NUMBER_0_100,Lecture isolée d’un nombre pour une quantité ou un montant; l’unité et le contexte doivent être ajoutés.,MEDIUM,soixante-huit,soixante-huit,,,DRAFT,true,,,NON_TESTE,
PROVISIONAL_FRM_NUMBER_069,,Abouré,abu,Variété locale de marché à confirmer,NUMBER_0_100,Lecture isolée d’un nombre pour une quantité ou un montant; l’unité et le contexte doivent être ajoutés.,MEDIUM,soixante-neuf,soixante-neuf,,,DRAFT,true,,,NON_TESTE,
PROVISIONAL_FRM_NUMBER_070,,Abouré,abu,Variété locale de marché à confirmer,NUMBER_0_100,Lecture isolée d’un nombre pour une quantité ou un montant; l’unité et le contexte doivent être ajoutés.,MEDIUM,soixante-dix,soixante-dix,,,DRAFT,true,,,NON_TESTE,
PROVISIONAL_FRM_NUMBER_071,,Abouré,abu,Variété locale de marché à confirmer,NUMBER_0_100,Lecture isolée d’un nombre pour une quantité ou un montant; l’unité et le contexte doivent être ajoutés.,MEDIUM,soixante et onze,soixante et onze,,,DRAFT,true,,,NON_TESTE,
PROVISIONAL_FRM_NUMBER_072,,Abouré,abu,Variété locale de marché à confirmer,NUMBER_0_100,Lecture isolée d’un nombre pour une quantité ou un montant; l’unité et le contexte doivent être ajoutés.,MEDIUM,soixante-douze,soixante-douze,,,DRAFT,true,,,NON_TESTE,
PROVISIONAL_FRM_NUMBER_073,,Abouré,abu,Variété locale de marché à confirmer,NUMBER_0_100,Lecture isolée d’un nombre pour une quantité ou un montant; l’unité et le contexte doivent être ajoutés.,MEDIUM,soixante-treize,soixante-treize,,,DRAFT,true,,,NON_TESTE,
PROVISIONAL_FRM_NUMBER_074,,Abouré,abu,Variété locale de marché à confirmer,NUMBER_0_100,Lecture isolée d’un nombre pour une quantité ou un montant; l’unité et le contexte doivent être ajoutés.,MEDIUM,soixante-quatorze,soixante-quatorze,,,DRAFT,true,,,NON_TESTE,
PROVISIONAL_FRM_NUMBER_075,,Abouré,abu,Variété locale de marché à confirmer,NUMBER_0_100,Lecture isolée d’un nombre pour une quantité ou un montant; l’unité et le contexte doivent être ajoutés.,MEDIUM,soixante-quinze,soixante-quinze,,,DRAFT,true,,,NON_TESTE,
PROVISIONAL_FRM_NUMBER_076,,Abouré,abu,Variété locale de marché à confirmer,NUMBER_0_100,Lecture isolée d’un nombre pour une quantité ou un montant; l’unité et le contexte doivent être ajoutés.,MEDIUM,soixante-seize,soixante-seize,,,DRAFT,true,,,NON_TESTE,
PROVISIONAL_FRM_NUMBER_077,,Abouré,abu,Variété locale de marché à confirmer,NUMBER_0_100,Lecture isolée d’un nombre pour une quantité ou un montant; l’unité et le contexte doivent être ajoutés.,MEDIUM,soixante-dix-sept,soixante-dix-sept,,,DRAFT,true,,,NON_TESTE,
PROVISIONAL_FRM_NUMBER_078,,Abouré,abu,Variété locale de marché à confirmer,NUMBER_0_100,Lecture isolée d’un nombre pour une quantité ou un montant; l’unité et le contexte doivent être ajoutés.,MEDIUM,soixante-dix-huit,soixante-dix-huit,,,DRAFT,true,,,NON_TESTE,
PROVISIONAL_FRM_NUMBER_079,,Abouré,abu,Variété locale de marché à confirmer,NUMBER_0_100,Lecture isolée d’un nombre pour une quantité ou un montant; l’unité et le contexte doivent être ajoutés.,MEDIUM,soixante-dix-neuf,soixante-dix-neuf,,,DRAFT,true,,,NON_TESTE,
PROVISIONAL_FRM_NUMBER_080,,Abouré,abu,Variété locale de marché à confirmer,NUMBER_0_100,Lecture isolée d’un nombre pour une quantité ou un montant; l’unité et le contexte doivent être ajoutés.,MEDIUM,quatre-vingts,quatre-vingts,,,DRAFT,true,,,NON_TESTE,
PROVISIONAL_FRM_NUMBER_081,,Abouré,abu,Variété locale de marché à confirmer,NUMBER_0_100,Lecture isolée d’un nombre pour une quantité ou un montant; l’unité et le contexte doivent être ajoutés.,MEDIUM,quatre-vingt-un,quatre-vingt-un,,,DRAFT,true,,,NON_TESTE,
PROVISIONAL_FRM_NUMBER_082,,Abouré,abu,Variété locale de marché à confirmer,NUMBER_0_100,Lecture isolée d’un nombre pour une quantité ou un montant; l’unité et le contexte doivent être ajoutés.,MEDIUM,quatre-vingt-deux,quatre-vingt-deux,,,DRAFT,true,,,NON_TESTE,
PROVISIONAL_FRM_NUMBER_083,,Abouré,abu,Variété locale de marché à confirmer,NUMBER_0_100,Lecture isolée d’un nombre pour une quantité ou un montant; l’unité et le contexte doivent être ajoutés.,MEDIUM,quatre-vingt-trois,quatre-vingt-trois,,,DRAFT,true,,,NON_TESTE,
PROVISIONAL_FRM_NUMBER_084,,Abouré,abu,Variété locale de marché à confirmer,NUMBER_0_100,Lecture isolée d’un nombre pour une quantité ou un montant; l’unité et le contexte doivent être ajoutés.,MEDIUM,quatre-vingt-quatre,quatre-vingt-quatre,,,DRAFT,true,,,NON_TESTE,
PROVISIONAL_FRM_NUMBER_085,,Abouré,abu,Variété locale de marché à confirmer,NUMBER_0_100,Lecture isolée d’un nombre pour une quantité ou un montant; l’unité et le contexte doivent être ajoutés.,MEDIUM,quatre-vingt-cinq,quatre-vingt-cinq,,,DRAFT,true,,,NON_TESTE,
PROVISIONAL_FRM_NUMBER_086,,Abouré,abu,Variété locale de marché à confirmer,NUMBER_0_100,Lecture isolée d’un nombre pour une quantité ou un montant; l’unité et le contexte doivent être ajoutés.,MEDIUM,quatre-vingt-six,quatre-vingt-six,,,DRAFT,true,,,NON_TESTE,
PROVISIONAL_FRM_NUMBER_087,,Abouré,abu,Variété locale de marché à confirmer,NUMBER_0_100,Lecture isolée d’un nombre pour une quantité ou un montant; l’unité et le contexte doivent être ajoutés.,MEDIUM,quatre-vingt-sept,quatre-vingt-sept,,,DRAFT,true,,,NON_TESTE,
PROVISIONAL_FRM_NUMBER_088,,Abouré,abu,Variété locale de marché à confirmer,NUMBER_0_100,Lecture isolée d’un nombre pour une quantité ou un montant; l’unité et le contexte doivent être ajoutés.,MEDIUM,quatre-vingt-huit,quatre-vingt-huit,,,DRAFT,true,,,NON_TESTE,
PROVISIONAL_FRM_NUMBER_089,,Abouré,abu,Variété locale de marché à confirmer,NUMBER_0_100,Lecture isolée d’un nombre pour une quantité ou un montant; l’unité et le contexte doivent être ajoutés.,MEDIUM,quatre-vingt-neuf,quatre-vingt-neuf,,,DRAFT,true,,,NON_TESTE,
PROVISIONAL_FRM_NUMBER_090,,Abouré,abu,Variété locale de marché à confirmer,NUMBER_0_100,Lecture isolée d’un nombre pour une quantité ou un montant; l’unité et le contexte doivent être ajoutés.,MEDIUM,quatre-vingt-dix,quatre-vingt-dix,,,DRAFT,true,,,NON_TESTE,
PROVISIONAL_FRM_NUMBER_091,,Abouré,abu,Variété locale de marché à confirmer,NUMBER_0_100,Lecture isolée d’un nombre pour une quantité ou un montant; l’unité et le contexte doivent être ajoutés.,MEDIUM,quatre-vingt-onze,quatre-vingt-onze,,,DRAFT,true,,,NON_TESTE,
PROVISIONAL_FRM_NUMBER_092,,Abouré,abu,Variété locale de marché à confirmer,NUMBER_0_100,Lecture isolée d’un nombre pour une quantité ou un montant; l’unité et le contexte doivent être ajoutés.,MEDIUM,quatre-vingt-douze,quatre-vingt-douze,,,DRAFT,true,,,NON_TESTE,
PROVISIONAL_FRM_NUMBER_093,,Abouré,abu,Variété locale de marché à confirmer,NUMBER_0_100,Lecture isolée d’un nombre pour une quantité ou un montant; l’unité et le contexte doivent être ajoutés.,MEDIUM,quatre-vingt-treize,quatre-vingt-treize,,,DRAFT,true,,,NON_TESTE,
PROVISIONAL_FRM_NUMBER_094,,Abouré,abu,Variété locale de marché à confirmer,NUMBER_0_100,Lecture isolée d’un nombre pour une quantité ou un montant; l’unité et le contexte doivent être ajoutés.,MEDIUM,quatre-vingt-quatorze,quatre-vingt-quatorze,,,DRAFT,true,,,NON_TESTE,
PROVISIONAL_FRM_NUMBER_095,,Abouré,abu,Variété locale de marché à confirmer,NUMBER_0_100,Lecture isolée d’un nombre pour une quantité ou un montant; l’unité et le contexte doivent être ajoutés.,MEDIUM,quatre-vingt-quinze,quatre-vingt-quinze,,,DRAFT,true,,,NON_TESTE,
PROVISIONAL_FRM_NUMBER_096,,Abouré,abu,Variété locale de marché à confirmer,NUMBER_0_100,Lecture isolée d’un nombre pour une quantité ou un montant; l’unité et le contexte doivent être ajoutés.,MEDIUM,quatre-vingt-seize,quatre-vingt-seize,,,DRAFT,true,,,NON_TESTE,
PROVISIONAL_FRM_NUMBER_097,,Abouré,abu,Variété locale de marché à confirmer,NUMBER_0_100,Lecture isolée d’un nombre pour une quantité ou un montant; l’unité et le contexte doivent être ajoutés.,MEDIUM,quatre-vingt-dix-sept,quatre-vingt-dix-sept,,,DRAFT,true,,,NON_TESTE,
PROVISIONAL_FRM_NUMBER_098,,Abouré,abu,Variété locale de marché à confirmer,NUMBER_0_100,Lecture isolée d’un nombre pour une quantité ou un montant; l’unité et le contexte doivent être ajoutés.,MEDIUM,quatre-vingt-dix-huit,quatre-vingt-dix-huit,,,DRAFT,true,,,NON_TESTE,
PROVISIONAL_FRM_NUMBER_099,,Abouré,abu,Variété locale de marché à confirmer,NUMBER_0_100,Lecture isolée d’un nombre pour une quantité ou un montant; l’unité et le contexte doivent être ajoutés.,MEDIUM,quatre-vingt-dix-neuf,quatre-vingt-dix-neuf,,,DRAFT,true,,,NON_TESTE,
PROVISIONAL_FRM_NUMBER_100,,Abouré,abu,Variété locale de marché à confirmer,NUMBER_0_100,Lecture isolée d’un nombre pour une quantité ou un montant; l’unité et le contexte doivent être ajoutés.,MEDIUM,cent,cent,,,DRAFT,true,,,NON_TESTE,
PROVISIONAL_FRM_NUMBER_HUNDRED_200,,Abouré,abu,Variété locale de marché à confirmer,NUMBER_HUNDREDS,Lecture isolée d’une centaine ou de mille; l’unité et le contexte doivent être ajoutés.,MEDIUM,deux cents,deux cents,,,DRAFT,true,,,NON_TESTE,
PROVISIONAL_FRM_NUMBER_HUNDRED_300,,Abouré,abu,Variété locale de marché à confirmer,NUMBER_HUNDREDS,Lecture isolée d’une centaine ou de mille; l’unité et le contexte doivent être ajoutés.,MEDIUM,trois cents,trois cents,,,DRAFT,true,,,NON_TESTE,
PROVISIONAL_FRM_NUMBER_HUNDRED_400,,Abouré,abu,Variété locale de marché à confirmer,NUMBER_HUNDREDS,Lecture isolée d’une centaine ou de mille; l’unité et le contexte doivent être ajoutés.,MEDIUM,quatre cents,quatre cents,,,DRAFT,true,,,NON_TESTE,
PROVISIONAL_FRM_NUMBER_HUNDRED_500,,Abouré,abu,Variété locale de marché à confirmer,NUMBER_HUNDREDS,Lecture isolée d’une centaine ou de mille; l’unité et le contexte doivent être ajoutés.,MEDIUM,cinq cents,cinq cents,,,DRAFT,true,,,NON_TESTE,
PROVISIONAL_FRM_NUMBER_HUNDRED_600,,Abouré,abu,Variété locale de marché à confirmer,NUMBER_HUNDREDS,Lecture isolée d’une centaine ou de mille; l’unité et le contexte doivent être ajoutés.,MEDIUM,six cents,six cents,,,DRAFT,true,,,NON_TESTE,
PROVISIONAL_FRM_NUMBER_HUNDRED_700,,Abouré,abu,Variété locale de marché à confirmer,NUMBER_HUNDREDS,Lecture isolée d’une centaine ou de mille; l’unité et le contexte doivent être ajoutés.,MEDIUM,sept cents,sept cents,,,DRAFT,true,,,NON_TESTE,
PROVISIONAL_FRM_NUMBER_HUNDRED_800,,Abouré,abu,Variété locale de marché à confirmer,NUMBER_HUNDREDS,Lecture isolée d’une centaine ou de mille; l’unité et le contexte doivent être ajoutés.,MEDIUM,huit cents,huit cents,,,DRAFT,true,,,NON_TESTE,
PROVISIONAL_FRM_NUMBER_HUNDRED_900,,Abouré,abu,Variété locale de marché à confirmer,NUMBER_HUNDREDS,Lecture isolée d’une centaine ou de mille; l’unité et le contexte doivent être ajoutés.,MEDIUM,neuf cents,neuf cents,,,DRAFT,true,,,NON_TESTE,
PROVISIONAL_FRM_NUMBER_THOUSAND_1000,,Abouré,abu,Variété locale de marché à confirmer,NUMBER_THOUSAND,Lecture isolée d’une centaine ou de mille; l’unité et le contexte doivent être ajoutés.,MEDIUM,mille,mille,,,DRAFT,true,,,NON_TESTE,
PROVISIONAL_FRM_UNIT_01_UNITE,,Abouré,abu,Variété locale de marché à confirmer,UNIT,Unité de vente orale.,LOW,unité,à l’unité,,,DRAFT,true,,,NON_TESTE,
PROVISIONAL_FRM_UNIT_02_TAS,,Abouré,abu,Variété locale de marché à confirmer,UNIT,Unité de vente orale.,LOW,tas,tas,,,DRAFT,true,,,NON_TESTE,
PROVISIONAL_FRM_UNIT_03_SAC,,Abouré,abu,Variété locale de marché à confirmer,UNIT,Unité de vente orale.,LOW,sac,sac,,,DRAFT,true,,,NON_TESTE,
PROVISIONAL_FRM_UNIT_04_KILO,,Abouré,abu,Variété locale de marché à confirmer,UNIT,Unité de vente orale.,LOW,kilo,kilo,,,DRAFT,true,,,NON_TESTE,
PROVISIONAL_FRM_UNIT_05_BOTTE,,Abouré,abu,Variété locale de marché à confirmer,UNIT,Unité de vente orale.,LOW,botte,botte,,,DRAFT,true,,,NON_TESTE,
PROVISIONAL_FRM_UNIT_06_BIDON,,Abouré,abu,Variété locale de marché à confirmer,UNIT,Unité de vente orale.,LOW,bidon,bidon,,,DRAFT,true,,,NON_TESTE,
PROVISIONAL_FRM_UNIT_07_SACHET,,Abouré,abu,Variété locale de marché à confirmer,UNIT,Unité de vente orale.,LOW,sachet,sachet,,,DRAFT,true,,,NON_TESTE,
PROVISIONAL_FRM_UNIT_08_PAQUET,,Abouré,abu,Variété locale de marché à confirmer,UNIT,Unité de vente orale.,LOW,paquet,paquet,,,DRAFT,true,,,NON_TESTE,
PROVISIONAL_FRM_UNIT_09_MORCEAU,,Abouré,abu,Variété locale de marché à confirmer,UNIT,Unité de vente orale.,LOW,morceau,morceau,,,DRAFT,true,,,NON_TESTE,
PROVISIONAL_FRM_UNIT_10_LITRE,,Abouré,abu,Variété locale de marché à confirmer,UNIT,Unité de vente orale.,LOW,litre,litre,,,DRAFT,true,,,NON_TESTE,
PROVISIONAL_FRM_UNIT_11_REGIME,,Abouré,abu,Variété locale de marché à confirmer,UNIT,Unité de vente orale.,LOW,régime,régime,,,DRAFT,true,,,NON_TESTE,
PROVISIONAL_FRM_UNIT_12_CARTON,,Abouré,abu,Variété locale de marché à confirmer,UNIT,Unité de vente orale.,LOW,carton,carton,,,DRAFT,true,,,NON_TESTE,
PROVISIONAL_FRM_UNIT_13_CAISSE,,Abouré,abu,Variété locale de marché à confirmer,UNIT,Unité de vente orale.,LOW,caisse,caisse,,,DRAFT,true,,,NON_TESTE,
PROVISIONAL_FRM_UNIT_14_BOUTEILLE,,Abouré,abu,Variété locale de marché à confirmer,UNIT,Unité de vente orale.,LOW,bouteille,bouteille,,,DRAFT,true,,,NON_TESTE,
PROVISIONAL_FRM_UNIT_15_PANIER,,Abouré,abu,Variété locale de marché à confirmer,UNIT,Unité de vente orale.,LOW,panier,panier,,,DRAFT,true,,,NON_TESTE,
PROVISIONAL_FRM_UNIT_16_FRANC,,Abouré,abu,Variété locale de marché à confirmer,UNIT,Dénomination monétaire orale; à associer à un nombre et au contexte.,HIGH,franc,franc,,,DRAFT,true,,,NON_TESTE,
PROVISIONAL_FRM_UNIT_17_FCFA,,Abouré,abu,Variété locale de marché à confirmer,UNIT,Dénomination monétaire orale; à associer à un nombre et au contexte.,HIGH,FCFA,franc CFA,,,DRAFT,true,,,NON_TESTE,
PROVISIONAL_FRM_PRODUCT_01_TOMATE,,Abouré,abu,Variété locale de marché à confirmer,PRODUCT,Nom de produit à annoncer ou saisir dans une vente; aucun identifiant produit métier n’est créé.,LOW,tomate,tomate,,,DRAFT,true,,,NON_TESTE,
PROVISIONAL_FRM_PRODUCT_02_PIMENT,,Abouré,abu,Variété locale de marché à confirmer,PRODUCT,Nom de produit à annoncer ou saisir dans une vente; aucun identifiant produit métier n’est créé.,LOW,piment,piment,,,DRAFT,true,,,NON_TESTE,
PROVISIONAL_FRM_PRODUCT_03_GOMBO,,Abouré,abu,Variété locale de marché à confirmer,PRODUCT,Nom de produit à annoncer ou saisir dans une vente; aucun identifiant produit métier n’est créé.,LOW,gombo,gombo,,,DRAFT,true,,,NON_TESTE,
PROVISIONAL_FRM_PRODUCT_04_ATTIEKE,,Abouré,abu,Variété locale de marché à confirmer,PRODUCT,Nom de produit à annoncer ou saisir dans une vente; aucun identifiant produit métier n’est créé.,LOW,attiéké,attiéké,,,DRAFT,true,,,NON_TESTE,
PROVISIONAL_FRM_PRODUCT_05_BANANE,,Abouré,abu,Variété locale de marché à confirmer,PRODUCT,Nom de produit à annoncer ou saisir dans une vente; aucun identifiant produit métier n’est créé.,LOW,banane,banane,,,DRAFT,true,,,NON_TESTE,
PROVISIONAL_FRM_PRODUCT_06_PLANTAIN,,Abouré,abu,Variété locale de marché à confirmer,PRODUCT,Nom de produit à annoncer ou saisir dans une vente; aucun identifiant produit métier n’est créé.,LOW,plantain,plantain,,,DRAFT,true,,,NON_TESTE,
PROVISIONAL_FRM_PRODUCT_07_IGNAME,,Abouré,abu,Variété locale de marché à confirmer,PRODUCT,Nom de produit à annoncer ou saisir dans une vente; aucun identifiant produit métier n’est créé.,LOW,igname,igname,,,DRAFT,true,,,NON_TESTE,
PROVISIONAL_FRM_PRODUCT_08_MANIOC,,Abouré,abu,Variété locale de marché à confirmer,PRODUCT,Nom de produit à annoncer ou saisir dans une vente; aucun identifiant produit métier n’est créé.,LOW,manioc,manioc,,,DRAFT,true,,,NON_TESTE,
PROVISIONAL_FRM_PRODUCT_09_AUBERGINE,,Abouré,abu,Variété locale de marché à confirmer,PRODUCT,Nom de produit à annoncer ou saisir dans une vente; aucun identifiant produit métier n’est créé.,LOW,aubergine,aubergine,,,DRAFT,true,,,NON_TESTE,
PROVISIONAL_FRM_PRODUCT_10_OIGNON,,Abouré,abu,Variété locale de marché à confirmer,PRODUCT,Nom de produit à annoncer ou saisir dans une vente; aucun identifiant produit métier n’est créé.,LOW,oignon,oignon,,,DRAFT,true,,,NON_TESTE,
PROVISIONAL_FRM_PRODUCT_11_AIL,,Abouré,abu,Variété locale de marché à confirmer,PRODUCT,Nom de produit à annoncer ou saisir dans une vente; aucun identifiant produit métier n’est créé.,LOW,ail,ail,,,DRAFT,true,,,NON_TESTE,
PROVISIONAL_FRM_PRODUCT_12_POISSON,,Abouré,abu,Variété locale de marché à confirmer,PRODUCT,Nom de produit à annoncer ou saisir dans une vente; aucun identifiant produit métier n’est créé.,LOW,poisson,poisson,,,DRAFT,true,,,NON_TESTE,
PROVISIONAL_FRM_PRODUCT_13_VIANDE,,Abouré,abu,Variété locale de marché à confirmer,PRODUCT,Nom de produit à annoncer ou saisir dans une vente; aucun identifiant produit métier n’est créé.,LOW,viande,viande,,,DRAFT,true,,,NON_TESTE,
PROVISIONAL_FRM_PRODUCT_14_POULET,,Abouré,abu,Variété locale de marché à confirmer,PRODUCT,Nom de produit à annoncer ou saisir dans une vente; aucun identifiant produit métier n’est créé.,LOW,poulet,poulet,,,DRAFT,true,,,NON_TESTE,
PROVISIONAL_FRM_PRODUCT_15_HUILE,,Abouré,abu,Variété locale de marché à confirmer,PRODUCT,Nom de produit à annoncer ou saisir dans une vente; aucun identifiant produit métier n’est créé.,LOW,huile,huile,,,DRAFT,true,,,NON_TESTE,
PROVISIONAL_FRM_PRODUCT_16_SEL,,Abouré,abu,Variété locale de marché à confirmer,PRODUCT,Nom de produit à annoncer ou saisir dans une vente; aucun identifiant produit métier n’est créé.,LOW,sel,sel,,,DRAFT,true,,,NON_TESTE,
PROVISIONAL_FRM_PRODUCT_17_SUCRE,,Abouré,abu,Variété locale de marché à confirmer,PRODUCT,Nom de produit à annoncer ou saisir dans une vente; aucun identifiant produit métier n’est créé.,LOW,sucre,sucre,,,DRAFT,true,,,NON_TESTE,
PROVISIONAL_FRM_PRODUCT_18_RIZ,,Abouré,abu,Variété locale de marché à confirmer,PRODUCT,Nom de produit à annoncer ou saisir dans une vente; aucun identifiant produit métier n’est créé.,LOW,riz,riz,,,DRAFT,true,,,NON_TESTE,
PROVISIONAL_FRM_PRODUCT_19_HARICOT,,Abouré,abu,Variété locale de marché à confirmer,PRODUCT,Nom de produit à annoncer ou saisir dans une vente; aucun identifiant produit métier n’est créé.,LOW,haricot,haricot,,,DRAFT,true,,,NON_TESTE,
PROVISIONAL_FRM_PRODUCT_20_MAIS,,Abouré,abu,Variété locale de marché à confirmer,PRODUCT,Nom de produit à annoncer ou saisir dans une vente; aucun identifiant produit métier n’est créé.,LOW,maïs,maïs,,,DRAFT,true,,,NON_TESTE,
PROVISIONAL_FRM_PRODUCT_21_FOUTOU,,Abouré,abu,Variété locale de marché à confirmer,PRODUCT,Nom de produit à annoncer ou saisir dans une vente; aucun identifiant produit métier n’est créé.,LOW,foutou,foutou,,,DRAFT,true,,,NON_TESTE,
PROVISIONAL_FRM_PRODUCT_22_ORANGE,,Abouré,abu,Variété locale de marché à confirmer,PRODUCT,Nom de produit à annoncer ou saisir dans une vente; aucun identifiant produit métier n’est créé.,LOW,orange,orange,,,DRAFT,true,,,NON_TESTE,
PROVISIONAL_FRM_PRODUCT_23_SAVON,,Abouré,abu,Variété locale de marché à confirmer,PRODUCT,Nom de produit à annoncer ou saisir dans une vente; aucun identifiant produit métier n’est créé.,LOW,savon,savon,,,DRAFT,true,,,NON_TESTE,
PROVISIONAL_FRM_PRODUCT_24_FARINE,,Abouré,abu,Variété locale de marché à confirmer,PRODUCT,Nom de produit à annoncer ou saisir dans une vente; aucun identifiant produit métier n’est créé.,LOW,farine,farine,,,DRAFT,true,,,NON_TESTE,
PROVISIONAL_FRM_PRODUCT_25_JUS,,Abouré,abu,Variété locale de marché à confirmer,PRODUCT,Nom de produit à annoncer ou saisir dans une vente; aucun identifiant produit métier n’est créé.,LOW,jus,jus,,,DRAFT,true,,,NON_TESTE,
PROVISIONAL_FRM_PRODUCT_26_LAIT,,Abouré,abu,Variété locale de marché à confirmer,PRODUCT,Nom de produit à annoncer ou saisir dans une vente; aucun identifiant produit métier n’est créé.,LOW,lait,lait,,,DRAFT,true,,,NON_TESTE,
PROVISIONAL_FRM_INTENT_01,,Sénoufo Cebaara (senã́rì),sef,Cebaara — parler de Korhogo (numéraux attestés uniquement),FINANCIAL_PRIORITY_INTENT,Commande orale d’encaissement; elle ne vaut pas confirmation métier du paiement.,CRITICAL,Encaisse.,Encaisse ça.,,,DRAFT,true,,,NON_TESTE,
PROVISIONAL_FRM_INTENT_02,,Sénoufo Cebaara (senã́rì),sef,Cebaara — parler de Korhogo (numéraux attestés uniquement),FINANCIAL_PRIORITY_INTENT,Demande du montant encore dû par une cliente.,CRITICAL,Combien elle doit ?,Elle doit combien ?,,,DRAFT,true,,,NON_TESTE,
PROVISIONAL_FRM_INTENT_03,,Sénoufo Cebaara (senã́rì),sef,Cebaara — parler de Korhogo (numéraux attestés uniquement),FINANCIAL_PRIORITY_INTENT,Accord oral avant une validation; la confirmation métier reste distincte.,CRITICAL,"Oui, valide.","Oui, tu peux valider.",,,DRAFT,true,,,NON_TESTE,
PROVISIONAL_FRM_INTENT_04,,Sénoufo Cebaara (senã́rì),sef,Cebaara — parler de Korhogo (numéraux attestés uniquement),FINANCIAL_PRIORITY_INTENT,Refus ou demande d’annulation avant confirmation métier.,CRITICAL,Non / annule.,"Non, annule.",,,DRAFT,true,,,NON_TESTE,
PROVISIONAL_FRM_INTENT_05,,Sénoufo Cebaara (senã́rì),sef,Cebaara — parler de Korhogo (numéraux attestés uniquement),FINANCIAL_PRIORITY_INTENT,Annonce d’un montant manquant dans le paiement.,CRITICAL,Il manque {montant} francs.,Il manque {montant} francs.,,,DRAFT,true,,,NON_TESTE,
PROVISIONAL_FRM_INTENT_06,,Sénoufo Cebaara (senã́rì),sef,Cebaara — parler de Korhogo (numéraux attestés uniquement),FINANCIAL_PRIORITY_INTENT,Demande de vérifier le calcul ou le compte avant la suite.,CRITICAL,Compte juste.,Vérifie bien le compte.,,,DRAFT,true,,,NON_TESTE,
PROVISIONAL_FRM_INTENT_07,,Sénoufo Cebaara (senã́rì),sef,Cebaara — parler de Korhogo (numéraux attestés uniquement),FINANCIAL_PRIORITY_INTENT,Annonce du montant effectivement remis par la cliente.,CRITICAL,Elle a donné {recu} francs.,Elle a donné {recu} francs.,,,DRAFT,true,,,NON_TESTE,
PROVISIONAL_FRM_INTENT_08,,Sénoufo Cebaara (senã́rì),sef,Cebaara — parler de Korhogo (numéraux attestés uniquement),FINANCIAL_PRIORITY_INTENT,Annonce de la monnaie à rendre à la cliente.,CRITICAL,Tu rends {monnaie} francs.,Tu lui rends {monnaie} francs.,,,DRAFT,true,,,NON_TESTE,
PROVISIONAL_FRM_INTENT_09,,Sénoufo Cebaara (senã́rì),sef,Cebaara — parler de Korhogo (numéraux attestés uniquement),FINANCIAL_PRIORITY_INTENT,Annonce du total dû par la cliente.,CRITICAL,Elle doit {total} francs.,Elle doit {total} francs.,,,DRAFT,true,,,NON_TESTE,
PROVISIONAL_FRM_INTENT_10,,Sénoufo Cebaara (senã́rì),sef,Cebaara — parler de Korhogo (numéraux attestés uniquement),FINANCIAL_PRIORITY_INTENT,Demande orale de validation avant l’action métier.,CRITICAL,Je valide ?,Je valide ça ?,,,DRAFT,true,,,NON_TESTE,
PROVISIONAL_FRM_INTENT_11,,Sénoufo Cebaara (senã́rì),sef,Cebaara — parler de Korhogo (numéraux attestés uniquement),FINANCIAL_PRIORITY_INTENT,Question sur le prix d’un seul article.,HIGH,Prix d’un seul.,"Un seul, c’est combien ?",,,DRAFT,true,,,NON_TESTE,
PROVISIONAL_FRM_INTENT_12,,Sénoufo Cebaara (senã́rì),sef,Cebaara — parler de Korhogo (numéraux attestés uniquement),FINANCIAL_PRIORITY_INTENT,Question sur le prix total de l’ensemble présenté.,HIGH,Prix du tout.,"Tout ça, c’est combien ?",,,DRAFT,true,,,NON_TESTE,
PROVISIONAL_FRM_INTENT_13,,Sénoufo Cebaara (senã́rì),sef,Cebaara — parler de Korhogo (numéraux attestés uniquement),FINANCIAL_PRIORITY_INTENT,Question générale sur le montant à payer ou le total.,HIGH,Combien ?,Ça fait combien ?,,,DRAFT,true,,,NON_TESTE,
PROVISIONAL_FRM_INTENT_14,,Sénoufo Cebaara (senã́rì),sef,Cebaara — parler de Korhogo (numéraux attestés uniquement),FINANCIAL_PRIORITY_INTENT,Question sur le prix d’un produit ou d’une quantité montrée.,HIGH,C’est à combien ?,C’est à combien ?,,,DRAFT,true,,,NON_TESTE,
PROVISIONAL_FRM_INTENT_15,,Sénoufo Cebaara (senã́rì),sef,Cebaara — parler de Korhogo (numéraux attestés uniquement),FINANCIAL_PRIORITY_INTENT,Question ouverte sur le produit ou l’article vendu.,LOW,Tu as vendu quoi ?,Tu as vendu quoi ?,,,DRAFT,true,,,NON_TESTE,
PROVISIONAL_FRM_NUMBER_000,,Sénoufo Cebaara (senã́rì),sef,Cebaara — parler de Korhogo (numéraux attestés uniquement),NUMBER_0_100,Lecture isolée d’un nombre pour une quantité ou un montant; l’unité et le contexte doivent être ajoutés.,MEDIUM,zéro,zéro,,,DRAFT,true,,,NON_TESTE,
PROVISIONAL_FRM_NUMBER_001,,Sénoufo Cebaara (senã́rì),sef,Cebaara — parler de Korhogo (numéraux attestés uniquement),NUMBER_0_100,Lecture isolée d’un nombre pour une quantité ou un montant; l’unité et le contexte doivent être ajoutés.,MEDIUM,un,un,nijan,nijan,DRAFT,true,,,NON_TESTE,
PROVISIONAL_FRM_NUMBER_002,,Sénoufo Cebaara (senã́rì),sef,Cebaara — parler de Korhogo (numéraux attestés uniquement),NUMBER_0_100,Lecture isolée d’un nombre pour une quantité ou un montant; l’unité et le contexte doivent être ajoutés.,MEDIUM,deux,deux,syiin,syiin,DRAFT,true,,,NON_TESTE,
PROVISIONAL_FRM_NUMBER_003,,Sénoufo Cebaara (senã́rì),sef,Cebaara — parler de Korhogo (numéraux attestés uniquement),NUMBER_0_100,Lecture isolée d’un nombre pour une quantité ou un montant; l’unité et le contexte doivent être ajoutés.,MEDIUM,trois,trois,taanri,taanri,DRAFT,true,,,NON_TESTE,
PROVISIONAL_FRM_NUMBER_004,,Sénoufo Cebaara (senã́rì),sef,Cebaara — parler de Korhogo (numéraux attestés uniquement),NUMBER_0_100,Lecture isolée d’un nombre pour une quantité ou un montant; l’unité et le contexte doivent être ajoutés.,MEDIUM,quatre,quatre,sicɛrɛ,sicɛrɛ,DRAFT,true,,,NON_TESTE,
PROVISIONAL_FRM_NUMBER_005,,Sénoufo Cebaara (senã́rì),sef,Cebaara — parler de Korhogo (numéraux attestés uniquement),NUMBER_0_100,Lecture isolée d’un nombre pour une quantité ou un montant; l’unité et le contexte doivent être ajoutés.,MEDIUM,cinq,cinq,kagulo,kagulo,DRAFT,true,,,NON_TESTE,
PROVISIONAL_FRM_NUMBER_006,,Sénoufo Cebaara (senã́rì),sef,Cebaara — parler de Korhogo (numéraux attestés uniquement),NUMBER_0_100,Lecture isolée d’un nombre pour une quantité ou un montant; l’unité et le contexte doivent être ajoutés.,MEDIUM,six,six,kparani,kparani,DRAFT,true,,,NON_TESTE,
PROVISIONAL_FRM_NUMBER_007,,Sénoufo Cebaara (senã́rì),sef,Cebaara — parler de Korhogo (numéraux attestés uniquement),NUMBER_0_100,Lecture isolée d’un nombre pour une quantité ou un montant; l’unité et le contexte doivent être ajoutés.,MEDIUM,sept,sept,kparasyiin,kparasyiin,DRAFT,true,,,NON_TESTE,
PROVISIONAL_FRM_NUMBER_008,,Sénoufo Cebaara (senã́rì),sef,Cebaara — parler de Korhogo (numéraux attestés uniquement),NUMBER_0_100,Lecture isolée d’un nombre pour une quantité ou un montant; l’unité et le contexte doivent être ajoutés.,MEDIUM,huit,huit,kparataanri,kparataanri,DRAFT,true,,,NON_TESTE,
PROVISIONAL_FRM_NUMBER_009,,Sénoufo Cebaara (senã́rì),sef,Cebaara — parler de Korhogo (numéraux attestés uniquement),NUMBER_0_100,Lecture isolée d’un nombre pour une quantité ou un montant; l’unité et le contexte doivent être ajoutés.,MEDIUM,neuf,neuf,kpɛcɛrɛ,kpɛcɛrɛ,DRAFT,true,,,NON_TESTE,
PROVISIONAL_FRM_NUMBER_010,,Sénoufo Cebaara (senã́rì),sef,Cebaara — parler de Korhogo (numéraux attestés uniquement),NUMBER_0_100,Lecture isolée d’un nombre pour une quantité ou un montant; l’unité et le contexte doivent être ajoutés.,MEDIUM,dix,dix,kyɛ,kyɛ,DRAFT,true,,,NON_TESTE,
PROVISIONAL_FRM_NUMBER_011,,Sénoufo Cebaara (senã́rì),sef,Cebaara — parler de Korhogo (numéraux attestés uniquement),NUMBER_0_100,Lecture isolée d’un nombre pour une quantité ou un montant; l’unité et le contexte doivent être ajoutés.,MEDIUM,onze,onze,kyɛ ní nijan,kyɛ ní nijan,DRAFT,true,,,NON_TESTE,
PROVISIONAL_FRM_NUMBER_012,,Sénoufo Cebaara (senã́rì),sef,Cebaara — parler de Korhogo (numéraux attestés uniquement),NUMBER_0_100,Lecture isolée d’un nombre pour une quantité ou un montant; l’unité et le contexte doivent être ajoutés.,MEDIUM,douze,douze,kyɛ ní syiin,kyɛ ní syiin,DRAFT,true,,,NON_TESTE,
PROVISIONAL_FRM_NUMBER_013,,Sénoufo Cebaara (senã́rì),sef,Cebaara — parler de Korhogo (numéraux attestés uniquement),NUMBER_0_100,Lecture isolée d’un nombre pour une quantité ou un montant; l’unité et le contexte doivent être ajoutés.,MEDIUM,treize,treize,kyɛ ní taanri,kyɛ ní taanri,DRAFT,true,,,NON_TESTE,
PROVISIONAL_FRM_NUMBER_014,,Sénoufo Cebaara (senã́rì),sef,Cebaara — parler de Korhogo (numéraux attestés uniquement),NUMBER_0_100,Lecture isolée d’un nombre pour une quantité ou un montant; l’unité et le contexte doivent être ajoutés.,MEDIUM,quatorze,quatorze,kyɛ ní sicɛrɛ,kyɛ ní sicɛrɛ,DRAFT,true,,,NON_TESTE,
PROVISIONAL_FRM_NUMBER_015,,Sénoufo Cebaara (senã́rì),sef,Cebaara — parler de Korhogo (numéraux attestés uniquement),NUMBER_0_100,Lecture isolée d’un nombre pour une quantité ou un montant; l’unité et le contexte doivent être ajoutés.,MEDIUM,quinze,quinze,kyɛ ní kagulo,kyɛ ní kagulo,DRAFT,true,,,NON_TESTE,
PROVISIONAL_FRM_NUMBER_016,,Sénoufo Cebaara (senã́rì),sef,Cebaara — parler de Korhogo (numéraux attestés uniquement),NUMBER_0_100,Lecture isolée d’un nombre pour une quantité ou un montant; l’unité et le contexte doivent être ajoutés.,MEDIUM,seize,seize,kyɛ ní kparani,kyɛ ní kparani,DRAFT,true,,,NON_TESTE,
PROVISIONAL_FRM_NUMBER_017,,Sénoufo Cebaara (senã́rì),sef,Cebaara — parler de Korhogo (numéraux attestés uniquement),NUMBER_0_100,Lecture isolée d’un nombre pour une quantité ou un montant; l’unité et le contexte doivent être ajoutés.,MEDIUM,dix-sept,dix-sept,kyɛ ní kparasyiin,kyɛ ní kparasyiin,DRAFT,true,,,NON_TESTE,
PROVISIONAL_FRM_NUMBER_018,,Sénoufo Cebaara (senã́rì),sef,Cebaara — parler de Korhogo (numéraux attestés uniquement),NUMBER_0_100,Lecture isolée d’un nombre pour une quantité ou un montant; l’unité et le contexte doivent être ajoutés.,MEDIUM,dix-huit,dix-huit,kyɛ ní kparataanri,kyɛ ní kparataanri,DRAFT,true,,,NON_TESTE,
PROVISIONAL_FRM_NUMBER_019,,Sénoufo Cebaara (senã́rì),sef,Cebaara — parler de Korhogo (numéraux attestés uniquement),NUMBER_0_100,Lecture isolée d’un nombre pour une quantité ou un montant; l’unité et le contexte doivent être ajoutés.,MEDIUM,dix-neuf,dix-neuf,kyɛ ní kpɛcɛrɛ,kyɛ ní kpɛcɛrɛ,DRAFT,true,,,NON_TESTE,
PROVISIONAL_FRM_NUMBER_020,,Sénoufo Cebaara (senã́rì),sef,Cebaara — parler de Korhogo (numéraux attestés uniquement),NUMBER_0_100,Lecture isolée d’un nombre pour une quantité ou un montant; l’unité et le contexte doivent être ajoutés.,MEDIUM,vingt,vingt,kyɛbele syiin,kyɛbele syiin | tologo,DRAFT,true,,,NON_TESTE,
PROVISIONAL_FRM_NUMBER_021,,Sénoufo Cebaara (senã́rì),sef,Cebaara — parler de Korhogo (numéraux attestés uniquement),NUMBER_0_100,Lecture isolée d’un nombre pour une quantité ou un montant; l’unité et le contexte doivent être ajoutés.,MEDIUM,vingt et un,vingt et un,kyɛbele syiin ní nijan,kyɛbele syiin ní nijan | tologo ní nijan,DRAFT,true,,,NON_TESTE,
PROVISIONAL_FRM_NUMBER_022,,Sénoufo Cebaara (senã́rì),sef,Cebaara — parler de Korhogo (numéraux attestés uniquement),NUMBER_0_100,Lecture isolée d’un nombre pour une quantité ou un montant; l’unité et le contexte doivent être ajoutés.,MEDIUM,vingt-deux,vingt-deux,kyɛbele syiin ní syiin,kyɛbele syiin ní syiin | tologo ní syiin,DRAFT,true,,,NON_TESTE,
PROVISIONAL_FRM_NUMBER_023,,Sénoufo Cebaara (senã́rì),sef,Cebaara — parler de Korhogo (numéraux attestés uniquement),NUMBER_0_100,Lecture isolée d’un nombre pour une quantité ou un montant; l’unité et le contexte doivent être ajoutés.,MEDIUM,vingt-trois,vingt-trois,kyɛbele syiin ní taanri,kyɛbele syiin ní taanri | tologo ní taanri,DRAFT,true,,,NON_TESTE,
PROVISIONAL_FRM_NUMBER_024,,Sénoufo Cebaara (senã́rì),sef,Cebaara — parler de Korhogo (numéraux attestés uniquement),NUMBER_0_100,Lecture isolée d’un nombre pour une quantité ou un montant; l’unité et le contexte doivent être ajoutés.,MEDIUM,vingt-quatre,vingt-quatre,kyɛbele syiin ní sicɛrɛ,kyɛbele syiin ní sicɛrɛ | tologo ní sicɛrɛ,DRAFT,true,,,NON_TESTE,
PROVISIONAL_FRM_NUMBER_025,,Sénoufo Cebaara (senã́rì),sef,Cebaara — parler de Korhogo (numéraux attestés uniquement),NUMBER_0_100,Lecture isolée d’un nombre pour une quantité ou un montant; l’unité et le contexte doivent être ajoutés.,MEDIUM,vingt-cinq,vingt-cinq,kyɛbele syiin ní kagulo,kyɛbele syiin ní kagulo | tologo ní kagulo,DRAFT,true,,,NON_TESTE,
PROVISIONAL_FRM_NUMBER_026,,Sénoufo Cebaara (senã́rì),sef,Cebaara — parler de Korhogo (numéraux attestés uniquement),NUMBER_0_100,Lecture isolée d’un nombre pour une quantité ou un montant; l’unité et le contexte doivent être ajoutés.,MEDIUM,vingt-six,vingt-six,kyɛbele syiin ní kpara-ni,kyɛbele syiin ní kpara-ni | tologo ní kpara-ni,DRAFT,true,,,NON_TESTE,
PROVISIONAL_FRM_NUMBER_027,,Sénoufo Cebaara (senã́rì),sef,Cebaara — parler de Korhogo (numéraux attestés uniquement),NUMBER_0_100,Lecture isolée d’un nombre pour une quantité ou un montant; l’unité et le contexte doivent être ajoutés.,MEDIUM,vingt-sept,vingt-sept,kyɛbele syiin ní kpara-syiin,kyɛbele syiin ní kpara-syiin | tologo ní kpara-syiin,DRAFT,true,,,NON_TESTE,
PROVISIONAL_FRM_NUMBER_028,,Sénoufo Cebaara (senã́rì),sef,Cebaara — parler de Korhogo (numéraux attestés uniquement),NUMBER_0_100,Lecture isolée d’un nombre pour une quantité ou un montant; l’unité et le contexte doivent être ajoutés.,MEDIUM,vingt-huit,vingt-huit,kyɛbele syiin ní kpara-taanri,kyɛbele syiin ní kpara-taanri | tologo ní kpara-taanri,DRAFT,true,,,NON_TESTE,
PROVISIONAL_FRM_NUMBER_029,,Sénoufo Cebaara (senã́rì),sef,Cebaara — parler de Korhogo (numéraux attestés uniquement),NUMBER_0_100,Lecture isolée d’un nombre pour une quantité ou un montant; l’unité et le contexte doivent être ajoutés.,MEDIUM,vingt-neuf,vingt-neuf,kyɛbele syiin ní kpɛ-cɛrɛ,kyɛbele syiin ní kpɛ-cɛrɛ | tologo ní kpɛ-cɛrɛ,DRAFT,true,,,NON_TESTE,
PROVISIONAL_FRM_NUMBER_030,,Sénoufo Cebaara (senã́rì),sef,Cebaara — parler de Korhogo (numéraux attestés uniquement),NUMBER_0_100,Lecture isolée d’un nombre pour une quantité ou un montant; l’unité et le contexte doivent être ajoutés.,MEDIUM,trente,trente,kyɛbele taanri,kyɛbele taanri | tologo ní kyɛ,DRAFT,true,,,NON_TESTE,
PROVISIONAL_FRM_NUMBER_031,,Sénoufo Cebaara (senã́rì),sef,Cebaara — parler de Korhogo (numéraux attestés uniquement),NUMBER_0_100,Lecture isolée d’un nombre pour une quantité ou un montant; l’unité et le contexte doivent être ajoutés.,MEDIUM,trente et un,trente et un,,,DRAFT,true,,,NON_TESTE,
PROVISIONAL_FRM_NUMBER_032,,Sénoufo Cebaara (senã́rì),sef,Cebaara — parler de Korhogo (numéraux attestés uniquement),NUMBER_0_100,Lecture isolée d’un nombre pour une quantité ou un montant; l’unité et le contexte doivent être ajoutés.,MEDIUM,trente-deux,trente-deux,,,DRAFT,true,,,NON_TESTE,
PROVISIONAL_FRM_NUMBER_033,,Sénoufo Cebaara (senã́rì),sef,Cebaara — parler de Korhogo (numéraux attestés uniquement),NUMBER_0_100,Lecture isolée d’un nombre pour une quantité ou un montant; l’unité et le contexte doivent être ajoutés.,MEDIUM,trente-trois,trente-trois,,,DRAFT,true,,,NON_TESTE,
PROVISIONAL_FRM_NUMBER_034,,Sénoufo Cebaara (senã́rì),sef,Cebaara — parler de Korhogo (numéraux attestés uniquement),NUMBER_0_100,Lecture isolée d’un nombre pour une quantité ou un montant; l’unité et le contexte doivent être ajoutés.,MEDIUM,trente-quatre,trente-quatre,,,DRAFT,true,,,NON_TESTE,
PROVISIONAL_FRM_NUMBER_035,,Sénoufo Cebaara (senã́rì),sef,Cebaara — parler de Korhogo (numéraux attestés uniquement),NUMBER_0_100,Lecture isolée d’un nombre pour une quantité ou un montant; l’unité et le contexte doivent être ajoutés.,MEDIUM,trente-cinq,trente-cinq,,,DRAFT,true,,,NON_TESTE,
PROVISIONAL_FRM_NUMBER_036,,Sénoufo Cebaara (senã́rì),sef,Cebaara — parler de Korhogo (numéraux attestés uniquement),NUMBER_0_100,Lecture isolée d’un nombre pour une quantité ou un montant; l’unité et le contexte doivent être ajoutés.,MEDIUM,trente-six,trente-six,,,DRAFT,true,,,NON_TESTE,
PROVISIONAL_FRM_NUMBER_037,,Sénoufo Cebaara (senã́rì),sef,Cebaara — parler de Korhogo (numéraux attestés uniquement),NUMBER_0_100,Lecture isolée d’un nombre pour une quantité ou un montant; l’unité et le contexte doivent être ajoutés.,MEDIUM,trente-sept,trente-sept,,,DRAFT,true,,,NON_TESTE,
PROVISIONAL_FRM_NUMBER_038,,Sénoufo Cebaara (senã́rì),sef,Cebaara — parler de Korhogo (numéraux attestés uniquement),NUMBER_0_100,Lecture isolée d’un nombre pour une quantité ou un montant; l’unité et le contexte doivent être ajoutés.,MEDIUM,trente-huit,trente-huit,,,DRAFT,true,,,NON_TESTE,
PROVISIONAL_FRM_NUMBER_039,,Sénoufo Cebaara (senã́rì),sef,Cebaara — parler de Korhogo (numéraux attestés uniquement),NUMBER_0_100,Lecture isolée d’un nombre pour une quantité ou un montant; l’unité et le contexte doivent être ajoutés.,MEDIUM,trente-neuf,trente-neuf,,,DRAFT,true,,,NON_TESTE,
PROVISIONAL_FRM_NUMBER_040,,Sénoufo Cebaara (senã́rì),sef,Cebaara — parler de Korhogo (numéraux attestés uniquement),NUMBER_0_100,Lecture isolée d’un nombre pour une quantité ou un montant; l’unité et le contexte doivent être ajoutés.,MEDIUM,quarante,quarante,kyɛbele sicɛrɛ,kyɛbele sicɛrɛ | toloyo syiin,DRAFT,true,,,NON_TESTE,
PROVISIONAL_FRM_NUMBER_041,,Sénoufo Cebaara (senã́rì),sef,Cebaara — parler de Korhogo (numéraux attestés uniquement),NUMBER_0_100,Lecture isolée d’un nombre pour une quantité ou un montant; l’unité et le contexte doivent être ajoutés.,MEDIUM,quarante et un,quarante et un,,,DRAFT,true,,,NON_TESTE,
PROVISIONAL_FRM_NUMBER_042,,Sénoufo Cebaara (senã́rì),sef,Cebaara — parler de Korhogo (numéraux attestés uniquement),NUMBER_0_100,Lecture isolée d’un nombre pour une quantité ou un montant; l’unité et le contexte doivent être ajoutés.,MEDIUM,quarante-deux,quarante-deux,,,DRAFT,true,,,NON_TESTE,
PROVISIONAL_FRM_NUMBER_043,,Sénoufo Cebaara (senã́rì),sef,Cebaara — parler de Korhogo (numéraux attestés uniquement),NUMBER_0_100,Lecture isolée d’un nombre pour une quantité ou un montant; l’unité et le contexte doivent être ajoutés.,MEDIUM,quarante-trois,quarante-trois,,,DRAFT,true,,,NON_TESTE,
PROVISIONAL_FRM_NUMBER_044,,Sénoufo Cebaara (senã́rì),sef,Cebaara — parler de Korhogo (numéraux attestés uniquement),NUMBER_0_100,Lecture isolée d’un nombre pour une quantité ou un montant; l’unité et le contexte doivent être ajoutés.,MEDIUM,quarante-quatre,quarante-quatre,,,DRAFT,true,,,NON_TESTE,
PROVISIONAL_FRM_NUMBER_045,,Sénoufo Cebaara (senã́rì),sef,Cebaara — parler de Korhogo (numéraux attestés uniquement),NUMBER_0_100,Lecture isolée d’un nombre pour une quantité ou un montant; l’unité et le contexte doivent être ajoutés.,MEDIUM,quarante-cinq,quarante-cinq,,,DRAFT,true,,,NON_TESTE,
PROVISIONAL_FRM_NUMBER_046,,Sénoufo Cebaara (senã́rì),sef,Cebaara — parler de Korhogo (numéraux attestés uniquement),NUMBER_0_100,Lecture isolée d’un nombre pour une quantité ou un montant; l’unité et le contexte doivent être ajoutés.,MEDIUM,quarante-six,quarante-six,,,DRAFT,true,,,NON_TESTE,
PROVISIONAL_FRM_NUMBER_047,,Sénoufo Cebaara (senã́rì),sef,Cebaara — parler de Korhogo (numéraux attestés uniquement),NUMBER_0_100,Lecture isolée d’un nombre pour une quantité ou un montant; l’unité et le contexte doivent être ajoutés.,MEDIUM,quarante-sept,quarante-sept,,,DRAFT,true,,,NON_TESTE,
PROVISIONAL_FRM_NUMBER_048,,Sénoufo Cebaara (senã́rì),sef,Cebaara — parler de Korhogo (numéraux attestés uniquement),NUMBER_0_100,Lecture isolée d’un nombre pour une quantité ou un montant; l’unité et le contexte doivent être ajoutés.,MEDIUM,quarante-huit,quarante-huit,,,DRAFT,true,,,NON_TESTE,
PROVISIONAL_FRM_NUMBER_049,,Sénoufo Cebaara (senã́rì),sef,Cebaara — parler de Korhogo (numéraux attestés uniquement),NUMBER_0_100,Lecture isolée d’un nombre pour une quantité ou un montant; l’unité et le contexte doivent être ajoutés.,MEDIUM,quarante-neuf,quarante-neuf,,,DRAFT,true,,,NON_TESTE,
PROVISIONAL_FRM_NUMBER_050,,Sénoufo Cebaara (senã́rì),sef,Cebaara — parler de Korhogo (numéraux attestés uniquement),NUMBER_0_100,Lecture isolée d’un nombre pour une quantité ou un montant; l’unité et le contexte doivent être ajoutés.,MEDIUM,cinquante,cinquante,kyɛbele kagulo,kyɛbele kagulo | toloyo syiin ní kyɛ,DRAFT,true,,,NON_TESTE,
PROVISIONAL_FRM_NUMBER_051,,Sénoufo Cebaara (senã́rì),sef,Cebaara — parler de Korhogo (numéraux attestés uniquement),NUMBER_0_100,Lecture isolée d’un nombre pour une quantité ou un montant; l’unité et le contexte doivent être ajoutés.,MEDIUM,cinquante et un,cinquante et un,,,DRAFT,true,,,NON_TESTE,
PROVISIONAL_FRM_NUMBER_052,,Sénoufo Cebaara (senã́rì),sef,Cebaara — parler de Korhogo (numéraux attestés uniquement),NUMBER_0_100,Lecture isolée d’un nombre pour une quantité ou un montant; l’unité et le contexte doivent être ajoutés.,MEDIUM,cinquante-deux,cinquante-deux,,,DRAFT,true,,,NON_TESTE,
PROVISIONAL_FRM_NUMBER_053,,Sénoufo Cebaara (senã́rì),sef,Cebaara — parler de Korhogo (numéraux attestés uniquement),NUMBER_0_100,Lecture isolée d’un nombre pour une quantité ou un montant; l’unité et le contexte doivent être ajoutés.,MEDIUM,cinquante-trois,cinquante-trois,,,DRAFT,true,,,NON_TESTE,
PROVISIONAL_FRM_NUMBER_054,,Sénoufo Cebaara (senã́rì),sef,Cebaara — parler de Korhogo (numéraux attestés uniquement),NUMBER_0_100,Lecture isolée d’un nombre pour une quantité ou un montant; l’unité et le contexte doivent être ajoutés.,MEDIUM,cinquante-quatre,cinquante-quatre,,,DRAFT,true,,,NON_TESTE,
PROVISIONAL_FRM_NUMBER_055,,Sénoufo Cebaara (senã́rì),sef,Cebaara — parler de Korhogo (numéraux attestés uniquement),NUMBER_0_100,Lecture isolée d’un nombre pour une quantité ou un montant; l’unité et le contexte doivent être ajoutés.,MEDIUM,cinquante-cinq,cinquante-cinq,,,DRAFT,true,,,NON_TESTE,
PROVISIONAL_FRM_NUMBER_056,,Sénoufo Cebaara (senã́rì),sef,Cebaara — parler de Korhogo (numéraux attestés uniquement),NUMBER_0_100,Lecture isolée d’un nombre pour une quantité ou un montant; l’unité et le contexte doivent être ajoutés.,MEDIUM,cinquante-six,cinquante-six,,,DRAFT,true,,,NON_TESTE,
PROVISIONAL_FRM_NUMBER_057,,Sénoufo Cebaara (senã́rì),sef,Cebaara — parler de Korhogo (numéraux attestés uniquement),NUMBER_0_100,Lecture isolée d’un nombre pour une quantité ou un montant; l’unité et le contexte doivent être ajoutés.,MEDIUM,cinquante-sept,cinquante-sept,,,DRAFT,true,,,NON_TESTE,
PROVISIONAL_FRM_NUMBER_058,,Sénoufo Cebaara (senã́rì),sef,Cebaara — parler de Korhogo (numéraux attestés uniquement),NUMBER_0_100,Lecture isolée d’un nombre pour une quantité ou un montant; l’unité et le contexte doivent être ajoutés.,MEDIUM,cinquante-huit,cinquante-huit,,,DRAFT,true,,,NON_TESTE,
PROVISIONAL_FRM_NUMBER_059,,Sénoufo Cebaara (senã́rì),sef,Cebaara — parler de Korhogo (numéraux attestés uniquement),NUMBER_0_100,Lecture isolée d’un nombre pour une quantité ou un montant; l’unité et le contexte doivent être ajoutés.,MEDIUM,cinquante-neuf,cinquante-neuf,,,DRAFT,true,,,NON_TESTE,
PROVISIONAL_FRM_NUMBER_060,,Sénoufo Cebaara (senã́rì),sef,Cebaara — parler de Korhogo (numéraux attestés uniquement),NUMBER_0_100,Lecture isolée d’un nombre pour une quantité ou un montant; l’unité et le contexte doivent être ajoutés.,MEDIUM,soixante,soixante,kyɛbele kpara-ni,kyɛbele kpara-ni | toloyo taanri,DRAFT,true,,,NON_TESTE,
PROVISIONAL_FRM_NUMBER_061,,Sénoufo Cebaara (senã́rì),sef,Cebaara — parler de Korhogo (numéraux attestés uniquement),NUMBER_0_100,Lecture isolée d’un nombre pour une quantité ou un montant; l’unité et le contexte doivent être ajoutés.,MEDIUM,soixante et un,soixante et un,,,DRAFT,true,,,NON_TESTE,
PROVISIONAL_FRM_NUMBER_062,,Sénoufo Cebaara (senã́rì),sef,Cebaara — parler de Korhogo (numéraux attestés uniquement),NUMBER_0_100,Lecture isolée d’un nombre pour une quantité ou un montant; l’unité et le contexte doivent être ajoutés.,MEDIUM,soixante-deux,soixante-deux,,,DRAFT,true,,,NON_TESTE,
PROVISIONAL_FRM_NUMBER_063,,Sénoufo Cebaara (senã́rì),sef,Cebaara — parler de Korhogo (numéraux attestés uniquement),NUMBER_0_100,Lecture isolée d’un nombre pour une quantité ou un montant; l’unité et le contexte doivent être ajoutés.,MEDIUM,soixante-trois,soixante-trois,,,DRAFT,true,,,NON_TESTE,
PROVISIONAL_FRM_NUMBER_064,,Sénoufo Cebaara (senã́rì),sef,Cebaara — parler de Korhogo (numéraux attestés uniquement),NUMBER_0_100,Lecture isolée d’un nombre pour une quantité ou un montant; l’unité et le contexte doivent être ajoutés.,MEDIUM,soixante-quatre,soixante-quatre,,,DRAFT,true,,,NON_TESTE,
PROVISIONAL_FRM_NUMBER_065,,Sénoufo Cebaara (senã́rì),sef,Cebaara — parler de Korhogo (numéraux attestés uniquement),NUMBER_0_100,Lecture isolée d’un nombre pour une quantité ou un montant; l’unité et le contexte doivent être ajoutés.,MEDIUM,soixante-cinq,soixante-cinq,,,DRAFT,true,,,NON_TESTE,
PROVISIONAL_FRM_NUMBER_066,,Sénoufo Cebaara (senã́rì),sef,Cebaara — parler de Korhogo (numéraux attestés uniquement),NUMBER_0_100,Lecture isolée d’un nombre pour une quantité ou un montant; l’unité et le contexte doivent être ajoutés.,MEDIUM,soixante-six,soixante-six,,,DRAFT,true,,,NON_TESTE,
PROVISIONAL_FRM_NUMBER_067,,Sénoufo Cebaara (senã́rì),sef,Cebaara — parler de Korhogo (numéraux attestés uniquement),NUMBER_0_100,Lecture isolée d’un nombre pour une quantité ou un montant; l’unité et le contexte doivent être ajoutés.,MEDIUM,soixante-sept,soixante-sept,,,DRAFT,true,,,NON_TESTE,
PROVISIONAL_FRM_NUMBER_068,,Sénoufo Cebaara (senã́rì),sef,Cebaara — parler de Korhogo (numéraux attestés uniquement),NUMBER_0_100,Lecture isolée d’un nombre pour une quantité ou un montant; l’unité et le contexte doivent être ajoutés.,MEDIUM,soixante-huit,soixante-huit,,,DRAFT,true,,,NON_TESTE,
PROVISIONAL_FRM_NUMBER_069,,Sénoufo Cebaara (senã́rì),sef,Cebaara — parler de Korhogo (numéraux attestés uniquement),NUMBER_0_100,Lecture isolée d’un nombre pour une quantité ou un montant; l’unité et le contexte doivent être ajoutés.,MEDIUM,soixante-neuf,soixante-neuf,,,DRAFT,true,,,NON_TESTE,
PROVISIONAL_FRM_NUMBER_070,,Sénoufo Cebaara (senã́rì),sef,Cebaara — parler de Korhogo (numéraux attestés uniquement),NUMBER_0_100,Lecture isolée d’un nombre pour une quantité ou un montant; l’unité et le contexte doivent être ajoutés.,MEDIUM,soixante-dix,soixante-dix,kyɛbele kpara-syiin,kyɛbele kpara-syiin | toloyo taanri ní kyɛ,DRAFT,true,,,NON_TESTE,
PROVISIONAL_FRM_NUMBER_071,,Sénoufo Cebaara (senã́rì),sef,Cebaara — parler de Korhogo (numéraux attestés uniquement),NUMBER_0_100,Lecture isolée d’un nombre pour une quantité ou un montant; l’unité et le contexte doivent être ajoutés.,MEDIUM,soixante et onze,soixante et onze,,,DRAFT,true,,,NON_TESTE,
PROVISIONAL_FRM_NUMBER_072,,Sénoufo Cebaara (senã́rì),sef,Cebaara — parler de Korhogo (numéraux attestés uniquement),NUMBER_0_100,Lecture isolée d’un nombre pour une quantité ou un montant; l’unité et le contexte doivent être ajoutés.,MEDIUM,soixante-douze,soixante-douze,,,DRAFT,true,,,NON_TESTE,
PROVISIONAL_FRM_NUMBER_073,,Sénoufo Cebaara (senã́rì),sef,Cebaara — parler de Korhogo (numéraux attestés uniquement),NUMBER_0_100,Lecture isolée d’un nombre pour une quantité ou un montant; l’unité et le contexte doivent être ajoutés.,MEDIUM,soixante-treize,soixante-treize,,,DRAFT,true,,,NON_TESTE,
PROVISIONAL_FRM_NUMBER_074,,Sénoufo Cebaara (senã́rì),sef,Cebaara — parler de Korhogo (numéraux attestés uniquement),NUMBER_0_100,Lecture isolée d’un nombre pour une quantité ou un montant; l’unité et le contexte doivent être ajoutés.,MEDIUM,soixante-quatorze,soixante-quatorze,,,DRAFT,true,,,NON_TESTE,
PROVISIONAL_FRM_NUMBER_075,,Sénoufo Cebaara (senã́rì),sef,Cebaara — parler de Korhogo (numéraux attestés uniquement),NUMBER_0_100,Lecture isolée d’un nombre pour une quantité ou un montant; l’unité et le contexte doivent être ajoutés.,MEDIUM,soixante-quinze,soixante-quinze,,,DRAFT,true,,,NON_TESTE,
PROVISIONAL_FRM_NUMBER_076,,Sénoufo Cebaara (senã́rì),sef,Cebaara — parler de Korhogo (numéraux attestés uniquement),NUMBER_0_100,Lecture isolée d’un nombre pour une quantité ou un montant; l’unité et le contexte doivent être ajoutés.,MEDIUM,soixante-seize,soixante-seize,,,DRAFT,true,,,NON_TESTE,
PROVISIONAL_FRM_NUMBER_077,,Sénoufo Cebaara (senã́rì),sef,Cebaara — parler de Korhogo (numéraux attestés uniquement),NUMBER_0_100,Lecture isolée d’un nombre pour une quantité ou un montant; l’unité et le contexte doivent être ajoutés.,MEDIUM,soixante-dix-sept,soixante-dix-sept,,,DRAFT,true,,,NON_TESTE,
PROVISIONAL_FRM_NUMBER_078,,Sénoufo Cebaara (senã́rì),sef,Cebaara — parler de Korhogo (numéraux attestés uniquement),NUMBER_0_100,Lecture isolée d’un nombre pour une quantité ou un montant; l’unité et le contexte doivent être ajoutés.,MEDIUM,soixante-dix-huit,soixante-dix-huit,,,DRAFT,true,,,NON_TESTE,
PROVISIONAL_FRM_NUMBER_079,,Sénoufo Cebaara (senã́rì),sef,Cebaara — parler de Korhogo (numéraux attestés uniquement),NUMBER_0_100,Lecture isolée d’un nombre pour une quantité ou un montant; l’unité et le contexte doivent être ajoutés.,MEDIUM,soixante-dix-neuf,soixante-dix-neuf,,,DRAFT,true,,,NON_TESTE,
PROVISIONAL_FRM_NUMBER_080,,Sénoufo Cebaara (senã́rì),sef,Cebaara — parler de Korhogo (numéraux attestés uniquement),NUMBER_0_100,Lecture isolée d’un nombre pour une quantité ou un montant; l’unité et le contexte doivent être ajoutés.,MEDIUM,quatre-vingts,quatre-vingts,kyɛbele kpara-taanri,kyɛbele kpara-taanri | toloyo sicɛrɛ,DRAFT,true,,,NON_TESTE,
PROVISIONAL_FRM_NUMBER_081,,Sénoufo Cebaara (senã́rì),sef,Cebaara — parler de Korhogo (numéraux attestés uniquement),NUMBER_0_100,Lecture isolée d’un nombre pour une quantité ou un montant; l’unité et le contexte doivent être ajoutés.,MEDIUM,quatre-vingt-un,quatre-vingt-un,,,DRAFT,true,,,NON_TESTE,
PROVISIONAL_FRM_NUMBER_082,,Sénoufo Cebaara (senã́rì),sef,Cebaara — parler de Korhogo (numéraux attestés uniquement),NUMBER_0_100,Lecture isolée d’un nombre pour une quantité ou un montant; l’unité et le contexte doivent être ajoutés.,MEDIUM,quatre-vingt-deux,quatre-vingt-deux,,,DRAFT,true,,,NON_TESTE,
PROVISIONAL_FRM_NUMBER_083,,Sénoufo Cebaara (senã́rì),sef,Cebaara — parler de Korhogo (numéraux attestés uniquement),NUMBER_0_100,Lecture isolée d’un nombre pour une quantité ou un montant; l’unité et le contexte doivent être ajoutés.,MEDIUM,quatre-vingt-trois,quatre-vingt-trois,,,DRAFT,true,,,NON_TESTE,
PROVISIONAL_FRM_NUMBER_084,,Sénoufo Cebaara (senã́rì),sef,Cebaara — parler de Korhogo (numéraux attestés uniquement),NUMBER_0_100,Lecture isolée d’un nombre pour une quantité ou un montant; l’unité et le contexte doivent être ajoutés.,MEDIUM,quatre-vingt-quatre,quatre-vingt-quatre,,,DRAFT,true,,,NON_TESTE,
PROVISIONAL_FRM_NUMBER_085,,Sénoufo Cebaara (senã́rì),sef,Cebaara — parler de Korhogo (numéraux attestés uniquement),NUMBER_0_100,Lecture isolée d’un nombre pour une quantité ou un montant; l’unité et le contexte doivent être ajoutés.,MEDIUM,quatre-vingt-cinq,quatre-vingt-cinq,,,DRAFT,true,,,NON_TESTE,
PROVISIONAL_FRM_NUMBER_086,,Sénoufo Cebaara (senã́rì),sef,Cebaara — parler de Korhogo (numéraux attestés uniquement),NUMBER_0_100,Lecture isolée d’un nombre pour une quantité ou un montant; l’unité et le contexte doivent être ajoutés.,MEDIUM,quatre-vingt-six,quatre-vingt-six,,,DRAFT,true,,,NON_TESTE,
PROVISIONAL_FRM_NUMBER_087,,Sénoufo Cebaara (senã́rì),sef,Cebaara — parler de Korhogo (numéraux attestés uniquement),NUMBER_0_100,Lecture isolée d’un nombre pour une quantité ou un montant; l’unité et le contexte doivent être ajoutés.,MEDIUM,quatre-vingt-sept,quatre-vingt-sept,,,DRAFT,true,,,NON_TESTE,
PROVISIONAL_FRM_NUMBER_088,,Sénoufo Cebaara (senã́rì),sef,Cebaara — parler de Korhogo (numéraux attestés uniquement),NUMBER_0_100,Lecture isolée d’un nombre pour une quantité ou un montant; l’unité et le contexte doivent être ajoutés.,MEDIUM,quatre-vingt-huit,quatre-vingt-huit,,,DRAFT,true,,,NON_TESTE,
PROVISIONAL_FRM_NUMBER_089,,Sénoufo Cebaara (senã́rì),sef,Cebaara — parler de Korhogo (numéraux attestés uniquement),NUMBER_0_100,Lecture isolée d’un nombre pour une quantité ou un montant; l’unité et le contexte doivent être ajoutés.,MEDIUM,quatre-vingt-neuf,quatre-vingt-neuf,,,DRAFT,true,,,NON_TESTE,
PROVISIONAL_FRM_NUMBER_090,,Sénoufo Cebaara (senã́rì),sef,Cebaara — parler de Korhogo (numéraux attestés uniquement),NUMBER_0_100,Lecture isolée d’un nombre pour une quantité ou un montant; l’unité et le contexte doivent être ajoutés.,MEDIUM,quatre-vingt-dix,quatre-vingt-dix,kyɛbele kpɛ-cɛrɛ,kyɛbele kpɛ-cɛrɛ | toloyo sicɛrɛ ní kyɛ,DRAFT,true,,,NON_TESTE,
PROVISIONAL_FRM_NUMBER_091,,Sénoufo Cebaara (senã́rì),sef,Cebaara — parler de Korhogo (numéraux attestés uniquement),NUMBER_0_100,Lecture isolée d’un nombre pour une quantité ou un montant; l’unité et le contexte doivent être ajoutés.,MEDIUM,quatre-vingt-onze,quatre-vingt-onze,,,DRAFT,true,,,NON_TESTE,
PROVISIONAL_FRM_NUMBER_092,,Sénoufo Cebaara (senã́rì),sef,Cebaara — parler de Korhogo (numéraux attestés uniquement),NUMBER_0_100,Lecture isolée d’un nombre pour une quantité ou un montant; l’unité et le contexte doivent être ajoutés.,MEDIUM,quatre-vingt-douze,quatre-vingt-douze,,,DRAFT,true,,,NON_TESTE,
PROVISIONAL_FRM_NUMBER_093,,Sénoufo Cebaara (senã́rì),sef,Cebaara — parler de Korhogo (numéraux attestés uniquement),NUMBER_0_100,Lecture isolée d’un nombre pour une quantité ou un montant; l’unité et le contexte doivent être ajoutés.,MEDIUM,quatre-vingt-treize,quatre-vingt-treize,,,DRAFT,true,,,NON_TESTE,
PROVISIONAL_FRM_NUMBER_094,,Sénoufo Cebaara (senã́rì),sef,Cebaara — parler de Korhogo (numéraux attestés uniquement),NUMBER_0_100,Lecture isolée d’un nombre pour une quantité ou un montant; l’unité et le contexte doivent être ajoutés.,MEDIUM,quatre-vingt-quatorze,quatre-vingt-quatorze,,,DRAFT,true,,,NON_TESTE,
PROVISIONAL_FRM_NUMBER_095,,Sénoufo Cebaara (senã́rì),sef,Cebaara — parler de Korhogo (numéraux attestés uniquement),NUMBER_0_100,Lecture isolée d’un nombre pour une quantité ou un montant; l’unité et le contexte doivent être ajoutés.,MEDIUM,quatre-vingt-quinze,quatre-vingt-quinze,,,DRAFT,true,,,NON_TESTE,
PROVISIONAL_FRM_NUMBER_096,,Sénoufo Cebaara (senã́rì),sef,Cebaara — parler de Korhogo (numéraux attestés uniquement),NUMBER_0_100,Lecture isolée d’un nombre pour une quantité ou un montant; l’unité et le contexte doivent être ajoutés.,MEDIUM,quatre-vingt-seize,quatre-vingt-seize,,,DRAFT,true,,,NON_TESTE,
PROVISIONAL_FRM_NUMBER_097,,Sénoufo Cebaara (senã́rì),sef,Cebaara — parler de Korhogo (numéraux attestés uniquement),NUMBER_0_100,Lecture isolée d’un nombre pour une quantité ou un montant; l’unité et le contexte doivent être ajoutés.,MEDIUM,quatre-vingt-dix-sept,quatre-vingt-dix-sept,,,DRAFT,true,,,NON_TESTE,
PROVISIONAL_FRM_NUMBER_098,,Sénoufo Cebaara (senã́rì),sef,Cebaara — parler de Korhogo (numéraux attestés uniquement),NUMBER_0_100,Lecture isolée d’un nombre pour une quantité ou un montant; l’unité et le contexte doivent être ajoutés.,MEDIUM,quatre-vingt-dix-huit,quatre-vingt-dix-huit,,,DRAFT,true,,,NON_TESTE,
PROVISIONAL_FRM_NUMBER_099,,Sénoufo Cebaara (senã́rì),sef,Cebaara — parler de Korhogo (numéraux attestés uniquement),NUMBER_0_100,Lecture isolée d’un nombre pour une quantité ou un montant; l’unité et le contexte doivent être ajoutés.,MEDIUM,quatre-vingt-dix-neuf,quatre-vingt-dix-neuf,,,DRAFT,true,,,NON_TESTE,
PROVISIONAL_FRM_NUMBER_100,,Sénoufo Cebaara (senã́rì),sef,Cebaara — parler de Korhogo (numéraux attestés uniquement),NUMBER_0_100,Lecture isolée d’un nombre pour une quantité ou un montant; l’unité et le contexte doivent être ajoutés.,MEDIUM,cent,cent,dabata nijan,dabata nijan | toloyo kagulo,DRAFT,true,,,NON_TESTE,
PROVISIONAL_FRM_NUMBER_HUNDRED_200,,Sénoufo Cebaara (senã́rì),sef,Cebaara — parler de Korhogo (numéraux attestés uniquement),NUMBER_HUNDREDS,Lecture isolée d’une centaine ou de mille; l’unité et le contexte doivent être ajoutés.,MEDIUM,deux cents,deux cents,dabatabele syiin,dabatabele syiin | sirakele,DRAFT,true,,,NON_TESTE,
PROVISIONAL_FRM_NUMBER_HUNDRED_300,,Sénoufo Cebaara (senã́rì),sef,Cebaara — parler de Korhogo (numéraux attestés uniquement),NUMBER_HUNDREDS,Lecture isolée d’une centaine ou de mille; l’unité et le contexte doivent être ajoutés.,MEDIUM,trois cents,trois cents,dabatabele taanri,dabatabele taanri | sirakele ní toloyo kagulo,DRAFT,true,,,NON_TESTE,
PROVISIONAL_FRM_NUMBER_HUNDRED_400,,Sénoufo Cebaara (senã́rì),sef,Cebaara — parler de Korhogo (numéraux attestés uniquement),NUMBER_HUNDREDS,Lecture isolée d’une centaine ou de mille; l’unité et le contexte doivent être ajoutés.,MEDIUM,quatre cents,quatre cents,dabatabele sicɛrɛ,dabatabele sicɛrɛ | sirabele syiin,DRAFT,true,,,NON_TESTE,
PROVISIONAL_FRM_NUMBER_HUNDRED_500,,Sénoufo Cebaara (senã́rì),sef,Cebaara — parler de Korhogo (numéraux attestés uniquement),NUMBER_HUNDREDS,Lecture isolée d’une centaine ou de mille; l’unité et le contexte doivent être ajoutés.,MEDIUM,cinq cents,cinq cents,dabatabele kagulo,dabatabele kagulo | sirabele syiin ní toloyo kagulo,DRAFT,true,,,NON_TESTE,
PROVISIONAL_FRM_NUMBER_HUNDRED_600,,Sénoufo Cebaara (senã́rì),sef,Cebaara — parler de Korhogo (numéraux attestés uniquement),NUMBER_HUNDREDS,Lecture isolée d’une centaine ou de mille; l’unité et le contexte doivent être ajoutés.,MEDIUM,six cents,six cents,dabatabele kpa-rani,dabatabele kpa-rani | sirabele taanri,DRAFT,true,,,NON_TESTE,
PROVISIONAL_FRM_NUMBER_HUNDRED_700,,Sénoufo Cebaara (senã́rì),sef,Cebaara — parler de Korhogo (numéraux attestés uniquement),NUMBER_HUNDREDS,Lecture isolée d’une centaine ou de mille; l’unité et le contexte doivent être ajoutés.,MEDIUM,sept cents,sept cents,dabatabele kpara-syiin,dabatabele kpara-syiin | sirabele taanri ní toloyo kagulo,DRAFT,true,,,NON_TESTE,
PROVISIONAL_FRM_NUMBER_HUNDRED_800,,Sénoufo Cebaara (senã́rì),sef,Cebaara — parler de Korhogo (numéraux attestés uniquement),NUMBER_HUNDREDS,Lecture isolée d’une centaine ou de mille; l’unité et le contexte doivent être ajoutés.,MEDIUM,huit cents,huit cents,dabatabele kpara-taanri,dabatabele kpara-taanri | sirabele sicɛrɛ,DRAFT,true,,,NON_TESTE,
PROVISIONAL_FRM_NUMBER_HUNDRED_900,,Sénoufo Cebaara (senã́rì),sef,Cebaara — parler de Korhogo (numéraux attestés uniquement),NUMBER_HUNDREDS,Lecture isolée d’une centaine ou de mille; l’unité et le contexte doivent être ajoutés.,MEDIUM,neuf cents,neuf cents,dabatabele kpɛ-cɛrɛ,dabatabele kpɛ-cɛrɛ | sirabele sicɛrɛ ní toloyo kagulo,DRAFT,true,,,NON_TESTE,
PROVISIONAL_FRM_NUMBER_THOUSAND_1000,,Sénoufo Cebaara (senã́rì),sef,Cebaara — parler de Korhogo (numéraux attestés uniquement),NUMBER_THOUSAND,Lecture isolée d’une centaine ou de mille; l’unité et le contexte doivent être ajoutés.,MEDIUM,mille,mille,waga nijan,waga nijan | sirabele kagulo,DRAFT,true,,,NON_TESTE,
PROVISIONAL_FRM_UNIT_01_UNITE,,Sénoufo Cebaara (senã́rì),sef,Cebaara — parler de Korhogo (numéraux attestés uniquement),UNIT,Unité de vente orale.,LOW,unité,à l’unité,,,DRAFT,true,,,NON_TESTE,
PROVISIONAL_FRM_UNIT_02_TAS,,Sénoufo Cebaara (senã́rì),sef,Cebaara — parler de Korhogo (numéraux attestés uniquement),UNIT,Unité de vente orale.,LOW,tas,tas,,,DRAFT,true,,,NON_TESTE,
PROVISIONAL_FRM_UNIT_03_SAC,,Sénoufo Cebaara (senã́rì),sef,Cebaara — parler de Korhogo (numéraux attestés uniquement),UNIT,Unité de vente orale.,LOW,sac,sac,,,DRAFT,true,,,NON_TESTE,
PROVISIONAL_FRM_UNIT_04_KILO,,Sénoufo Cebaara (senã́rì),sef,Cebaara — parler de Korhogo (numéraux attestés uniquement),UNIT,Unité de vente orale.,LOW,kilo,kilo,,,DRAFT,true,,,NON_TESTE,
PROVISIONAL_FRM_UNIT_05_BOTTE,,Sénoufo Cebaara (senã́rì),sef,Cebaara — parler de Korhogo (numéraux attestés uniquement),UNIT,Unité de vente orale.,LOW,botte,botte,,,DRAFT,true,,,NON_TESTE,
PROVISIONAL_FRM_UNIT_06_BIDON,,Sénoufo Cebaara (senã́rì),sef,Cebaara — parler de Korhogo (numéraux attestés uniquement),UNIT,Unité de vente orale.,LOW,bidon,bidon,,,DRAFT,true,,,NON_TESTE,
PROVISIONAL_FRM_UNIT_07_SACHET,,Sénoufo Cebaara (senã́rì),sef,Cebaara — parler de Korhogo (numéraux attestés uniquement),UNIT,Unité de vente orale.,LOW,sachet,sachet,,,DRAFT,true,,,NON_TESTE,
PROVISIONAL_FRM_UNIT_08_PAQUET,,Sénoufo Cebaara (senã́rì),sef,Cebaara — parler de Korhogo (numéraux attestés uniquement),UNIT,Unité de vente orale.,LOW,paquet,paquet,,,DRAFT,true,,,NON_TESTE,
PROVISIONAL_FRM_UNIT_09_MORCEAU,,Sénoufo Cebaara (senã́rì),sef,Cebaara — parler de Korhogo (numéraux attestés uniquement),UNIT,Unité de vente orale.,LOW,morceau,morceau,,,DRAFT,true,,,NON_TESTE,
PROVISIONAL_FRM_UNIT_10_LITRE,,Sénoufo Cebaara (senã́rì),sef,Cebaara — parler de Korhogo (numéraux attestés uniquement),UNIT,Unité de vente orale.,LOW,litre,litre,,,DRAFT,true,,,NON_TESTE,
PROVISIONAL_FRM_UNIT_11_REGIME,,Sénoufo Cebaara (senã́rì),sef,Cebaara — parler de Korhogo (numéraux attestés uniquement),UNIT,Unité de vente orale.,LOW,régime,régime,,,DRAFT,true,,,NON_TESTE,
PROVISIONAL_FRM_UNIT_12_CARTON,,Sénoufo Cebaara (senã́rì),sef,Cebaara — parler de Korhogo (numéraux attestés uniquement),UNIT,Unité de vente orale.,LOW,carton,carton,,,DRAFT,true,,,NON_TESTE,
PROVISIONAL_FRM_UNIT_13_CAISSE,,Sénoufo Cebaara (senã́rì),sef,Cebaara — parler de Korhogo (numéraux attestés uniquement),UNIT,Unité de vente orale.,LOW,caisse,caisse,,,DRAFT,true,,,NON_TESTE,
PROVISIONAL_FRM_UNIT_14_BOUTEILLE,,Sénoufo Cebaara (senã́rì),sef,Cebaara — parler de Korhogo (numéraux attestés uniquement),UNIT,Unité de vente orale.,LOW,bouteille,bouteille,,,DRAFT,true,,,NON_TESTE,
PROVISIONAL_FRM_UNIT_15_PANIER,,Sénoufo Cebaara (senã́rì),sef,Cebaara — parler de Korhogo (numéraux attestés uniquement),UNIT,Unité de vente orale.,LOW,panier,panier,,,DRAFT,true,,,NON_TESTE,
PROVISIONAL_FRM_UNIT_16_FRANC,,Sénoufo Cebaara (senã́rì),sef,Cebaara — parler de Korhogo (numéraux attestés uniquement),UNIT,Dénomination monétaire orale; à associer à un nombre et au contexte.,HIGH,franc,franc,,,DRAFT,true,,,NON_TESTE,
PROVISIONAL_FRM_UNIT_17_FCFA,,Sénoufo Cebaara (senã́rì),sef,Cebaara — parler de Korhogo (numéraux attestés uniquement),UNIT,Dénomination monétaire orale; à associer à un nombre et au contexte.,HIGH,FCFA,franc CFA,,,DRAFT,true,,,NON_TESTE,
PROVISIONAL_FRM_PRODUCT_01_TOMATE,,Sénoufo Cebaara (senã́rì),sef,Cebaara — parler de Korhogo (numéraux attestés uniquement),PRODUCT,Nom de produit à annoncer ou saisir dans une vente; aucun identifiant produit métier n’est créé.,LOW,tomate,tomate,,,DRAFT,true,,,NON_TESTE,
PROVISIONAL_FRM_PRODUCT_02_PIMENT,,Sénoufo Cebaara (senã́rì),sef,Cebaara — parler de Korhogo (numéraux attestés uniquement),PRODUCT,Nom de produit à annoncer ou saisir dans une vente; aucun identifiant produit métier n’est créé.,LOW,piment,piment,,,DRAFT,true,,,NON_TESTE,
PROVISIONAL_FRM_PRODUCT_03_GOMBO,,Sénoufo Cebaara (senã́rì),sef,Cebaara — parler de Korhogo (numéraux attestés uniquement),PRODUCT,Nom de produit à annoncer ou saisir dans une vente; aucun identifiant produit métier n’est créé.,LOW,gombo,gombo,,,DRAFT,true,,,NON_TESTE,
PROVISIONAL_FRM_PRODUCT_04_ATTIEKE,,Sénoufo Cebaara (senã́rì),sef,Cebaara — parler de Korhogo (numéraux attestés uniquement),PRODUCT,Nom de produit à annoncer ou saisir dans une vente; aucun identifiant produit métier n’est créé.,LOW,attiéké,attiéké,,,DRAFT,true,,,NON_TESTE,
PROVISIONAL_FRM_PRODUCT_05_BANANE,,Sénoufo Cebaara (senã́rì),sef,Cebaara — parler de Korhogo (numéraux attestés uniquement),PRODUCT,Nom de produit à annoncer ou saisir dans une vente; aucun identifiant produit métier n’est créé.,LOW,banane,banane,,,DRAFT,true,,,NON_TESTE,
PROVISIONAL_FRM_PRODUCT_06_PLANTAIN,,Sénoufo Cebaara (senã́rì),sef,Cebaara — parler de Korhogo (numéraux attestés uniquement),PRODUCT,Nom de produit à annoncer ou saisir dans une vente; aucun identifiant produit métier n’est créé.,LOW,plantain,plantain,,,DRAFT,true,,,NON_TESTE,
PROVISIONAL_FRM_PRODUCT_07_IGNAME,,Sénoufo Cebaara (senã́rì),sef,Cebaara — parler de Korhogo (numéraux attestés uniquement),PRODUCT,Nom de produit à annoncer ou saisir dans une vente; aucun identifiant produit métier n’est créé.,LOW,igname,igname,,,DRAFT,true,,,NON_TESTE,
PROVISIONAL_FRM_PRODUCT_08_MANIOC,,Sénoufo Cebaara (senã́rì),sef,Cebaara — parler de Korhogo (numéraux attestés uniquement),PRODUCT,Nom de produit à annoncer ou saisir dans une vente; aucun identifiant produit métier n’est créé.,LOW,manioc,manioc,,,DRAFT,true,,,NON_TESTE,
PROVISIONAL_FRM_PRODUCT_09_AUBERGINE,,Sénoufo Cebaara (senã́rì),sef,Cebaara — parler de Korhogo (numéraux attestés uniquement),PRODUCT,Nom de produit à annoncer ou saisir dans une vente; aucun identifiant produit métier n’est créé.,LOW,aubergine,aubergine,,,DRAFT,true,,,NON_TESTE,
PROVISIONAL_FRM_PRODUCT_10_OIGNON,,Sénoufo Cebaara (senã́rì),sef,Cebaara — parler de Korhogo (numéraux attestés uniquement),PRODUCT,Nom de produit à annoncer ou saisir dans une vente; aucun identifiant produit métier n’est créé.,LOW,oignon,oignon,,,DRAFT,true,,,NON_TESTE,
PROVISIONAL_FRM_PRODUCT_11_AIL,,Sénoufo Cebaara (senã́rì),sef,Cebaara — parler de Korhogo (numéraux attestés uniquement),PRODUCT,Nom de produit à annoncer ou saisir dans une vente; aucun identifiant produit métier n’est créé.,LOW,ail,ail,,,DRAFT,true,,,NON_TESTE,
PROVISIONAL_FRM_PRODUCT_12_POISSON,,Sénoufo Cebaara (senã́rì),sef,Cebaara — parler de Korhogo (numéraux attestés uniquement),PRODUCT,Nom de produit à annoncer ou saisir dans une vente; aucun identifiant produit métier n’est créé.,LOW,poisson,poisson,,,DRAFT,true,,,NON_TESTE,
PROVISIONAL_FRM_PRODUCT_13_VIANDE,,Sénoufo Cebaara (senã́rì),sef,Cebaara — parler de Korhogo (numéraux attestés uniquement),PRODUCT,Nom de produit à annoncer ou saisir dans une vente; aucun identifiant produit métier n’est créé.,LOW,viande,viande,,,DRAFT,true,,,NON_TESTE,
PROVISIONAL_FRM_PRODUCT_14_POULET,,Sénoufo Cebaara (senã́rì),sef,Cebaara — parler de Korhogo (numéraux attestés uniquement),PRODUCT,Nom de produit à annoncer ou saisir dans une vente; aucun identifiant produit métier n’est créé.,LOW,poulet,poulet,,,DRAFT,true,,,NON_TESTE,
PROVISIONAL_FRM_PRODUCT_15_HUILE,,Sénoufo Cebaara (senã́rì),sef,Cebaara — parler de Korhogo (numéraux attestés uniquement),PRODUCT,Nom de produit à annoncer ou saisir dans une vente; aucun identifiant produit métier n’est créé.,LOW,huile,huile,,,DRAFT,true,,,NON_TESTE,
PROVISIONAL_FRM_PRODUCT_16_SEL,,Sénoufo Cebaara (senã́rì),sef,Cebaara — parler de Korhogo (numéraux attestés uniquement),PRODUCT,Nom de produit à annoncer ou saisir dans une vente; aucun identifiant produit métier n’est créé.,LOW,sel,sel,,,DRAFT,true,,,NON_TESTE,
PROVISIONAL_FRM_PRODUCT_17_SUCRE,,Sénoufo Cebaara (senã́rì),sef,Cebaara — parler de Korhogo (numéraux attestés uniquement),PRODUCT,Nom de produit à annoncer ou saisir dans une vente; aucun identifiant produit métier n’est créé.,LOW,sucre,sucre,,,DRAFT,true,,,NON_TESTE,
PROVISIONAL_FRM_PRODUCT_18_RIZ,,Sénoufo Cebaara (senã́rì),sef,Cebaara — parler de Korhogo (numéraux attestés uniquement),PRODUCT,Nom de produit à annoncer ou saisir dans une vente; aucun identifiant produit métier n’est créé.,LOW,riz,riz,,,DRAFT,true,,,NON_TESTE,
PROVISIONAL_FRM_PRODUCT_19_HARICOT,,Sénoufo Cebaara (senã́rì),sef,Cebaara — parler de Korhogo (numéraux attestés uniquement),PRODUCT,Nom de produit à annoncer ou saisir dans une vente; aucun identifiant produit métier n’est créé.,LOW,haricot,haricot,,,DRAFT,true,,,NON_TESTE,
PROVISIONAL_FRM_PRODUCT_20_MAIS,,Sénoufo Cebaara (senã́rì),sef,Cebaara — parler de Korhogo (numéraux attestés uniquement),PRODUCT,Nom de produit à annoncer ou saisir dans une vente; aucun identifiant produit métier n’est créé.,LOW,maïs,maïs,,,DRAFT,true,,,NON_TESTE,
PROVISIONAL_FRM_PRODUCT_21_FOUTOU,,Sénoufo Cebaara (senã́rì),sef,Cebaara — parler de Korhogo (numéraux attestés uniquement),PRODUCT,Nom de produit à annoncer ou saisir dans une vente; aucun identifiant produit métier n’est créé.,LOW,foutou,foutou,,,DRAFT,true,,,NON_TESTE,
PROVISIONAL_FRM_PRODUCT_22_ORANGE,,Sénoufo Cebaara (senã́rì),sef,Cebaara — parler de Korhogo (numéraux attestés uniquement),PRODUCT,Nom de produit à annoncer ou saisir dans une vente; aucun identifiant produit métier n’est créé.,LOW,orange,orange,,,DRAFT,true,,,NON_TESTE,
PROVISIONAL_FRM_PRODUCT_23_SAVON,,Sénoufo Cebaara (senã́rì),sef,Cebaara — parler de Korhogo (numéraux attestés uniquement),PRODUCT,Nom de produit à annoncer ou saisir dans une vente; aucun identifiant produit métier n’est créé.,LOW,savon,savon,,,DRAFT,true,,,NON_TESTE,
PROVISIONAL_FRM_PRODUCT_24_FARINE,,Sénoufo Cebaara (senã́rì),sef,Cebaara — parler de Korhogo (numéraux attestés uniquement),PRODUCT,Nom de produit à annoncer ou saisir dans une vente; aucun identifiant produit métier n’est créé.,LOW,farine,farine,,,DRAFT,true,,,NON_TESTE,
PROVISIONAL_FRM_PRODUCT_25_JUS,,Sénoufo Cebaara (senã́rì),sef,Cebaara — parler de Korhogo (numéraux attestés uniquement),PRODUCT,Nom de produit à annoncer ou saisir dans une vente; aucun identifiant produit métier n’est créé.,LOW,jus,jus,,,DRAFT,true,,,NON_TESTE,
PROVISIONAL_FRM_PRODUCT_26_LAIT,,Sénoufo Cebaara (senã́rì),sef,Cebaara — parler de Korhogo (numéraux attestés uniquement),PRODUCT,Nom de produit à annoncer ou saisir dans une vente; aucun identifiant produit métier n’est créé.,LOW,lait,lait,,,DRAFT,true,,,NON_TESTE,
PROVISIONAL_FRM_INTENT_01,,Wê/Guéré,gxx,Wè Southern (Central Guéré),FINANCIAL_PRIORITY_INTENT,Commande orale d’encaissement; elle ne vaut pas confirmation métier du paiement.,CRITICAL,Encaisse.,Encaisse ça.,,,DRAFT,true,,,NON_TESTE,
PROVISIONAL_FRM_INTENT_02,,Wê/Guéré,gxx,Wè Southern (Central Guéré),FINANCIAL_PRIORITY_INTENT,Demande du montant encore dû par une cliente.,CRITICAL,Combien elle doit ?,Elle doit combien ?,,,DRAFT,true,,,NON_TESTE,
PROVISIONAL_FRM_INTENT_03,,Wê/Guéré,gxx,Wè Southern (Central Guéré),FINANCIAL_PRIORITY_INTENT,Accord oral avant une validation; la confirmation métier reste distincte.,CRITICAL,"Oui, valide.","Oui, tu peux valider.",,,DRAFT,true,,,NON_TESTE,
PROVISIONAL_FRM_INTENT_04,,Wê/Guéré,gxx,Wè Southern (Central Guéré),FINANCIAL_PRIORITY_INTENT,Refus ou demande d’annulation avant confirmation métier.,CRITICAL,Non / annule.,"Non, annule.",,,DRAFT,true,,,NON_TESTE,
PROVISIONAL_FRM_INTENT_05,,Wê/Guéré,gxx,Wè Southern (Central Guéré),FINANCIAL_PRIORITY_INTENT,Annonce d’un montant manquant dans le paiement.,CRITICAL,Il manque {montant} francs.,Il manque {montant} francs.,,,DRAFT,true,,,NON_TESTE,
PROVISIONAL_FRM_INTENT_06,,Wê/Guéré,gxx,Wè Southern (Central Guéré),FINANCIAL_PRIORITY_INTENT,Demande de vérifier le calcul ou le compte avant la suite.,CRITICAL,Compte juste.,Vérifie bien le compte.,,,DRAFT,true,,,NON_TESTE,
PROVISIONAL_FRM_INTENT_07,,Wê/Guéré,gxx,Wè Southern (Central Guéré),FINANCIAL_PRIORITY_INTENT,Annonce du montant effectivement remis par la cliente.,CRITICAL,Elle a donné {recu} francs.,Elle a donné {recu} francs.,,,DRAFT,true,,,NON_TESTE,
PROVISIONAL_FRM_INTENT_08,,Wê/Guéré,gxx,Wè Southern (Central Guéré),FINANCIAL_PRIORITY_INTENT,Annonce de la monnaie à rendre à la cliente.,CRITICAL,Tu rends {monnaie} francs.,Tu lui rends {monnaie} francs.,,,DRAFT,true,,,NON_TESTE,
PROVISIONAL_FRM_INTENT_09,,Wê/Guéré,gxx,Wè Southern (Central Guéré),FINANCIAL_PRIORITY_INTENT,Annonce du total dû par la cliente.,CRITICAL,Elle doit {total} francs.,Elle doit {total} francs.,,,DRAFT,true,,,NON_TESTE,
PROVISIONAL_FRM_INTENT_10,,Wê/Guéré,gxx,Wè Southern (Central Guéré),FINANCIAL_PRIORITY_INTENT,Demande orale de validation avant l’action métier.,CRITICAL,Je valide ?,Je valide ça ?,,,DRAFT,true,,,NON_TESTE,
PROVISIONAL_FRM_INTENT_11,,Wê/Guéré,gxx,Wè Southern (Central Guéré),FINANCIAL_PRIORITY_INTENT,Question sur le prix d’un seul article.,HIGH,Prix d’un seul.,"Un seul, c’est combien ?",,,DRAFT,true,,,NON_TESTE,
PROVISIONAL_FRM_INTENT_12,,Wê/Guéré,gxx,Wè Southern (Central Guéré),FINANCIAL_PRIORITY_INTENT,Question sur le prix total de l’ensemble présenté.,HIGH,Prix du tout.,"Tout ça, c’est combien ?",,,DRAFT,true,,,NON_TESTE,
PROVISIONAL_FRM_INTENT_13,,Wê/Guéré,gxx,Wè Southern (Central Guéré),FINANCIAL_PRIORITY_INTENT,Question générale sur le montant à payer ou le total.,HIGH,Combien ?,Ça fait combien ?,,,DRAFT,true,,,NON_TESTE,
PROVISIONAL_FRM_INTENT_14,,Wê/Guéré,gxx,Wè Southern (Central Guéré),FINANCIAL_PRIORITY_INTENT,Question sur le prix d’un produit ou d’une quantité montrée.,HIGH,C’est à combien ?,C’est à combien ?,,,DRAFT,true,,,NON_TESTE,
PROVISIONAL_FRM_INTENT_15,,Wê/Guéré,gxx,Wè Southern (Central Guéré),FINANCIAL_PRIORITY_INTENT,Question ouverte sur le produit ou l’article vendu.,LOW,Tu as vendu quoi ?,Tu as vendu quoi ?,,,DRAFT,true,,,NON_TESTE,
PROVISIONAL_FRM_NUMBER_000,,Wê/Guéré,gxx,Wè Southern (Central Guéré),NUMBER_0_100,Lecture isolée d’un nombre pour une quantité ou un montant; l’unité et le contexte doivent être ajoutés.,MEDIUM,zéro,zéro,,,DRAFT,true,,,NON_TESTE,
PROVISIONAL_FRM_NUMBER_001,,Wê/Guéré,gxx,Wè Southern (Central Guéré),NUMBER_0_100,Lecture isolée d’un nombre pour une quantité ou un montant; l’unité et le contexte doivent être ajoutés.,MEDIUM,un,un,,,DRAFT,true,,,NON_TESTE,
PROVISIONAL_FRM_NUMBER_002,,Wê/Guéré,gxx,Wè Southern (Central Guéré),NUMBER_0_100,Lecture isolée d’un nombre pour une quantité ou un montant; l’unité et le contexte doivent être ajoutés.,MEDIUM,deux,deux,,,DRAFT,true,,,NON_TESTE,
PROVISIONAL_FRM_NUMBER_003,,Wê/Guéré,gxx,Wè Southern (Central Guéré),NUMBER_0_100,Lecture isolée d’un nombre pour une quantité ou un montant; l’unité et le contexte doivent être ajoutés.,MEDIUM,trois,trois,,,DRAFT,true,,,NON_TESTE,
PROVISIONAL_FRM_NUMBER_004,,Wê/Guéré,gxx,Wè Southern (Central Guéré),NUMBER_0_100,Lecture isolée d’un nombre pour une quantité ou un montant; l’unité et le contexte doivent être ajoutés.,MEDIUM,quatre,quatre,,,DRAFT,true,,,NON_TESTE,
PROVISIONAL_FRM_NUMBER_005,,Wê/Guéré,gxx,Wè Southern (Central Guéré),NUMBER_0_100,Lecture isolée d’un nombre pour une quantité ou un montant; l’unité et le contexte doivent être ajoutés.,MEDIUM,cinq,cinq,,,DRAFT,true,,,NON_TESTE,
PROVISIONAL_FRM_NUMBER_006,,Wê/Guéré,gxx,Wè Southern (Central Guéré),NUMBER_0_100,Lecture isolée d’un nombre pour une quantité ou un montant; l’unité et le contexte doivent être ajoutés.,MEDIUM,six,six,,,DRAFT,true,,,NON_TESTE,
PROVISIONAL_FRM_NUMBER_007,,Wê/Guéré,gxx,Wè Southern (Central Guéré),NUMBER_0_100,Lecture isolée d’un nombre pour une quantité ou un montant; l’unité et le contexte doivent être ajoutés.,MEDIUM,sept,sept,,,DRAFT,true,,,NON_TESTE,
PROVISIONAL_FRM_NUMBER_008,,Wê/Guéré,gxx,Wè Southern (Central Guéré),NUMBER_0_100,Lecture isolée d’un nombre pour une quantité ou un montant; l’unité et le contexte doivent être ajoutés.,MEDIUM,huit,huit,,,DRAFT,true,,,NON_TESTE,
PROVISIONAL_FRM_NUMBER_009,,Wê/Guéré,gxx,Wè Southern (Central Guéré),NUMBER_0_100,Lecture isolée d’un nombre pour une quantité ou un montant; l’unité et le contexte doivent être ajoutés.,MEDIUM,neuf,neuf,,,DRAFT,true,,,NON_TESTE,
PROVISIONAL_FRM_NUMBER_010,,Wê/Guéré,gxx,Wè Southern (Central Guéré),NUMBER_0_100,Lecture isolée d’un nombre pour une quantité ou un montant; l’unité et le contexte doivent être ajoutés.,MEDIUM,dix,dix,,,DRAFT,true,,,NON_TESTE,
PROVISIONAL_FRM_NUMBER_011,,Wê/Guéré,gxx,Wè Southern (Central Guéré),NUMBER_0_100,Lecture isolée d’un nombre pour une quantité ou un montant; l’unité et le contexte doivent être ajoutés.,MEDIUM,onze,onze,,,DRAFT,true,,,NON_TESTE,
PROVISIONAL_FRM_NUMBER_012,,Wê/Guéré,gxx,Wè Southern (Central Guéré),NUMBER_0_100,Lecture isolée d’un nombre pour une quantité ou un montant; l’unité et le contexte doivent être ajoutés.,MEDIUM,douze,douze,,,DRAFT,true,,,NON_TESTE,
PROVISIONAL_FRM_NUMBER_013,,Wê/Guéré,gxx,Wè Southern (Central Guéré),NUMBER_0_100,Lecture isolée d’un nombre pour une quantité ou un montant; l’unité et le contexte doivent être ajoutés.,MEDIUM,treize,treize,,,DRAFT,true,,,NON_TESTE,
PROVISIONAL_FRM_NUMBER_014,,Wê/Guéré,gxx,Wè Southern (Central Guéré),NUMBER_0_100,Lecture isolée d’un nombre pour une quantité ou un montant; l’unité et le contexte doivent être ajoutés.,MEDIUM,quatorze,quatorze,,,DRAFT,true,,,NON_TESTE,
PROVISIONAL_FRM_NUMBER_015,,Wê/Guéré,gxx,Wè Southern (Central Guéré),NUMBER_0_100,Lecture isolée d’un nombre pour une quantité ou un montant; l’unité et le contexte doivent être ajoutés.,MEDIUM,quinze,quinze,,,DRAFT,true,,,NON_TESTE,
PROVISIONAL_FRM_NUMBER_016,,Wê/Guéré,gxx,Wè Southern (Central Guéré),NUMBER_0_100,Lecture isolée d’un nombre pour une quantité ou un montant; l’unité et le contexte doivent être ajoutés.,MEDIUM,seize,seize,,,DRAFT,true,,,NON_TESTE,
PROVISIONAL_FRM_NUMBER_017,,Wê/Guéré,gxx,Wè Southern (Central Guéré),NUMBER_0_100,Lecture isolée d’un nombre pour une quantité ou un montant; l’unité et le contexte doivent être ajoutés.,MEDIUM,dix-sept,dix-sept,,,DRAFT,true,,,NON_TESTE,
PROVISIONAL_FRM_NUMBER_018,,Wê/Guéré,gxx,Wè Southern (Central Guéré),NUMBER_0_100,Lecture isolée d’un nombre pour une quantité ou un montant; l’unité et le contexte doivent être ajoutés.,MEDIUM,dix-huit,dix-huit,,,DRAFT,true,,,NON_TESTE,
PROVISIONAL_FRM_NUMBER_019,,Wê/Guéré,gxx,Wè Southern (Central Guéré),NUMBER_0_100,Lecture isolée d’un nombre pour une quantité ou un montant; l’unité et le contexte doivent être ajoutés.,MEDIUM,dix-neuf,dix-neuf,,,DRAFT,true,,,NON_TESTE,
PROVISIONAL_FRM_NUMBER_020,,Wê/Guéré,gxx,Wè Southern (Central Guéré),NUMBER_0_100,Lecture isolée d’un nombre pour une quantité ou un montant; l’unité et le contexte doivent être ajoutés.,MEDIUM,vingt,vingt,,,DRAFT,true,,,NON_TESTE,
PROVISIONAL_FRM_NUMBER_021,,Wê/Guéré,gxx,Wè Southern (Central Guéré),NUMBER_0_100,Lecture isolée d’un nombre pour une quantité ou un montant; l’unité et le contexte doivent être ajoutés.,MEDIUM,vingt et un,vingt et un,,,DRAFT,true,,,NON_TESTE,
PROVISIONAL_FRM_NUMBER_022,,Wê/Guéré,gxx,Wè Southern (Central Guéré),NUMBER_0_100,Lecture isolée d’un nombre pour une quantité ou un montant; l’unité et le contexte doivent être ajoutés.,MEDIUM,vingt-deux,vingt-deux,,,DRAFT,true,,,NON_TESTE,
PROVISIONAL_FRM_NUMBER_023,,Wê/Guéré,gxx,Wè Southern (Central Guéré),NUMBER_0_100,Lecture isolée d’un nombre pour une quantité ou un montant; l’unité et le contexte doivent être ajoutés.,MEDIUM,vingt-trois,vingt-trois,,,DRAFT,true,,,NON_TESTE,
PROVISIONAL_FRM_NUMBER_024,,Wê/Guéré,gxx,Wè Southern (Central Guéré),NUMBER_0_100,Lecture isolée d’un nombre pour une quantité ou un montant; l’unité et le contexte doivent être ajoutés.,MEDIUM,vingt-quatre,vingt-quatre,,,DRAFT,true,,,NON_TESTE,
PROVISIONAL_FRM_NUMBER_025,,Wê/Guéré,gxx,Wè Southern (Central Guéré),NUMBER_0_100,Lecture isolée d’un nombre pour une quantité ou un montant; l’unité et le contexte doivent être ajoutés.,MEDIUM,vingt-cinq,vingt-cinq,,,DRAFT,true,,,NON_TESTE,
PROVISIONAL_FRM_NUMBER_026,,Wê/Guéré,gxx,Wè Southern (Central Guéré),NUMBER_0_100,Lecture isolée d’un nombre pour une quantité ou un montant; l’unité et le contexte doivent être ajoutés.,MEDIUM,vingt-six,vingt-six,,,DRAFT,true,,,NON_TESTE,
PROVISIONAL_FRM_NUMBER_027,,Wê/Guéré,gxx,Wè Southern (Central Guéré),NUMBER_0_100,Lecture isolée d’un nombre pour une quantité ou un montant; l’unité et le contexte doivent être ajoutés.,MEDIUM,vingt-sept,vingt-sept,,,DRAFT,true,,,NON_TESTE,
PROVISIONAL_FRM_NUMBER_028,,Wê/Guéré,gxx,Wè Southern (Central Guéré),NUMBER_0_100,Lecture isolée d’un nombre pour une quantité ou un montant; l’unité et le contexte doivent être ajoutés.,MEDIUM,vingt-huit,vingt-huit,,,DRAFT,true,,,NON_TESTE,
PROVISIONAL_FRM_NUMBER_029,,Wê/Guéré,gxx,Wè Southern (Central Guéré),NUMBER_0_100,Lecture isolée d’un nombre pour une quantité ou un montant; l’unité et le contexte doivent être ajoutés.,MEDIUM,vingt-neuf,vingt-neuf,,,DRAFT,true,,,NON_TESTE,
PROVISIONAL_FRM_NUMBER_030,,Wê/Guéré,gxx,Wè Southern (Central Guéré),NUMBER_0_100,Lecture isolée d’un nombre pour une quantité ou un montant; l’unité et le contexte doivent être ajoutés.,MEDIUM,trente,trente,,,DRAFT,true,,,NON_TESTE,
PROVISIONAL_FRM_NUMBER_031,,Wê/Guéré,gxx,Wè Southern (Central Guéré),NUMBER_0_100,Lecture isolée d’un nombre pour une quantité ou un montant; l’unité et le contexte doivent être ajoutés.,MEDIUM,trente et un,trente et un,,,DRAFT,true,,,NON_TESTE,
PROVISIONAL_FRM_NUMBER_032,,Wê/Guéré,gxx,Wè Southern (Central Guéré),NUMBER_0_100,Lecture isolée d’un nombre pour une quantité ou un montant; l’unité et le contexte doivent être ajoutés.,MEDIUM,trente-deux,trente-deux,,,DRAFT,true,,,NON_TESTE,
PROVISIONAL_FRM_NUMBER_033,,Wê/Guéré,gxx,Wè Southern (Central Guéré),NUMBER_0_100,Lecture isolée d’un nombre pour une quantité ou un montant; l’unité et le contexte doivent être ajoutés.,MEDIUM,trente-trois,trente-trois,,,DRAFT,true,,,NON_TESTE,
PROVISIONAL_FRM_NUMBER_034,,Wê/Guéré,gxx,Wè Southern (Central Guéré),NUMBER_0_100,Lecture isolée d’un nombre pour une quantité ou un montant; l’unité et le contexte doivent être ajoutés.,MEDIUM,trente-quatre,trente-quatre,,,DRAFT,true,,,NON_TESTE,
PROVISIONAL_FRM_NUMBER_035,,Wê/Guéré,gxx,Wè Southern (Central Guéré),NUMBER_0_100,Lecture isolée d’un nombre pour une quantité ou un montant; l’unité et le contexte doivent être ajoutés.,MEDIUM,trente-cinq,trente-cinq,,,DRAFT,true,,,NON_TESTE,
PROVISIONAL_FRM_NUMBER_036,,Wê/Guéré,gxx,Wè Southern (Central Guéré),NUMBER_0_100,Lecture isolée d’un nombre pour une quantité ou un montant; l’unité et le contexte doivent être ajoutés.,MEDIUM,trente-six,trente-six,,,DRAFT,true,,,NON_TESTE,
PROVISIONAL_FRM_NUMBER_037,,Wê/Guéré,gxx,Wè Southern (Central Guéré),NUMBER_0_100,Lecture isolée d’un nombre pour une quantité ou un montant; l’unité et le contexte doivent être ajoutés.,MEDIUM,trente-sept,trente-sept,,,DRAFT,true,,,NON_TESTE,
PROVISIONAL_FRM_NUMBER_038,,Wê/Guéré,gxx,Wè Southern (Central Guéré),NUMBER_0_100,Lecture isolée d’un nombre pour une quantité ou un montant; l’unité et le contexte doivent être ajoutés.,MEDIUM,trente-huit,trente-huit,,,DRAFT,true,,,NON_TESTE,
PROVISIONAL_FRM_NUMBER_039,,Wê/Guéré,gxx,Wè Southern (Central Guéré),NUMBER_0_100,Lecture isolée d’un nombre pour une quantité ou un montant; l’unité et le contexte doivent être ajoutés.,MEDIUM,trente-neuf,trente-neuf,,,DRAFT,true,,,NON_TESTE,
PROVISIONAL_FRM_NUMBER_040,,Wê/Guéré,gxx,Wè Southern (Central Guéré),NUMBER_0_100,Lecture isolée d’un nombre pour une quantité ou un montant; l’unité et le contexte doivent être ajoutés.,MEDIUM,quarante,quarante,,,DRAFT,true,,,NON_TESTE,
PROVISIONAL_FRM_NUMBER_041,,Wê/Guéré,gxx,Wè Southern (Central Guéré),NUMBER_0_100,Lecture isolée d’un nombre pour une quantité ou un montant; l’unité et le contexte doivent être ajoutés.,MEDIUM,quarante et un,quarante et un,,,DRAFT,true,,,NON_TESTE,
PROVISIONAL_FRM_NUMBER_042,,Wê/Guéré,gxx,Wè Southern (Central Guéré),NUMBER_0_100,Lecture isolée d’un nombre pour une quantité ou un montant; l’unité et le contexte doivent être ajoutés.,MEDIUM,quarante-deux,quarante-deux,,,DRAFT,true,,,NON_TESTE,
PROVISIONAL_FRM_NUMBER_043,,Wê/Guéré,gxx,Wè Southern (Central Guéré),NUMBER_0_100,Lecture isolée d’un nombre pour une quantité ou un montant; l’unité et le contexte doivent être ajoutés.,MEDIUM,quarante-trois,quarante-trois,,,DRAFT,true,,,NON_TESTE,
PROVISIONAL_FRM_NUMBER_044,,Wê/Guéré,gxx,Wè Southern (Central Guéré),NUMBER_0_100,Lecture isolée d’un nombre pour une quantité ou un montant; l’unité et le contexte doivent être ajoutés.,MEDIUM,quarante-quatre,quarante-quatre,,,DRAFT,true,,,NON_TESTE,
PROVISIONAL_FRM_NUMBER_045,,Wê/Guéré,gxx,Wè Southern (Central Guéré),NUMBER_0_100,Lecture isolée d’un nombre pour une quantité ou un montant; l’unité et le contexte doivent être ajoutés.,MEDIUM,quarante-cinq,quarante-cinq,,,DRAFT,true,,,NON_TESTE,
PROVISIONAL_FRM_NUMBER_046,,Wê/Guéré,gxx,Wè Southern (Central Guéré),NUMBER_0_100,Lecture isolée d’un nombre pour une quantité ou un montant; l’unité et le contexte doivent être ajoutés.,MEDIUM,quarante-six,quarante-six,,,DRAFT,true,,,NON_TESTE,
PROVISIONAL_FRM_NUMBER_047,,Wê/Guéré,gxx,Wè Southern (Central Guéré),NUMBER_0_100,Lecture isolée d’un nombre pour une quantité ou un montant; l’unité et le contexte doivent être ajoutés.,MEDIUM,quarante-sept,quarante-sept,,,DRAFT,true,,,NON_TESTE,
PROVISIONAL_FRM_NUMBER_048,,Wê/Guéré,gxx,Wè Southern (Central Guéré),NUMBER_0_100,Lecture isolée d’un nombre pour une quantité ou un montant; l’unité et le contexte doivent être ajoutés.,MEDIUM,quarante-huit,quarante-huit,,,DRAFT,true,,,NON_TESTE,
PROVISIONAL_FRM_NUMBER_049,,Wê/Guéré,gxx,Wè Southern (Central Guéré),NUMBER_0_100,Lecture isolée d’un nombre pour une quantité ou un montant; l’unité et le contexte doivent être ajoutés.,MEDIUM,quarante-neuf,quarante-neuf,,,DRAFT,true,,,NON_TESTE,
PROVISIONAL_FRM_NUMBER_050,,Wê/Guéré,gxx,Wè Southern (Central Guéré),NUMBER_0_100,Lecture isolée d’un nombre pour une quantité ou un montant; l’unité et le contexte doivent être ajoutés.,MEDIUM,cinquante,cinquante,,,DRAFT,true,,,NON_TESTE,
PROVISIONAL_FRM_NUMBER_051,,Wê/Guéré,gxx,Wè Southern (Central Guéré),NUMBER_0_100,Lecture isolée d’un nombre pour une quantité ou un montant; l’unité et le contexte doivent être ajoutés.,MEDIUM,cinquante et un,cinquante et un,,,DRAFT,true,,,NON_TESTE,
PROVISIONAL_FRM_NUMBER_052,,Wê/Guéré,gxx,Wè Southern (Central Guéré),NUMBER_0_100,Lecture isolée d’un nombre pour une quantité ou un montant; l’unité et le contexte doivent être ajoutés.,MEDIUM,cinquante-deux,cinquante-deux,,,DRAFT,true,,,NON_TESTE,
PROVISIONAL_FRM_NUMBER_053,,Wê/Guéré,gxx,Wè Southern (Central Guéré),NUMBER_0_100,Lecture isolée d’un nombre pour une quantité ou un montant; l’unité et le contexte doivent être ajoutés.,MEDIUM,cinquante-trois,cinquante-trois,,,DRAFT,true,,,NON_TESTE,
PROVISIONAL_FRM_NUMBER_054,,Wê/Guéré,gxx,Wè Southern (Central Guéré),NUMBER_0_100,Lecture isolée d’un nombre pour une quantité ou un montant; l’unité et le contexte doivent être ajoutés.,MEDIUM,cinquante-quatre,cinquante-quatre,,,DRAFT,true,,,NON_TESTE,
PROVISIONAL_FRM_NUMBER_055,,Wê/Guéré,gxx,Wè Southern (Central Guéré),NUMBER_0_100,Lecture isolée d’un nombre pour une quantité ou un montant; l’unité et le contexte doivent être ajoutés.,MEDIUM,cinquante-cinq,cinquante-cinq,,,DRAFT,true,,,NON_TESTE,
PROVISIONAL_FRM_NUMBER_056,,Wê/Guéré,gxx,Wè Southern (Central Guéré),NUMBER_0_100,Lecture isolée d’un nombre pour une quantité ou un montant; l’unité et le contexte doivent être ajoutés.,MEDIUM,cinquante-six,cinquante-six,,,DRAFT,true,,,NON_TESTE,
PROVISIONAL_FRM_NUMBER_057,,Wê/Guéré,gxx,Wè Southern (Central Guéré),NUMBER_0_100,Lecture isolée d’un nombre pour une quantité ou un montant; l’unité et le contexte doivent être ajoutés.,MEDIUM,cinquante-sept,cinquante-sept,,,DRAFT,true,,,NON_TESTE,
PROVISIONAL_FRM_NUMBER_058,,Wê/Guéré,gxx,Wè Southern (Central Guéré),NUMBER_0_100,Lecture isolée d’un nombre pour une quantité ou un montant; l’unité et le contexte doivent être ajoutés.,MEDIUM,cinquante-huit,cinquante-huit,,,DRAFT,true,,,NON_TESTE,
PROVISIONAL_FRM_NUMBER_059,,Wê/Guéré,gxx,Wè Southern (Central Guéré),NUMBER_0_100,Lecture isolée d’un nombre pour une quantité ou un montant; l’unité et le contexte doivent être ajoutés.,MEDIUM,cinquante-neuf,cinquante-neuf,,,DRAFT,true,,,NON_TESTE,
PROVISIONAL_FRM_NUMBER_060,,Wê/Guéré,gxx,Wè Southern (Central Guéré),NUMBER_0_100,Lecture isolée d’un nombre pour une quantité ou un montant; l’unité et le contexte doivent être ajoutés.,MEDIUM,soixante,soixante,,,DRAFT,true,,,NON_TESTE,
PROVISIONAL_FRM_NUMBER_061,,Wê/Guéré,gxx,Wè Southern (Central Guéré),NUMBER_0_100,Lecture isolée d’un nombre pour une quantité ou un montant; l’unité et le contexte doivent être ajoutés.,MEDIUM,soixante et un,soixante et un,,,DRAFT,true,,,NON_TESTE,
PROVISIONAL_FRM_NUMBER_062,,Wê/Guéré,gxx,Wè Southern (Central Guéré),NUMBER_0_100,Lecture isolée d’un nombre pour une quantité ou un montant; l’unité et le contexte doivent être ajoutés.,MEDIUM,soixante-deux,soixante-deux,,,DRAFT,true,,,NON_TESTE,
PROVISIONAL_FRM_NUMBER_063,,Wê/Guéré,gxx,Wè Southern (Central Guéré),NUMBER_0_100,Lecture isolée d’un nombre pour une quantité ou un montant; l’unité et le contexte doivent être ajoutés.,MEDIUM,soixante-trois,soixante-trois,,,DRAFT,true,,,NON_TESTE,
PROVISIONAL_FRM_NUMBER_064,,Wê/Guéré,gxx,Wè Southern (Central Guéré),NUMBER_0_100,Lecture isolée d’un nombre pour une quantité ou un montant; l’unité et le contexte doivent être ajoutés.,MEDIUM,soixante-quatre,soixante-quatre,,,DRAFT,true,,,NON_TESTE,
PROVISIONAL_FRM_NUMBER_065,,Wê/Guéré,gxx,Wè Southern (Central Guéré),NUMBER_0_100,Lecture isolée d’un nombre pour une quantité ou un montant; l’unité et le contexte doivent être ajoutés.,MEDIUM,soixante-cinq,soixante-cinq,,,DRAFT,true,,,NON_TESTE,
PROVISIONAL_FRM_NUMBER_066,,Wê/Guéré,gxx,Wè Southern (Central Guéré),NUMBER_0_100,Lecture isolée d’un nombre pour une quantité ou un montant; l’unité et le contexte doivent être ajoutés.,MEDIUM,soixante-six,soixante-six,,,DRAFT,true,,,NON_TESTE,
PROVISIONAL_FRM_NUMBER_067,,Wê/Guéré,gxx,Wè Southern (Central Guéré),NUMBER_0_100,Lecture isolée d’un nombre pour une quantité ou un montant; l’unité et le contexte doivent être ajoutés.,MEDIUM,soixante-sept,soixante-sept,,,DRAFT,true,,,NON_TESTE,
PROVISIONAL_FRM_NUMBER_068,,Wê/Guéré,gxx,Wè Southern (Central Guéré),NUMBER_0_100,Lecture isolée d’un nombre pour une quantité ou un montant; l’unité et le contexte doivent être ajoutés.,MEDIUM,soixante-huit,soixante-huit,,,DRAFT,true,,,NON_TESTE,
PROVISIONAL_FRM_NUMBER_069,,Wê/Guéré,gxx,Wè Southern (Central Guéré),NUMBER_0_100,Lecture isolée d’un nombre pour une quantité ou un montant; l’unité et le contexte doivent être ajoutés.,MEDIUM,soixante-neuf,soixante-neuf,,,DRAFT,true,,,NON_TESTE,
PROVISIONAL_FRM_NUMBER_070,,Wê/Guéré,gxx,Wè Southern (Central Guéré),NUMBER_0_100,Lecture isolée d’un nombre pour une quantité ou un montant; l’unité et le contexte doivent être ajoutés.,MEDIUM,soixante-dix,soixante-dix,,,DRAFT,true,,,NON_TESTE,
PROVISIONAL_FRM_NUMBER_071,,Wê/Guéré,gxx,Wè Southern (Central Guéré),NUMBER_0_100,Lecture isolée d’un nombre pour une quantité ou un montant; l’unité et le contexte doivent être ajoutés.,MEDIUM,soixante et onze,soixante et onze,,,DRAFT,true,,,NON_TESTE,
PROVISIONAL_FRM_NUMBER_072,,Wê/Guéré,gxx,Wè Southern (Central Guéré),NUMBER_0_100,Lecture isolée d’un nombre pour une quantité ou un montant; l’unité et le contexte doivent être ajoutés.,MEDIUM,soixante-douze,soixante-douze,,,DRAFT,true,,,NON_TESTE,
PROVISIONAL_FRM_NUMBER_073,,Wê/Guéré,gxx,Wè Southern (Central Guéré),NUMBER_0_100,Lecture isolée d’un nombre pour une quantité ou un montant; l’unité et le contexte doivent être ajoutés.,MEDIUM,soixante-treize,soixante-treize,,,DRAFT,true,,,NON_TESTE,
PROVISIONAL_FRM_NUMBER_074,,Wê/Guéré,gxx,Wè Southern (Central Guéré),NUMBER_0_100,Lecture isolée d’un nombre pour une quantité ou un montant; l’unité et le contexte doivent être ajoutés.,MEDIUM,soixante-quatorze,soixante-quatorze,,,DRAFT,true,,,NON_TESTE,
PROVISIONAL_FRM_NUMBER_075,,Wê/Guéré,gxx,Wè Southern (Central Guéré),NUMBER_0_100,Lecture isolée d’un nombre pour une quantité ou un montant; l’unité et le contexte doivent être ajoutés.,MEDIUM,soixante-quinze,soixante-quinze,,,DRAFT,true,,,NON_TESTE,
PROVISIONAL_FRM_NUMBER_076,,Wê/Guéré,gxx,Wè Southern (Central Guéré),NUMBER_0_100,Lecture isolée d’un nombre pour une quantité ou un montant; l’unité et le contexte doivent être ajoutés.,MEDIUM,soixante-seize,soixante-seize,,,DRAFT,true,,,NON_TESTE,
PROVISIONAL_FRM_NUMBER_077,,Wê/Guéré,gxx,Wè Southern (Central Guéré),NUMBER_0_100,Lecture isolée d’un nombre pour une quantité ou un montant; l’unité et le contexte doivent être ajoutés.,MEDIUM,soixante-dix-sept,soixante-dix-sept,,,DRAFT,true,,,NON_TESTE,
PROVISIONAL_FRM_NUMBER_078,,Wê/Guéré,gxx,Wè Southern (Central Guéré),NUMBER_0_100,Lecture isolée d’un nombre pour une quantité ou un montant; l’unité et le contexte doivent être ajoutés.,MEDIUM,soixante-dix-huit,soixante-dix-huit,,,DRAFT,true,,,NON_TESTE,
PROVISIONAL_FRM_NUMBER_079,,Wê/Guéré,gxx,Wè Southern (Central Guéré),NUMBER_0_100,Lecture isolée d’un nombre pour une quantité ou un montant; l’unité et le contexte doivent être ajoutés.,MEDIUM,soixante-dix-neuf,soixante-dix-neuf,,,DRAFT,true,,,NON_TESTE,
PROVISIONAL_FRM_NUMBER_080,,Wê/Guéré,gxx,Wè Southern (Central Guéré),NUMBER_0_100,Lecture isolée d’un nombre pour une quantité ou un montant; l’unité et le contexte doivent être ajoutés.,MEDIUM,quatre-vingts,quatre-vingts,,,DRAFT,true,,,NON_TESTE,
PROVISIONAL_FRM_NUMBER_081,,Wê/Guéré,gxx,Wè Southern (Central Guéré),NUMBER_0_100,Lecture isolée d’un nombre pour une quantité ou un montant; l’unité et le contexte doivent être ajoutés.,MEDIUM,quatre-vingt-un,quatre-vingt-un,,,DRAFT,true,,,NON_TESTE,
PROVISIONAL_FRM_NUMBER_082,,Wê/Guéré,gxx,Wè Southern (Central Guéré),NUMBER_0_100,Lecture isolée d’un nombre pour une quantité ou un montant; l’unité et le contexte doivent être ajoutés.,MEDIUM,quatre-vingt-deux,quatre-vingt-deux,,,DRAFT,true,,,NON_TESTE,
PROVISIONAL_FRM_NUMBER_083,,Wê/Guéré,gxx,Wè Southern (Central Guéré),NUMBER_0_100,Lecture isolée d’un nombre pour une quantité ou un montant; l’unité et le contexte doivent être ajoutés.,MEDIUM,quatre-vingt-trois,quatre-vingt-trois,,,DRAFT,true,,,NON_TESTE,
PROVISIONAL_FRM_NUMBER_084,,Wê/Guéré,gxx,Wè Southern (Central Guéré),NUMBER_0_100,Lecture isolée d’un nombre pour une quantité ou un montant; l’unité et le contexte doivent être ajoutés.,MEDIUM,quatre-vingt-quatre,quatre-vingt-quatre,,,DRAFT,true,,,NON_TESTE,
PROVISIONAL_FRM_NUMBER_085,,Wê/Guéré,gxx,Wè Southern (Central Guéré),NUMBER_0_100,Lecture isolée d’un nombre pour une quantité ou un montant; l’unité et le contexte doivent être ajoutés.,MEDIUM,quatre-vingt-cinq,quatre-vingt-cinq,,,DRAFT,true,,,NON_TESTE,
PROVISIONAL_FRM_NUMBER_086,,Wê/Guéré,gxx,Wè Southern (Central Guéré),NUMBER_0_100,Lecture isolée d’un nombre pour une quantité ou un montant; l’unité et le contexte doivent être ajoutés.,MEDIUM,quatre-vingt-six,quatre-vingt-six,,,DRAFT,true,,,NON_TESTE,
PROVISIONAL_FRM_NUMBER_087,,Wê/Guéré,gxx,Wè Southern (Central Guéré),NUMBER_0_100,Lecture isolée d’un nombre pour une quantité ou un montant; l’unité et le contexte doivent être ajoutés.,MEDIUM,quatre-vingt-sept,quatre-vingt-sept,,,DRAFT,true,,,NON_TESTE,
PROVISIONAL_FRM_NUMBER_088,,Wê/Guéré,gxx,Wè Southern (Central Guéré),NUMBER_0_100,Lecture isolée d’un nombre pour une quantité ou un montant; l’unité et le contexte doivent être ajoutés.,MEDIUM,quatre-vingt-huit,quatre-vingt-huit,,,DRAFT,true,,,NON_TESTE,
PROVISIONAL_FRM_NUMBER_089,,Wê/Guéré,gxx,Wè Southern (Central Guéré),NUMBER_0_100,Lecture isolée d’un nombre pour une quantité ou un montant; l’unité et le contexte doivent être ajoutés.,MEDIUM,quatre-vingt-neuf,quatre-vingt-neuf,,,DRAFT,true,,,NON_TESTE,
PROVISIONAL_FRM_NUMBER_090,,Wê/Guéré,gxx,Wè Southern (Central Guéré),NUMBER_0_100,Lecture isolée d’un nombre pour une quantité ou un montant; l’unité et le contexte doivent être ajoutés.,MEDIUM,quatre-vingt-dix,quatre-vingt-dix,,,DRAFT,true,,,NON_TESTE,
PROVISIONAL_FRM_NUMBER_091,,Wê/Guéré,gxx,Wè Southern (Central Guéré),NUMBER_0_100,Lecture isolée d’un nombre pour une quantité ou un montant; l’unité et le contexte doivent être ajoutés.,MEDIUM,quatre-vingt-onze,quatre-vingt-onze,,,DRAFT,true,,,NON_TESTE,
PROVISIONAL_FRM_NUMBER_092,,Wê/Guéré,gxx,Wè Southern (Central Guéré),NUMBER_0_100,Lecture isolée d’un nombre pour une quantité ou un montant; l’unité et le contexte doivent être ajoutés.,MEDIUM,quatre-vingt-douze,quatre-vingt-douze,,,DRAFT,true,,,NON_TESTE,
PROVISIONAL_FRM_NUMBER_093,,Wê/Guéré,gxx,Wè Southern (Central Guéré),NUMBER_0_100,Lecture isolée d’un nombre pour une quantité ou un montant; l’unité et le contexte doivent être ajoutés.,MEDIUM,quatre-vingt-treize,quatre-vingt-treize,,,DRAFT,true,,,NON_TESTE,
PROVISIONAL_FRM_NUMBER_094,,Wê/Guéré,gxx,Wè Southern (Central Guéré),NUMBER_0_100,Lecture isolée d’un nombre pour une quantité ou un montant; l’unité et le contexte doivent être ajoutés.,MEDIUM,quatre-vingt-quatorze,quatre-vingt-quatorze,,,DRAFT,true,,,NON_TESTE,
PROVISIONAL_FRM_NUMBER_095,,Wê/Guéré,gxx,Wè Southern (Central Guéré),NUMBER_0_100,Lecture isolée d’un nombre pour une quantité ou un montant; l’unité et le contexte doivent être ajoutés.,MEDIUM,quatre-vingt-quinze,quatre-vingt-quinze,,,DRAFT,true,,,NON_TESTE,
PROVISIONAL_FRM_NUMBER_096,,Wê/Guéré,gxx,Wè Southern (Central Guéré),NUMBER_0_100,Lecture isolée d’un nombre pour une quantité ou un montant; l’unité et le contexte doivent être ajoutés.,MEDIUM,quatre-vingt-seize,quatre-vingt-seize,,,DRAFT,true,,,NON_TESTE,
PROVISIONAL_FRM_NUMBER_097,,Wê/Guéré,gxx,Wè Southern (Central Guéré),NUMBER_0_100,Lecture isolée d’un nombre pour une quantité ou un montant; l’unité et le contexte doivent être ajoutés.,MEDIUM,quatre-vingt-dix-sept,quatre-vingt-dix-sept,,,DRAFT,true,,,NON_TESTE,
PROVISIONAL_FRM_NUMBER_098,,Wê/Guéré,gxx,Wè Southern (Central Guéré),NUMBER_0_100,Lecture isolée d’un nombre pour une quantité ou un montant; l’unité et le contexte doivent être ajoutés.,MEDIUM,quatre-vingt-dix-huit,quatre-vingt-dix-huit,,,DRAFT,true,,,NON_TESTE,
PROVISIONAL_FRM_NUMBER_099,,Wê/Guéré,gxx,Wè Southern (Central Guéré),NUMBER_0_100,Lecture isolée d’un nombre pour une quantité ou un montant; l’unité et le contexte doivent être ajoutés.,MEDIUM,quatre-vingt-dix-neuf,quatre-vingt-dix-neuf,,,DRAFT,true,,,NON_TESTE,
PROVISIONAL_FRM_NUMBER_100,,Wê/Guéré,gxx,Wè Southern (Central Guéré),NUMBER_0_100,Lecture isolée d’un nombre pour une quantité ou un montant; l’unité et le contexte doivent être ajoutés.,MEDIUM,cent,cent,,,DRAFT,true,,,NON_TESTE,
PROVISIONAL_FRM_NUMBER_HUNDRED_200,,Wê/Guéré,gxx,Wè Southern (Central Guéré),NUMBER_HUNDREDS,Lecture isolée d’une centaine ou de mille; l’unité et le contexte doivent être ajoutés.,MEDIUM,deux cents,deux cents,,,DRAFT,true,,,NON_TESTE,
PROVISIONAL_FRM_NUMBER_HUNDRED_300,,Wê/Guéré,gxx,Wè Southern (Central Guéré),NUMBER_HUNDREDS,Lecture isolée d’une centaine ou de mille; l’unité et le contexte doivent être ajoutés.,MEDIUM,trois cents,trois cents,,,DRAFT,true,,,NON_TESTE,
PROVISIONAL_FRM_NUMBER_HUNDRED_400,,Wê/Guéré,gxx,Wè Southern (Central Guéré),NUMBER_HUNDREDS,Lecture isolée d’une centaine ou de mille; l’unité et le contexte doivent être ajoutés.,MEDIUM,quatre cents,quatre cents,,,DRAFT,true,,,NON_TESTE,
PROVISIONAL_FRM_NUMBER_HUNDRED_500,,Wê/Guéré,gxx,Wè Southern (Central Guéré),NUMBER_HUNDREDS,Lecture isolée d’une centaine ou de mille; l’unité et le contexte doivent être ajoutés.,MEDIUM,cinq cents,cinq cents,,,DRAFT,true,,,NON_TESTE,
PROVISIONAL_FRM_NUMBER_HUNDRED_600,,Wê/Guéré,gxx,Wè Southern (Central Guéré),NUMBER_HUNDREDS,Lecture isolée d’une centaine ou de mille; l’unité et le contexte doivent être ajoutés.,MEDIUM,six cents,six cents,,,DRAFT,true,,,NON_TESTE,
PROVISIONAL_FRM_NUMBER_HUNDRED_700,,Wê/Guéré,gxx,Wè Southern (Central Guéré),NUMBER_HUNDREDS,Lecture isolée d’une centaine ou de mille; l’unité et le contexte doivent être ajoutés.,MEDIUM,sept cents,sept cents,,,DRAFT,true,,,NON_TESTE,
PROVISIONAL_FRM_NUMBER_HUNDRED_800,,Wê/Guéré,gxx,Wè Southern (Central Guéré),NUMBER_HUNDREDS,Lecture isolée d’une centaine ou de mille; l’unité et le contexte doivent être ajoutés.,MEDIUM,huit cents,huit cents,,,DRAFT,true,,,NON_TESTE,
PROVISIONAL_FRM_NUMBER_HUNDRED_900,,Wê/Guéré,gxx,Wè Southern (Central Guéré),NUMBER_HUNDREDS,Lecture isolée d’une centaine ou de mille; l’unité et le contexte doivent être ajoutés.,MEDIUM,neuf cents,neuf cents,,,DRAFT,true,,,NON_TESTE,
PROVISIONAL_FRM_NUMBER_THOUSAND_1000,,Wê/Guéré,gxx,Wè Southern (Central Guéré),NUMBER_THOUSAND,Lecture isolée d’une centaine ou de mille; l’unité et le contexte doivent être ajoutés.,MEDIUM,mille,mille,,,DRAFT,true,,,NON_TESTE,
PROVISIONAL_FRM_UNIT_01_UNITE,,Wê/Guéré,gxx,Wè Southern (Central Guéré),UNIT,Unité de vente orale.,LOW,unité,à l’unité,,,DRAFT,true,,,NON_TESTE,
PROVISIONAL_FRM_UNIT_02_TAS,,Wê/Guéré,gxx,Wè Southern (Central Guéré),UNIT,Unité de vente orale.,LOW,tas,tas,,,DRAFT,true,,,NON_TESTE,
PROVISIONAL_FRM_UNIT_03_SAC,,Wê/Guéré,gxx,Wè Southern (Central Guéré),UNIT,Unité de vente orale.,LOW,sac,sac,,,DRAFT,true,,,NON_TESTE,
PROVISIONAL_FRM_UNIT_04_KILO,,Wê/Guéré,gxx,Wè Southern (Central Guéré),UNIT,Unité de vente orale.,LOW,kilo,kilo,,,DRAFT,true,,,NON_TESTE,
PROVISIONAL_FRM_UNIT_05_BOTTE,,Wê/Guéré,gxx,Wè Southern (Central Guéré),UNIT,Unité de vente orale.,LOW,botte,botte,,,DRAFT,true,,,NON_TESTE,
PROVISIONAL_FRM_UNIT_06_BIDON,,Wê/Guéré,gxx,Wè Southern (Central Guéré),UNIT,Unité de vente orale.,LOW,bidon,bidon,,,DRAFT,true,,,NON_TESTE,
PROVISIONAL_FRM_UNIT_07_SACHET,,Wê/Guéré,gxx,Wè Southern (Central Guéré),UNIT,Unité de vente orale.,LOW,sachet,sachet,,,DRAFT,true,,,NON_TESTE,
PROVISIONAL_FRM_UNIT_08_PAQUET,,Wê/Guéré,gxx,Wè Southern (Central Guéré),UNIT,Unité de vente orale.,LOW,paquet,paquet,,,DRAFT,true,,,NON_TESTE,
PROVISIONAL_FRM_UNIT_09_MORCEAU,,Wê/Guéré,gxx,Wè Southern (Central Guéré),UNIT,Unité de vente orale.,LOW,morceau,morceau,,,DRAFT,true,,,NON_TESTE,
PROVISIONAL_FRM_UNIT_10_LITRE,,Wê/Guéré,gxx,Wè Southern (Central Guéré),UNIT,Unité de vente orale.,LOW,litre,litre,,,DRAFT,true,,,NON_TESTE,
PROVISIONAL_FRM_UNIT_11_REGIME,,Wê/Guéré,gxx,Wè Southern (Central Guéré),UNIT,Unité de vente orale.,LOW,régime,régime,,,DRAFT,true,,,NON_TESTE,
PROVISIONAL_FRM_UNIT_12_CARTON,,Wê/Guéré,gxx,Wè Southern (Central Guéré),UNIT,Unité de vente orale.,LOW,carton,carton,,,DRAFT,true,,,NON_TESTE,
PROVISIONAL_FRM_UNIT_13_CAISSE,,Wê/Guéré,gxx,Wè Southern (Central Guéré),UNIT,Unité de vente orale.,LOW,caisse,caisse,,,DRAFT,true,,,NON_TESTE,
PROVISIONAL_FRM_UNIT_14_BOUTEILLE,,Wê/Guéré,gxx,Wè Southern (Central Guéré),UNIT,Unité de vente orale.,LOW,bouteille,bouteille,,,DRAFT,true,,,NON_TESTE,
PROVISIONAL_FRM_UNIT_15_PANIER,,Wê/Guéré,gxx,Wè Southern (Central Guéré),UNIT,Unité de vente orale.,LOW,panier,panier,,,DRAFT,true,,,NON_TESTE,
PROVISIONAL_FRM_UNIT_16_FRANC,,Wê/Guéré,gxx,Wè Southern (Central Guéré),UNIT,Dénomination monétaire orale; à associer à un nombre et au contexte.,HIGH,franc,franc,,,DRAFT,true,,,NON_TESTE,
PROVISIONAL_FRM_UNIT_17_FCFA,,Wê/Guéré,gxx,Wè Southern (Central Guéré),UNIT,Dénomination monétaire orale; à associer à un nombre et au contexte.,HIGH,FCFA,franc CFA,,,DRAFT,true,,,NON_TESTE,
PROVISIONAL_FRM_PRODUCT_01_TOMATE,,Wê/Guéré,gxx,Wè Southern (Central Guéré),PRODUCT,Nom de produit à annoncer ou saisir dans une vente; aucun identifiant produit métier n’est créé.,LOW,tomate,tomate,,,DRAFT,true,,,NON_TESTE,
PROVISIONAL_FRM_PRODUCT_02_PIMENT,,Wê/Guéré,gxx,Wè Southern (Central Guéré),PRODUCT,Nom de produit à annoncer ou saisir dans une vente; aucun identifiant produit métier n’est créé.,LOW,piment,piment,,,DRAFT,true,,,NON_TESTE,
PROVISIONAL_FRM_PRODUCT_03_GOMBO,,Wê/Guéré,gxx,Wè Southern (Central Guéré),PRODUCT,Nom de produit à annoncer ou saisir dans une vente; aucun identifiant produit métier n’est créé.,LOW,gombo,gombo,,,DRAFT,true,,,NON_TESTE,
PROVISIONAL_FRM_PRODUCT_04_ATTIEKE,,Wê/Guéré,gxx,Wè Southern (Central Guéré),PRODUCT,Nom de produit à annoncer ou saisir dans une vente; aucun identifiant produit métier n’est créé.,LOW,attiéké,attiéké,,,DRAFT,true,,,NON_TESTE,
PROVISIONAL_FRM_PRODUCT_05_BANANE,,Wê/Guéré,gxx,Wè Southern (Central Guéré),PRODUCT,Nom de produit à annoncer ou saisir dans une vente; aucun identifiant produit métier n’est créé.,LOW,banane,banane,,,DRAFT,true,,,NON_TESTE,
PROVISIONAL_FRM_PRODUCT_06_PLANTAIN,,Wê/Guéré,gxx,Wè Southern (Central Guéré),PRODUCT,Nom de produit à annoncer ou saisir dans une vente; aucun identifiant produit métier n’est créé.,LOW,plantain,plantain,,,DRAFT,true,,,NON_TESTE,
PROVISIONAL_FRM_PRODUCT_07_IGNAME,,Wê/Guéré,gxx,Wè Southern (Central Guéré),PRODUCT,Nom de produit à annoncer ou saisir dans une vente; aucun identifiant produit métier n’est créé.,LOW,igname,igname,,,DRAFT,true,,,NON_TESTE,
PROVISIONAL_FRM_PRODUCT_08_MANIOC,,Wê/Guéré,gxx,Wè Southern (Central Guéré),PRODUCT,Nom de produit à annoncer ou saisir dans une vente; aucun identifiant produit métier n’est créé.,LOW,manioc,manioc,,,DRAFT,true,,,NON_TESTE,
PROVISIONAL_FRM_PRODUCT_09_AUBERGINE,,Wê/Guéré,gxx,Wè Southern (Central Guéré),PRODUCT,Nom de produit à annoncer ou saisir dans une vente; aucun identifiant produit métier n’est créé.,LOW,aubergine,aubergine,,,DRAFT,true,,,NON_TESTE,
PROVISIONAL_FRM_PRODUCT_10_OIGNON,,Wê/Guéré,gxx,Wè Southern (Central Guéré),PRODUCT,Nom de produit à annoncer ou saisir dans une vente; aucun identifiant produit métier n’est créé.,LOW,oignon,oignon,,,DRAFT,true,,,NON_TESTE,
PROVISIONAL_FRM_PRODUCT_11_AIL,,Wê/Guéré,gxx,Wè Southern (Central Guéré),PRODUCT,Nom de produit à annoncer ou saisir dans une vente; aucun identifiant produit métier n’est créé.,LOW,ail,ail,,,DRAFT,true,,,NON_TESTE,
PROVISIONAL_FRM_PRODUCT_12_POISSON,,Wê/Guéré,gxx,Wè Southern (Central Guéré),PRODUCT,Nom de produit à annoncer ou saisir dans une vente; aucun identifiant produit métier n’est créé.,LOW,poisson,poisson,,,DRAFT,true,,,NON_TESTE,
PROVISIONAL_FRM_PRODUCT_13_VIANDE,,Wê/Guéré,gxx,Wè Southern (Central Guéré),PRODUCT,Nom de produit à annoncer ou saisir dans une vente; aucun identifiant produit métier n’est créé.,LOW,viande,viande,,,DRAFT,true,,,NON_TESTE,
PROVISIONAL_FRM_PRODUCT_14_POULET,,Wê/Guéré,gxx,Wè Southern (Central Guéré),PRODUCT,Nom de produit à annoncer ou saisir dans une vente; aucun identifiant produit métier n’est créé.,LOW,poulet,poulet,,,DRAFT,true,,,NON_TESTE,
PROVISIONAL_FRM_PRODUCT_15_HUILE,,Wê/Guéré,gxx,Wè Southern (Central Guéré),PRODUCT,Nom de produit à annoncer ou saisir dans une vente; aucun identifiant produit métier n’est créé.,LOW,huile,huile,,,DRAFT,true,,,NON_TESTE,
PROVISIONAL_FRM_PRODUCT_16_SEL,,Wê/Guéré,gxx,Wè Southern (Central Guéré),PRODUCT,Nom de produit à annoncer ou saisir dans une vente; aucun identifiant produit métier n’est créé.,LOW,sel,sel,,,DRAFT,true,,,NON_TESTE,
PROVISIONAL_FRM_PRODUCT_17_SUCRE,,Wê/Guéré,gxx,Wè Southern (Central Guéré),PRODUCT,Nom de produit à annoncer ou saisir dans une vente; aucun identifiant produit métier n’est créé.,LOW,sucre,sucre,,,DRAFT,true,,,NON_TESTE,
PROVISIONAL_FRM_PRODUCT_18_RIZ,,Wê/Guéré,gxx,Wè Southern (Central Guéré),PRODUCT,Nom de produit à annoncer ou saisir dans une vente; aucun identifiant produit métier n’est créé.,LOW,riz,riz,,,DRAFT,true,,,NON_TESTE,
PROVISIONAL_FRM_PRODUCT_19_HARICOT,,Wê/Guéré,gxx,Wè Southern (Central Guéré),PRODUCT,Nom de produit à annoncer ou saisir dans une vente; aucun identifiant produit métier n’est créé.,LOW,haricot,haricot,,,DRAFT,true,,,NON_TESTE,
PROVISIONAL_FRM_PRODUCT_20_MAIS,,Wê/Guéré,gxx,Wè Southern (Central Guéré),PRODUCT,Nom de produit à annoncer ou saisir dans une vente; aucun identifiant produit métier n’est créé.,LOW,maïs,maïs,,,DRAFT,true,,,NON_TESTE,
PROVISIONAL_FRM_PRODUCT_21_FOUTOU,,Wê/Guéré,gxx,Wè Southern (Central Guéré),PRODUCT,Nom de produit à annoncer ou saisir dans une vente; aucun identifiant produit métier n’est créé.,LOW,foutou,foutou,,,DRAFT,true,,,NON_TESTE,
PROVISIONAL_FRM_PRODUCT_22_ORANGE,,Wê/Guéré,gxx,Wè Southern (Central Guéré),PRODUCT,Nom de produit à annoncer ou saisir dans une vente; aucun identifiant produit métier n’est créé.,LOW,orange,orange,,,DRAFT,true,,,NON_TESTE,
PROVISIONAL_FRM_PRODUCT_23_SAVON,,Wê/Guéré,gxx,Wè Southern (Central Guéré),PRODUCT,Nom de produit à annoncer ou saisir dans une vente; aucun identifiant produit métier n’est créé.,LOW,savon,savon,,,DRAFT,true,,,NON_TESTE,
PROVISIONAL_FRM_PRODUCT_24_FARINE,,Wê/Guéré,gxx,Wè Southern (Central Guéré),PRODUCT,Nom de produit à annoncer ou saisir dans une vente; aucun identifiant produit métier n’est créé.,LOW,farine,farine,,,DRAFT,true,,,NON_TESTE,
PROVISIONAL_FRM_PRODUCT_25_JUS,,Wê/Guéré,gxx,Wè Southern (Central Guéré),PRODUCT,Nom de produit à annoncer ou saisir dans une vente; aucun identifiant produit métier n’est créé.,LOW,jus,jus,,,DRAFT,true,,,NON_TESTE,
PROVISIONAL_FRM_PRODUCT_26_LAIT,,Wê/Guéré,gxx,Wè Southern (Central Guéré),PRODUCT,Nom de produit à annoncer ou saisir dans une vente; aucun identifiant produit métier n’est créé.,LOW,lait,lait,,,DRAFT,true,,,NON_TESTE,
PROVISIONAL_FRM_INTENT_01,,Dan/Yacouba,dnj,Variété non sélectionnée: Gweetaawu (Est) ou Blowo (Ouest),FINANCIAL_PRIORITY_INTENT,Commande orale d’encaissement; elle ne vaut pas confirmation métier du paiement.,CRITICAL,Encaisse.,Encaisse ça.,,,DRAFT,true,,,NON_TESTE,
PROVISIONAL_FRM_INTENT_02,,Dan/Yacouba,dnj,Variété non sélectionnée: Gweetaawu (Est) ou Blowo (Ouest),FINANCIAL_PRIORITY_INTENT,Demande du montant encore dû par une cliente.,CRITICAL,Combien elle doit ?,Elle doit combien ?,,,DRAFT,true,,,NON_TESTE,
PROVISIONAL_FRM_INTENT_03,,Dan/Yacouba,dnj,Variété non sélectionnée: Gweetaawu (Est) ou Blowo (Ouest),FINANCIAL_PRIORITY_INTENT,Accord oral avant une validation; la confirmation métier reste distincte.,CRITICAL,"Oui, valide.","Oui, tu peux valider.",,,DRAFT,true,,,NON_TESTE,
PROVISIONAL_FRM_INTENT_04,,Dan/Yacouba,dnj,Variété non sélectionnée: Gweetaawu (Est) ou Blowo (Ouest),FINANCIAL_PRIORITY_INTENT,Refus ou demande d’annulation avant confirmation métier.,CRITICAL,Non / annule.,"Non, annule.",,,DRAFT,true,,,NON_TESTE,
PROVISIONAL_FRM_INTENT_05,,Dan/Yacouba,dnj,Variété non sélectionnée: Gweetaawu (Est) ou Blowo (Ouest),FINANCIAL_PRIORITY_INTENT,Annonce d’un montant manquant dans le paiement.,CRITICAL,Il manque {montant} francs.,Il manque {montant} francs.,,,DRAFT,true,,,NON_TESTE,
PROVISIONAL_FRM_INTENT_06,,Dan/Yacouba,dnj,Variété non sélectionnée: Gweetaawu (Est) ou Blowo (Ouest),FINANCIAL_PRIORITY_INTENT,Demande de vérifier le calcul ou le compte avant la suite.,CRITICAL,Compte juste.,Vérifie bien le compte.,,,DRAFT,true,,,NON_TESTE,
PROVISIONAL_FRM_INTENT_07,,Dan/Yacouba,dnj,Variété non sélectionnée: Gweetaawu (Est) ou Blowo (Ouest),FINANCIAL_PRIORITY_INTENT,Annonce du montant effectivement remis par la cliente.,CRITICAL,Elle a donné {recu} francs.,Elle a donné {recu} francs.,,,DRAFT,true,,,NON_TESTE,
PROVISIONAL_FRM_INTENT_08,,Dan/Yacouba,dnj,Variété non sélectionnée: Gweetaawu (Est) ou Blowo (Ouest),FINANCIAL_PRIORITY_INTENT,Annonce de la monnaie à rendre à la cliente.,CRITICAL,Tu rends {monnaie} francs.,Tu lui rends {monnaie} francs.,,,DRAFT,true,,,NON_TESTE,
PROVISIONAL_FRM_INTENT_09,,Dan/Yacouba,dnj,Variété non sélectionnée: Gweetaawu (Est) ou Blowo (Ouest),FINANCIAL_PRIORITY_INTENT,Annonce du total dû par la cliente.,CRITICAL,Elle doit {total} francs.,Elle doit {total} francs.,,,DRAFT,true,,,NON_TESTE,
PROVISIONAL_FRM_INTENT_10,,Dan/Yacouba,dnj,Variété non sélectionnée: Gweetaawu (Est) ou Blowo (Ouest),FINANCIAL_PRIORITY_INTENT,Demande orale de validation avant l’action métier.,CRITICAL,Je valide ?,Je valide ça ?,,,DRAFT,true,,,NON_TESTE,
PROVISIONAL_FRM_INTENT_11,,Dan/Yacouba,dnj,Variété non sélectionnée: Gweetaawu (Est) ou Blowo (Ouest),FINANCIAL_PRIORITY_INTENT,Question sur le prix d’un seul article.,HIGH,Prix d’un seul.,"Un seul, c’est combien ?",,,DRAFT,true,,,NON_TESTE,
PROVISIONAL_FRM_INTENT_12,,Dan/Yacouba,dnj,Variété non sélectionnée: Gweetaawu (Est) ou Blowo (Ouest),FINANCIAL_PRIORITY_INTENT,Question sur le prix total de l’ensemble présenté.,HIGH,Prix du tout.,"Tout ça, c’est combien ?",,,DRAFT,true,,,NON_TESTE,
PROVISIONAL_FRM_INTENT_13,,Dan/Yacouba,dnj,Variété non sélectionnée: Gweetaawu (Est) ou Blowo (Ouest),FINANCIAL_PRIORITY_INTENT,Question générale sur le montant à payer ou le total.,HIGH,Combien ?,Ça fait combien ?,,,DRAFT,true,,,NON_TESTE,
PROVISIONAL_FRM_INTENT_14,,Dan/Yacouba,dnj,Variété non sélectionnée: Gweetaawu (Est) ou Blowo (Ouest),FINANCIAL_PRIORITY_INTENT,Question sur le prix d’un produit ou d’une quantité montrée.,HIGH,C’est à combien ?,C’est à combien ?,,,DRAFT,true,,,NON_TESTE,
PROVISIONAL_FRM_INTENT_15,,Dan/Yacouba,dnj,Variété non sélectionnée: Gweetaawu (Est) ou Blowo (Ouest),FINANCIAL_PRIORITY_INTENT,Question ouverte sur le produit ou l’article vendu.,LOW,Tu as vendu quoi ?,Tu as vendu quoi ?,,,DRAFT,true,,,NON_TESTE,
PROVISIONAL_FRM_NUMBER_000,,Dan/Yacouba,dnj,Variété non sélectionnée: Gweetaawu (Est) ou Blowo (Ouest),NUMBER_0_100,Lecture isolée d’un nombre pour une quantité ou un montant; l’unité et le contexte doivent être ajoutés.,MEDIUM,zéro,zéro,,,DRAFT,true,,,NON_TESTE,
PROVISIONAL_FRM_NUMBER_001,,Dan/Yacouba,dnj,Variété non sélectionnée: Gweetaawu (Est) ou Blowo (Ouest),NUMBER_0_100,Lecture isolée d’un nombre pour une quantité ou un montant; l’unité et le contexte doivent être ajoutés.,MEDIUM,un,un,,,DRAFT,true,,,NON_TESTE,
PROVISIONAL_FRM_NUMBER_002,,Dan/Yacouba,dnj,Variété non sélectionnée: Gweetaawu (Est) ou Blowo (Ouest),NUMBER_0_100,Lecture isolée d’un nombre pour une quantité ou un montant; l’unité et le contexte doivent être ajoutés.,MEDIUM,deux,deux,,,DRAFT,true,,,NON_TESTE,
PROVISIONAL_FRM_NUMBER_003,,Dan/Yacouba,dnj,Variété non sélectionnée: Gweetaawu (Est) ou Blowo (Ouest),NUMBER_0_100,Lecture isolée d’un nombre pour une quantité ou un montant; l’unité et le contexte doivent être ajoutés.,MEDIUM,trois,trois,,,DRAFT,true,,,NON_TESTE,
PROVISIONAL_FRM_NUMBER_004,,Dan/Yacouba,dnj,Variété non sélectionnée: Gweetaawu (Est) ou Blowo (Ouest),NUMBER_0_100,Lecture isolée d’un nombre pour une quantité ou un montant; l’unité et le contexte doivent être ajoutés.,MEDIUM,quatre,quatre,,,DRAFT,true,,,NON_TESTE,
PROVISIONAL_FRM_NUMBER_005,,Dan/Yacouba,dnj,Variété non sélectionnée: Gweetaawu (Est) ou Blowo (Ouest),NUMBER_0_100,Lecture isolée d’un nombre pour une quantité ou un montant; l’unité et le contexte doivent être ajoutés.,MEDIUM,cinq,cinq,,,DRAFT,true,,,NON_TESTE,
PROVISIONAL_FRM_NUMBER_006,,Dan/Yacouba,dnj,Variété non sélectionnée: Gweetaawu (Est) ou Blowo (Ouest),NUMBER_0_100,Lecture isolée d’un nombre pour une quantité ou un montant; l’unité et le contexte doivent être ajoutés.,MEDIUM,six,six,,,DRAFT,true,,,NON_TESTE,
PROVISIONAL_FRM_NUMBER_007,,Dan/Yacouba,dnj,Variété non sélectionnée: Gweetaawu (Est) ou Blowo (Ouest),NUMBER_0_100,Lecture isolée d’un nombre pour une quantité ou un montant; l’unité et le contexte doivent être ajoutés.,MEDIUM,sept,sept,,,DRAFT,true,,,NON_TESTE,
PROVISIONAL_FRM_NUMBER_008,,Dan/Yacouba,dnj,Variété non sélectionnée: Gweetaawu (Est) ou Blowo (Ouest),NUMBER_0_100,Lecture isolée d’un nombre pour une quantité ou un montant; l’unité et le contexte doivent être ajoutés.,MEDIUM,huit,huit,,,DRAFT,true,,,NON_TESTE,
PROVISIONAL_FRM_NUMBER_009,,Dan/Yacouba,dnj,Variété non sélectionnée: Gweetaawu (Est) ou Blowo (Ouest),NUMBER_0_100,Lecture isolée d’un nombre pour une quantité ou un montant; l’unité et le contexte doivent être ajoutés.,MEDIUM,neuf,neuf,,,DRAFT,true,,,NON_TESTE,
PROVISIONAL_FRM_NUMBER_010,,Dan/Yacouba,dnj,Variété non sélectionnée: Gweetaawu (Est) ou Blowo (Ouest),NUMBER_0_100,Lecture isolée d’un nombre pour une quantité ou un montant; l’unité et le contexte doivent être ajoutés.,MEDIUM,dix,dix,,,DRAFT,true,,,NON_TESTE,
PROVISIONAL_FRM_NUMBER_011,,Dan/Yacouba,dnj,Variété non sélectionnée: Gweetaawu (Est) ou Blowo (Ouest),NUMBER_0_100,Lecture isolée d’un nombre pour une quantité ou un montant; l’unité et le contexte doivent être ajoutés.,MEDIUM,onze,onze,,,DRAFT,true,,,NON_TESTE,
PROVISIONAL_FRM_NUMBER_012,,Dan/Yacouba,dnj,Variété non sélectionnée: Gweetaawu (Est) ou Blowo (Ouest),NUMBER_0_100,Lecture isolée d’un nombre pour une quantité ou un montant; l’unité et le contexte doivent être ajoutés.,MEDIUM,douze,douze,,,DRAFT,true,,,NON_TESTE,
PROVISIONAL_FRM_NUMBER_013,,Dan/Yacouba,dnj,Variété non sélectionnée: Gweetaawu (Est) ou Blowo (Ouest),NUMBER_0_100,Lecture isolée d’un nombre pour une quantité ou un montant; l’unité et le contexte doivent être ajoutés.,MEDIUM,treize,treize,,,DRAFT,true,,,NON_TESTE,
PROVISIONAL_FRM_NUMBER_014,,Dan/Yacouba,dnj,Variété non sélectionnée: Gweetaawu (Est) ou Blowo (Ouest),NUMBER_0_100,Lecture isolée d’un nombre pour une quantité ou un montant; l’unité et le contexte doivent être ajoutés.,MEDIUM,quatorze,quatorze,,,DRAFT,true,,,NON_TESTE,
PROVISIONAL_FRM_NUMBER_015,,Dan/Yacouba,dnj,Variété non sélectionnée: Gweetaawu (Est) ou Blowo (Ouest),NUMBER_0_100,Lecture isolée d’un nombre pour une quantité ou un montant; l’unité et le contexte doivent être ajoutés.,MEDIUM,quinze,quinze,,,DRAFT,true,,,NON_TESTE,
PROVISIONAL_FRM_NUMBER_016,,Dan/Yacouba,dnj,Variété non sélectionnée: Gweetaawu (Est) ou Blowo (Ouest),NUMBER_0_100,Lecture isolée d’un nombre pour une quantité ou un montant; l’unité et le contexte doivent être ajoutés.,MEDIUM,seize,seize,,,DRAFT,true,,,NON_TESTE,
PROVISIONAL_FRM_NUMBER_017,,Dan/Yacouba,dnj,Variété non sélectionnée: Gweetaawu (Est) ou Blowo (Ouest),NUMBER_0_100,Lecture isolée d’un nombre pour une quantité ou un montant; l’unité et le contexte doivent être ajoutés.,MEDIUM,dix-sept,dix-sept,,,DRAFT,true,,,NON_TESTE,
PROVISIONAL_FRM_NUMBER_018,,Dan/Yacouba,dnj,Variété non sélectionnée: Gweetaawu (Est) ou Blowo (Ouest),NUMBER_0_100,Lecture isolée d’un nombre pour une quantité ou un montant; l’unité et le contexte doivent être ajoutés.,MEDIUM,dix-huit,dix-huit,,,DRAFT,true,,,NON_TESTE,
PROVISIONAL_FRM_NUMBER_019,,Dan/Yacouba,dnj,Variété non sélectionnée: Gweetaawu (Est) ou Blowo (Ouest),NUMBER_0_100,Lecture isolée d’un nombre pour une quantité ou un montant; l’unité et le contexte doivent être ajoutés.,MEDIUM,dix-neuf,dix-neuf,,,DRAFT,true,,,NON_TESTE,
PROVISIONAL_FRM_NUMBER_020,,Dan/Yacouba,dnj,Variété non sélectionnée: Gweetaawu (Est) ou Blowo (Ouest),NUMBER_0_100,Lecture isolée d’un nombre pour une quantité ou un montant; l’unité et le contexte doivent être ajoutés.,MEDIUM,vingt,vingt,,,DRAFT,true,,,NON_TESTE,
PROVISIONAL_FRM_NUMBER_021,,Dan/Yacouba,dnj,Variété non sélectionnée: Gweetaawu (Est) ou Blowo (Ouest),NUMBER_0_100,Lecture isolée d’un nombre pour une quantité ou un montant; l’unité et le contexte doivent être ajoutés.,MEDIUM,vingt et un,vingt et un,,,DRAFT,true,,,NON_TESTE,
PROVISIONAL_FRM_NUMBER_022,,Dan/Yacouba,dnj,Variété non sélectionnée: Gweetaawu (Est) ou Blowo (Ouest),NUMBER_0_100,Lecture isolée d’un nombre pour une quantité ou un montant; l’unité et le contexte doivent être ajoutés.,MEDIUM,vingt-deux,vingt-deux,,,DRAFT,true,,,NON_TESTE,
PROVISIONAL_FRM_NUMBER_023,,Dan/Yacouba,dnj,Variété non sélectionnée: Gweetaawu (Est) ou Blowo (Ouest),NUMBER_0_100,Lecture isolée d’un nombre pour une quantité ou un montant; l’unité et le contexte doivent être ajoutés.,MEDIUM,vingt-trois,vingt-trois,,,DRAFT,true,,,NON_TESTE,
PROVISIONAL_FRM_NUMBER_024,,Dan/Yacouba,dnj,Variété non sélectionnée: Gweetaawu (Est) ou Blowo (Ouest),NUMBER_0_100,Lecture isolée d’un nombre pour une quantité ou un montant; l’unité et le contexte doivent être ajoutés.,MEDIUM,vingt-quatre,vingt-quatre,,,DRAFT,true,,,NON_TESTE,
PROVISIONAL_FRM_NUMBER_025,,Dan/Yacouba,dnj,Variété non sélectionnée: Gweetaawu (Est) ou Blowo (Ouest),NUMBER_0_100,Lecture isolée d’un nombre pour une quantité ou un montant; l’unité et le contexte doivent être ajoutés.,MEDIUM,vingt-cinq,vingt-cinq,,,DRAFT,true,,,NON_TESTE,
PROVISIONAL_FRM_NUMBER_026,,Dan/Yacouba,dnj,Variété non sélectionnée: Gweetaawu (Est) ou Blowo (Ouest),NUMBER_0_100,Lecture isolée d’un nombre pour une quantité ou un montant; l’unité et le contexte doivent être ajoutés.,MEDIUM,vingt-six,vingt-six,,,DRAFT,true,,,NON_TESTE,
PROVISIONAL_FRM_NUMBER_027,,Dan/Yacouba,dnj,Variété non sélectionnée: Gweetaawu (Est) ou Blowo (Ouest),NUMBER_0_100,Lecture isolée d’un nombre pour une quantité ou un montant; l’unité et le contexte doivent être ajoutés.,MEDIUM,vingt-sept,vingt-sept,,,DRAFT,true,,,NON_TESTE,
PROVISIONAL_FRM_NUMBER_028,,Dan/Yacouba,dnj,Variété non sélectionnée: Gweetaawu (Est) ou Blowo (Ouest),NUMBER_0_100,Lecture isolée d’un nombre pour une quantité ou un montant; l’unité et le contexte doivent être ajoutés.,MEDIUM,vingt-huit,vingt-huit,,,DRAFT,true,,,NON_TESTE,
PROVISIONAL_FRM_NUMBER_029,,Dan/Yacouba,dnj,Variété non sélectionnée: Gweetaawu (Est) ou Blowo (Ouest),NUMBER_0_100,Lecture isolée d’un nombre pour une quantité ou un montant; l’unité et le contexte doivent être ajoutés.,MEDIUM,vingt-neuf,vingt-neuf,,,DRAFT,true,,,NON_TESTE,
PROVISIONAL_FRM_NUMBER_030,,Dan/Yacouba,dnj,Variété non sélectionnée: Gweetaawu (Est) ou Blowo (Ouest),NUMBER_0_100,Lecture isolée d’un nombre pour une quantité ou un montant; l’unité et le contexte doivent être ajoutés.,MEDIUM,trente,trente,,,DRAFT,true,,,NON_TESTE,
PROVISIONAL_FRM_NUMBER_031,,Dan/Yacouba,dnj,Variété non sélectionnée: Gweetaawu (Est) ou Blowo (Ouest),NUMBER_0_100,Lecture isolée d’un nombre pour une quantité ou un montant; l’unité et le contexte doivent être ajoutés.,MEDIUM,trente et un,trente et un,,,DRAFT,true,,,NON_TESTE,
PROVISIONAL_FRM_NUMBER_032,,Dan/Yacouba,dnj,Variété non sélectionnée: Gweetaawu (Est) ou Blowo (Ouest),NUMBER_0_100,Lecture isolée d’un nombre pour une quantité ou un montant; l’unité et le contexte doivent être ajoutés.,MEDIUM,trente-deux,trente-deux,,,DRAFT,true,,,NON_TESTE,
PROVISIONAL_FRM_NUMBER_033,,Dan/Yacouba,dnj,Variété non sélectionnée: Gweetaawu (Est) ou Blowo (Ouest),NUMBER_0_100,Lecture isolée d’un nombre pour une quantité ou un montant; l’unité et le contexte doivent être ajoutés.,MEDIUM,trente-trois,trente-trois,,,DRAFT,true,,,NON_TESTE,
PROVISIONAL_FRM_NUMBER_034,,Dan/Yacouba,dnj,Variété non sélectionnée: Gweetaawu (Est) ou Blowo (Ouest),NUMBER_0_100,Lecture isolée d’un nombre pour une quantité ou un montant; l’unité et le contexte doivent être ajoutés.,MEDIUM,trente-quatre,trente-quatre,,,DRAFT,true,,,NON_TESTE,
PROVISIONAL_FRM_NUMBER_035,,Dan/Yacouba,dnj,Variété non sélectionnée: Gweetaawu (Est) ou Blowo (Ouest),NUMBER_0_100,Lecture isolée d’un nombre pour une quantité ou un montant; l’unité et le contexte doivent être ajoutés.,MEDIUM,trente-cinq,trente-cinq,,,DRAFT,true,,,NON_TESTE,
PROVISIONAL_FRM_NUMBER_036,,Dan/Yacouba,dnj,Variété non sélectionnée: Gweetaawu (Est) ou Blowo (Ouest),NUMBER_0_100,Lecture isolée d’un nombre pour une quantité ou un montant; l’unité et le contexte doivent être ajoutés.,MEDIUM,trente-six,trente-six,,,DRAFT,true,,,NON_TESTE,
PROVISIONAL_FRM_NUMBER_037,,Dan/Yacouba,dnj,Variété non sélectionnée: Gweetaawu (Est) ou Blowo (Ouest),NUMBER_0_100,Lecture isolée d’un nombre pour une quantité ou un montant; l’unité et le contexte doivent être ajoutés.,MEDIUM,trente-sept,trente-sept,,,DRAFT,true,,,NON_TESTE,
PROVISIONAL_FRM_NUMBER_038,,Dan/Yacouba,dnj,Variété non sélectionnée: Gweetaawu (Est) ou Blowo (Ouest),NUMBER_0_100,Lecture isolée d’un nombre pour une quantité ou un montant; l’unité et le contexte doivent être ajoutés.,MEDIUM,trente-huit,trente-huit,,,DRAFT,true,,,NON_TESTE,
PROVISIONAL_FRM_NUMBER_039,,Dan/Yacouba,dnj,Variété non sélectionnée: Gweetaawu (Est) ou Blowo (Ouest),NUMBER_0_100,Lecture isolée d’un nombre pour une quantité ou un montant; l’unité et le contexte doivent être ajoutés.,MEDIUM,trente-neuf,trente-neuf,,,DRAFT,true,,,NON_TESTE,
PROVISIONAL_FRM_NUMBER_040,,Dan/Yacouba,dnj,Variété non sélectionnée: Gweetaawu (Est) ou Blowo (Ouest),NUMBER_0_100,Lecture isolée d’un nombre pour une quantité ou un montant; l’unité et le contexte doivent être ajoutés.,MEDIUM,quarante,quarante,,,DRAFT,true,,,NON_TESTE,
PROVISIONAL_FRM_NUMBER_041,,Dan/Yacouba,dnj,Variété non sélectionnée: Gweetaawu (Est) ou Blowo (Ouest),NUMBER_0_100,Lecture isolée d’un nombre pour une quantité ou un montant; l’unité et le contexte doivent être ajoutés.,MEDIUM,quarante et un,quarante et un,,,DRAFT,true,,,NON_TESTE,
PROVISIONAL_FRM_NUMBER_042,,Dan/Yacouba,dnj,Variété non sélectionnée: Gweetaawu (Est) ou Blowo (Ouest),NUMBER_0_100,Lecture isolée d’un nombre pour une quantité ou un montant; l’unité et le contexte doivent être ajoutés.,MEDIUM,quarante-deux,quarante-deux,,,DRAFT,true,,,NON_TESTE,
PROVISIONAL_FRM_NUMBER_043,,Dan/Yacouba,dnj,Variété non sélectionnée: Gweetaawu (Est) ou Blowo (Ouest),NUMBER_0_100,Lecture isolée d’un nombre pour une quantité ou un montant; l’unité et le contexte doivent être ajoutés.,MEDIUM,quarante-trois,quarante-trois,,,DRAFT,true,,,NON_TESTE,
PROVISIONAL_FRM_NUMBER_044,,Dan/Yacouba,dnj,Variété non sélectionnée: Gweetaawu (Est) ou Blowo (Ouest),NUMBER_0_100,Lecture isolée d’un nombre pour une quantité ou un montant; l’unité et le contexte doivent être ajoutés.,MEDIUM,quarante-quatre,quarante-quatre,,,DRAFT,true,,,NON_TESTE,
PROVISIONAL_FRM_NUMBER_045,,Dan/Yacouba,dnj,Variété non sélectionnée: Gweetaawu (Est) ou Blowo (Ouest),NUMBER_0_100,Lecture isolée d’un nombre pour une quantité ou un montant; l’unité et le contexte doivent être ajoutés.,MEDIUM,quarante-cinq,quarante-cinq,,,DRAFT,true,,,NON_TESTE,
PROVISIONAL_FRM_NUMBER_046,,Dan/Yacouba,dnj,Variété non sélectionnée: Gweetaawu (Est) ou Blowo (Ouest),NUMBER_0_100,Lecture isolée d’un nombre pour une quantité ou un montant; l’unité et le contexte doivent être ajoutés.,MEDIUM,quarante-six,quarante-six,,,DRAFT,true,,,NON_TESTE,
PROVISIONAL_FRM_NUMBER_047,,Dan/Yacouba,dnj,Variété non sélectionnée: Gweetaawu (Est) ou Blowo (Ouest),NUMBER_0_100,Lecture isolée d’un nombre pour une quantité ou un montant; l’unité et le contexte doivent être ajoutés.,MEDIUM,quarante-sept,quarante-sept,,,DRAFT,true,,,NON_TESTE,
PROVISIONAL_FRM_NUMBER_048,,Dan/Yacouba,dnj,Variété non sélectionnée: Gweetaawu (Est) ou Blowo (Ouest),NUMBER_0_100,Lecture isolée d’un nombre pour une quantité ou un montant; l’unité et le contexte doivent être ajoutés.,MEDIUM,quarante-huit,quarante-huit,,,DRAFT,true,,,NON_TESTE,
PROVISIONAL_FRM_NUMBER_049,,Dan/Yacouba,dnj,Variété non sélectionnée: Gweetaawu (Est) ou Blowo (Ouest),NUMBER_0_100,Lecture isolée d’un nombre pour une quantité ou un montant; l’unité et le contexte doivent être ajoutés.,MEDIUM,quarante-neuf,quarante-neuf,,,DRAFT,true,,,NON_TESTE,
PROVISIONAL_FRM_NUMBER_050,,Dan/Yacouba,dnj,Variété non sélectionnée: Gweetaawu (Est) ou Blowo (Ouest),NUMBER_0_100,Lecture isolée d’un nombre pour une quantité ou un montant; l’unité et le contexte doivent être ajoutés.,MEDIUM,cinquante,cinquante,,,DRAFT,true,,,NON_TESTE,
PROVISIONAL_FRM_NUMBER_051,,Dan/Yacouba,dnj,Variété non sélectionnée: Gweetaawu (Est) ou Blowo (Ouest),NUMBER_0_100,Lecture isolée d’un nombre pour une quantité ou un montant; l’unité et le contexte doivent être ajoutés.,MEDIUM,cinquante et un,cinquante et un,,,DRAFT,true,,,NON_TESTE,
PROVISIONAL_FRM_NUMBER_052,,Dan/Yacouba,dnj,Variété non sélectionnée: Gweetaawu (Est) ou Blowo (Ouest),NUMBER_0_100,Lecture isolée d’un nombre pour une quantité ou un montant; l’unité et le contexte doivent être ajoutés.,MEDIUM,cinquante-deux,cinquante-deux,,,DRAFT,true,,,NON_TESTE,
PROVISIONAL_FRM_NUMBER_053,,Dan/Yacouba,dnj,Variété non sélectionnée: Gweetaawu (Est) ou Blowo (Ouest),NUMBER_0_100,Lecture isolée d’un nombre pour une quantité ou un montant; l’unité et le contexte doivent être ajoutés.,MEDIUM,cinquante-trois,cinquante-trois,,,DRAFT,true,,,NON_TESTE,
PROVISIONAL_FRM_NUMBER_054,,Dan/Yacouba,dnj,Variété non sélectionnée: Gweetaawu (Est) ou Blowo (Ouest),NUMBER_0_100,Lecture isolée d’un nombre pour une quantité ou un montant; l’unité et le contexte doivent être ajoutés.,MEDIUM,cinquante-quatre,cinquante-quatre,,,DRAFT,true,,,NON_TESTE,
PROVISIONAL_FRM_NUMBER_055,,Dan/Yacouba,dnj,Variété non sélectionnée: Gweetaawu (Est) ou Blowo (Ouest),NUMBER_0_100,Lecture isolée d’un nombre pour une quantité ou un montant; l’unité et le contexte doivent être ajoutés.,MEDIUM,cinquante-cinq,cinquante-cinq,,,DRAFT,true,,,NON_TESTE,
PROVISIONAL_FRM_NUMBER_056,,Dan/Yacouba,dnj,Variété non sélectionnée: Gweetaawu (Est) ou Blowo (Ouest),NUMBER_0_100,Lecture isolée d’un nombre pour une quantité ou un montant; l’unité et le contexte doivent être ajoutés.,MEDIUM,cinquante-six,cinquante-six,,,DRAFT,true,,,NON_TESTE,
PROVISIONAL_FRM_NUMBER_057,,Dan/Yacouba,dnj,Variété non sélectionnée: Gweetaawu (Est) ou Blowo (Ouest),NUMBER_0_100,Lecture isolée d’un nombre pour une quantité ou un montant; l’unité et le contexte doivent être ajoutés.,MEDIUM,cinquante-sept,cinquante-sept,,,DRAFT,true,,,NON_TESTE,
PROVISIONAL_FRM_NUMBER_058,,Dan/Yacouba,dnj,Variété non sélectionnée: Gweetaawu (Est) ou Blowo (Ouest),NUMBER_0_100,Lecture isolée d’un nombre pour une quantité ou un montant; l’unité et le contexte doivent être ajoutés.,MEDIUM,cinquante-huit,cinquante-huit,,,DRAFT,true,,,NON_TESTE,
PROVISIONAL_FRM_NUMBER_059,,Dan/Yacouba,dnj,Variété non sélectionnée: Gweetaawu (Est) ou Blowo (Ouest),NUMBER_0_100,Lecture isolée d’un nombre pour une quantité ou un montant; l’unité et le contexte doivent être ajoutés.,MEDIUM,cinquante-neuf,cinquante-neuf,,,DRAFT,true,,,NON_TESTE,
PROVISIONAL_FRM_NUMBER_060,,Dan/Yacouba,dnj,Variété non sélectionnée: Gweetaawu (Est) ou Blowo (Ouest),NUMBER_0_100,Lecture isolée d’un nombre pour une quantité ou un montant; l’unité et le contexte doivent être ajoutés.,MEDIUM,soixante,soixante,,,DRAFT,true,,,NON_TESTE,
PROVISIONAL_FRM_NUMBER_061,,Dan/Yacouba,dnj,Variété non sélectionnée: Gweetaawu (Est) ou Blowo (Ouest),NUMBER_0_100,Lecture isolée d’un nombre pour une quantité ou un montant; l’unité et le contexte doivent être ajoutés.,MEDIUM,soixante et un,soixante et un,,,DRAFT,true,,,NON_TESTE,
PROVISIONAL_FRM_NUMBER_062,,Dan/Yacouba,dnj,Variété non sélectionnée: Gweetaawu (Est) ou Blowo (Ouest),NUMBER_0_100,Lecture isolée d’un nombre pour une quantité ou un montant; l’unité et le contexte doivent être ajoutés.,MEDIUM,soixante-deux,soixante-deux,,,DRAFT,true,,,NON_TESTE,
PROVISIONAL_FRM_NUMBER_063,,Dan/Yacouba,dnj,Variété non sélectionnée: Gweetaawu (Est) ou Blowo (Ouest),NUMBER_0_100,Lecture isolée d’un nombre pour une quantité ou un montant; l’unité et le contexte doivent être ajoutés.,MEDIUM,soixante-trois,soixante-trois,,,DRAFT,true,,,NON_TESTE,
PROVISIONAL_FRM_NUMBER_064,,Dan/Yacouba,dnj,Variété non sélectionnée: Gweetaawu (Est) ou Blowo (Ouest),NUMBER_0_100,Lecture isolée d’un nombre pour une quantité ou un montant; l’unité et le contexte doivent être ajoutés.,MEDIUM,soixante-quatre,soixante-quatre,,,DRAFT,true,,,NON_TESTE,
PROVISIONAL_FRM_NUMBER_065,,Dan/Yacouba,dnj,Variété non sélectionnée: Gweetaawu (Est) ou Blowo (Ouest),NUMBER_0_100,Lecture isolée d’un nombre pour une quantité ou un montant; l’unité et le contexte doivent être ajoutés.,MEDIUM,soixante-cinq,soixante-cinq,,,DRAFT,true,,,NON_TESTE,
PROVISIONAL_FRM_NUMBER_066,,Dan/Yacouba,dnj,Variété non sélectionnée: Gweetaawu (Est) ou Blowo (Ouest),NUMBER_0_100,Lecture isolée d’un nombre pour une quantité ou un montant; l’unité et le contexte doivent être ajoutés.,MEDIUM,soixante-six,soixante-six,,,DRAFT,true,,,NON_TESTE,
PROVISIONAL_FRM_NUMBER_067,,Dan/Yacouba,dnj,Variété non sélectionnée: Gweetaawu (Est) ou Blowo (Ouest),NUMBER_0_100,Lecture isolée d’un nombre pour une quantité ou un montant; l’unité et le contexte doivent être ajoutés.,MEDIUM,soixante-sept,soixante-sept,,,DRAFT,true,,,NON_TESTE,
PROVISIONAL_FRM_NUMBER_068,,Dan/Yacouba,dnj,Variété non sélectionnée: Gweetaawu (Est) ou Blowo (Ouest),NUMBER_0_100,Lecture isolée d’un nombre pour une quantité ou un montant; l’unité et le contexte doivent être ajoutés.,MEDIUM,soixante-huit,soixante-huit,,,DRAFT,true,,,NON_TESTE,
PROVISIONAL_FRM_NUMBER_069,,Dan/Yacouba,dnj,Variété non sélectionnée: Gweetaawu (Est) ou Blowo (Ouest),NUMBER_0_100,Lecture isolée d’un nombre pour une quantité ou un montant; l’unité et le contexte doivent être ajoutés.,MEDIUM,soixante-neuf,soixante-neuf,,,DRAFT,true,,,NON_TESTE,
PROVISIONAL_FRM_NUMBER_070,,Dan/Yacouba,dnj,Variété non sélectionnée: Gweetaawu (Est) ou Blowo (Ouest),NUMBER_0_100,Lecture isolée d’un nombre pour une quantité ou un montant; l’unité et le contexte doivent être ajoutés.,MEDIUM,soixante-dix,soixante-dix,,,DRAFT,true,,,NON_TESTE,
PROVISIONAL_FRM_NUMBER_071,,Dan/Yacouba,dnj,Variété non sélectionnée: Gweetaawu (Est) ou Blowo (Ouest),NUMBER_0_100,Lecture isolée d’un nombre pour une quantité ou un montant; l’unité et le contexte doivent être ajoutés.,MEDIUM,soixante et onze,soixante et onze,,,DRAFT,true,,,NON_TESTE,
PROVISIONAL_FRM_NUMBER_072,,Dan/Yacouba,dnj,Variété non sélectionnée: Gweetaawu (Est) ou Blowo (Ouest),NUMBER_0_100,Lecture isolée d’un nombre pour une quantité ou un montant; l’unité et le contexte doivent être ajoutés.,MEDIUM,soixante-douze,soixante-douze,,,DRAFT,true,,,NON_TESTE,
PROVISIONAL_FRM_NUMBER_073,,Dan/Yacouba,dnj,Variété non sélectionnée: Gweetaawu (Est) ou Blowo (Ouest),NUMBER_0_100,Lecture isolée d’un nombre pour une quantité ou un montant; l’unité et le contexte doivent être ajoutés.,MEDIUM,soixante-treize,soixante-treize,,,DRAFT,true,,,NON_TESTE,
PROVISIONAL_FRM_NUMBER_074,,Dan/Yacouba,dnj,Variété non sélectionnée: Gweetaawu (Est) ou Blowo (Ouest),NUMBER_0_100,Lecture isolée d’un nombre pour une quantité ou un montant; l’unité et le contexte doivent être ajoutés.,MEDIUM,soixante-quatorze,soixante-quatorze,,,DRAFT,true,,,NON_TESTE,
PROVISIONAL_FRM_NUMBER_075,,Dan/Yacouba,dnj,Variété non sélectionnée: Gweetaawu (Est) ou Blowo (Ouest),NUMBER_0_100,Lecture isolée d’un nombre pour une quantité ou un montant; l’unité et le contexte doivent être ajoutés.,MEDIUM,soixante-quinze,soixante-quinze,,,DRAFT,true,,,NON_TESTE,
PROVISIONAL_FRM_NUMBER_076,,Dan/Yacouba,dnj,Variété non sélectionnée: Gweetaawu (Est) ou Blowo (Ouest),NUMBER_0_100,Lecture isolée d’un nombre pour une quantité ou un montant; l’unité et le contexte doivent être ajoutés.,MEDIUM,soixante-seize,soixante-seize,,,DRAFT,true,,,NON_TESTE,
PROVISIONAL_FRM_NUMBER_077,,Dan/Yacouba,dnj,Variété non sélectionnée: Gweetaawu (Est) ou Blowo (Ouest),NUMBER_0_100,Lecture isolée d’un nombre pour une quantité ou un montant; l’unité et le contexte doivent être ajoutés.,MEDIUM,soixante-dix-sept,soixante-dix-sept,,,DRAFT,true,,,NON_TESTE,
PROVISIONAL_FRM_NUMBER_078,,Dan/Yacouba,dnj,Variété non sélectionnée: Gweetaawu (Est) ou Blowo (Ouest),NUMBER_0_100,Lecture isolée d’un nombre pour une quantité ou un montant; l’unité et le contexte doivent être ajoutés.,MEDIUM,soixante-dix-huit,soixante-dix-huit,,,DRAFT,true,,,NON_TESTE,
PROVISIONAL_FRM_NUMBER_079,,Dan/Yacouba,dnj,Variété non sélectionnée: Gweetaawu (Est) ou Blowo (Ouest),NUMBER_0_100,Lecture isolée d’un nombre pour une quantité ou un montant; l’unité et le contexte doivent être ajoutés.,MEDIUM,soixante-dix-neuf,soixante-dix-neuf,,,DRAFT,true,,,NON_TESTE,
PROVISIONAL_FRM_NUMBER_080,,Dan/Yacouba,dnj,Variété non sélectionnée: Gweetaawu (Est) ou Blowo (Ouest),NUMBER_0_100,Lecture isolée d’un nombre pour une quantité ou un montant; l’unité et le contexte doivent être ajoutés.,MEDIUM,quatre-vingts,quatre-vingts,,,DRAFT,true,,,NON_TESTE,
PROVISIONAL_FRM_NUMBER_081,,Dan/Yacouba,dnj,Variété non sélectionnée: Gweetaawu (Est) ou Blowo (Ouest),NUMBER_0_100,Lecture isolée d’un nombre pour une quantité ou un montant; l’unité et le contexte doivent être ajoutés.,MEDIUM,quatre-vingt-un,quatre-vingt-un,,,DRAFT,true,,,NON_TESTE,
PROVISIONAL_FRM_NUMBER_082,,Dan/Yacouba,dnj,Variété non sélectionnée: Gweetaawu (Est) ou Blowo (Ouest),NUMBER_0_100,Lecture isolée d’un nombre pour une quantité ou un montant; l’unité et le contexte doivent être ajoutés.,MEDIUM,quatre-vingt-deux,quatre-vingt-deux,,,DRAFT,true,,,NON_TESTE,
PROVISIONAL_FRM_NUMBER_083,,Dan/Yacouba,dnj,Variété non sélectionnée: Gweetaawu (Est) ou Blowo (Ouest),NUMBER_0_100,Lecture isolée d’un nombre pour une quantité ou un montant; l’unité et le contexte doivent être ajoutés.,MEDIUM,quatre-vingt-trois,quatre-vingt-trois,,,DRAFT,true,,,NON_TESTE,
PROVISIONAL_FRM_NUMBER_084,,Dan/Yacouba,dnj,Variété non sélectionnée: Gweetaawu (Est) ou Blowo (Ouest),NUMBER_0_100,Lecture isolée d’un nombre pour une quantité ou un montant; l’unité et le contexte doivent être ajoutés.,MEDIUM,quatre-vingt-quatre,quatre-vingt-quatre,,,DRAFT,true,,,NON_TESTE,
PROVISIONAL_FRM_NUMBER_085,,Dan/Yacouba,dnj,Variété non sélectionnée: Gweetaawu (Est) ou Blowo (Ouest),NUMBER_0_100,Lecture isolée d’un nombre pour une quantité ou un montant; l’unité et le contexte doivent être ajoutés.,MEDIUM,quatre-vingt-cinq,quatre-vingt-cinq,,,DRAFT,true,,,NON_TESTE,
PROVISIONAL_FRM_NUMBER_086,,Dan/Yacouba,dnj,Variété non sélectionnée: Gweetaawu (Est) ou Blowo (Ouest),NUMBER_0_100,Lecture isolée d’un nombre pour une quantité ou un montant; l’unité et le contexte doivent être ajoutés.,MEDIUM,quatre-vingt-six,quatre-vingt-six,,,DRAFT,true,,,NON_TESTE,
PROVISIONAL_FRM_NUMBER_087,,Dan/Yacouba,dnj,Variété non sélectionnée: Gweetaawu (Est) ou Blowo (Ouest),NUMBER_0_100,Lecture isolée d’un nombre pour une quantité ou un montant; l’unité et le contexte doivent être ajoutés.,MEDIUM,quatre-vingt-sept,quatre-vingt-sept,,,DRAFT,true,,,NON_TESTE,
PROVISIONAL_FRM_NUMBER_088,,Dan/Yacouba,dnj,Variété non sélectionnée: Gweetaawu (Est) ou Blowo (Ouest),NUMBER_0_100,Lecture isolée d’un nombre pour une quantité ou un montant; l’unité et le contexte doivent être ajoutés.,MEDIUM,quatre-vingt-huit,quatre-vingt-huit,,,DRAFT,true,,,NON_TESTE,
PROVISIONAL_FRM_NUMBER_089,,Dan/Yacouba,dnj,Variété non sélectionnée: Gweetaawu (Est) ou Blowo (Ouest),NUMBER_0_100,Lecture isolée d’un nombre pour une quantité ou un montant; l’unité et le contexte doivent être ajoutés.,MEDIUM,quatre-vingt-neuf,quatre-vingt-neuf,,,DRAFT,true,,,NON_TESTE,
PROVISIONAL_FRM_NUMBER_090,,Dan/Yacouba,dnj,Variété non sélectionnée: Gweetaawu (Est) ou Blowo (Ouest),NUMBER_0_100,Lecture isolée d’un nombre pour une quantité ou un montant; l’unité et le contexte doivent être ajoutés.,MEDIUM,quatre-vingt-dix,quatre-vingt-dix,,,DRAFT,true,,,NON_TESTE,
PROVISIONAL_FRM_NUMBER_091,,Dan/Yacouba,dnj,Variété non sélectionnée: Gweetaawu (Est) ou Blowo (Ouest),NUMBER_0_100,Lecture isolée d’un nombre pour une quantité ou un montant; l’unité et le contexte doivent être ajoutés.,MEDIUM,quatre-vingt-onze,quatre-vingt-onze,,,DRAFT,true,,,NON_TESTE,
PROVISIONAL_FRM_NUMBER_092,,Dan/Yacouba,dnj,Variété non sélectionnée: Gweetaawu (Est) ou Blowo (Ouest),NUMBER_0_100,Lecture isolée d’un nombre pour une quantité ou un montant; l’unité et le contexte doivent être ajoutés.,MEDIUM,quatre-vingt-douze,quatre-vingt-douze,,,DRAFT,true,,,NON_TESTE,
PROVISIONAL_FRM_NUMBER_093,,Dan/Yacouba,dnj,Variété non sélectionnée: Gweetaawu (Est) ou Blowo (Ouest),NUMBER_0_100,Lecture isolée d’un nombre pour une quantité ou un montant; l’unité et le contexte doivent être ajoutés.,MEDIUM,quatre-vingt-treize,quatre-vingt-treize,,,DRAFT,true,,,NON_TESTE,
PROVISIONAL_FRM_NUMBER_094,,Dan/Yacouba,dnj,Variété non sélectionnée: Gweetaawu (Est) ou Blowo (Ouest),NUMBER_0_100,Lecture isolée d’un nombre pour une quantité ou un montant; l’unité et le contexte doivent être ajoutés.,MEDIUM,quatre-vingt-quatorze,quatre-vingt-quatorze,,,DRAFT,true,,,NON_TESTE,
PROVISIONAL_FRM_NUMBER_095,,Dan/Yacouba,dnj,Variété non sélectionnée: Gweetaawu (Est) ou Blowo (Ouest),NUMBER_0_100,Lecture isolée d’un nombre pour une quantité ou un montant; l’unité et le contexte doivent être ajoutés.,MEDIUM,quatre-vingt-quinze,quatre-vingt-quinze,,,DRAFT,true,,,NON_TESTE,
PROVISIONAL_FRM_NUMBER_096,,Dan/Yacouba,dnj,Variété non sélectionnée: Gweetaawu (Est) ou Blowo (Ouest),NUMBER_0_100,Lecture isolée d’un nombre pour une quantité ou un montant; l’unité et le contexte doivent être ajoutés.,MEDIUM,quatre-vingt-seize,quatre-vingt-seize,,,DRAFT,true,,,NON_TESTE,
PROVISIONAL_FRM_NUMBER_097,,Dan/Yacouba,dnj,Variété non sélectionnée: Gweetaawu (Est) ou Blowo (Ouest),NUMBER_0_100,Lecture isolée d’un nombre pour une quantité ou un montant; l’unité et le contexte doivent être ajoutés.,MEDIUM,quatre-vingt-dix-sept,quatre-vingt-dix-sept,,,DRAFT,true,,,NON_TESTE,
PROVISIONAL_FRM_NUMBER_098,,Dan/Yacouba,dnj,Variété non sélectionnée: Gweetaawu (Est) ou Blowo (Ouest),NUMBER_0_100,Lecture isolée d’un nombre pour une quantité ou un montant; l’unité et le contexte doivent être ajoutés.,MEDIUM,quatre-vingt-dix-huit,quatre-vingt-dix-huit,,,DRAFT,true,,,NON_TESTE,
PROVISIONAL_FRM_NUMBER_099,,Dan/Yacouba,dnj,Variété non sélectionnée: Gweetaawu (Est) ou Blowo (Ouest),NUMBER_0_100,Lecture isolée d’un nombre pour une quantité ou un montant; l’unité et le contexte doivent être ajoutés.,MEDIUM,quatre-vingt-dix-neuf,quatre-vingt-dix-neuf,,,DRAFT,true,,,NON_TESTE,
PROVISIONAL_FRM_NUMBER_100,,Dan/Yacouba,dnj,Variété non sélectionnée: Gweetaawu (Est) ou Blowo (Ouest),NUMBER_0_100,Lecture isolée d’un nombre pour une quantité ou un montant; l’unité et le contexte doivent être ajoutés.,MEDIUM,cent,cent,,,DRAFT,true,,,NON_TESTE,
PROVISIONAL_FRM_NUMBER_HUNDRED_200,,Dan/Yacouba,dnj,Variété non sélectionnée: Gweetaawu (Est) ou Blowo (Ouest),NUMBER_HUNDREDS,Lecture isolée d’une centaine ou de mille; l’unité et le contexte doivent être ajoutés.,MEDIUM,deux cents,deux cents,,,DRAFT,true,,,NON_TESTE,
PROVISIONAL_FRM_NUMBER_HUNDRED_300,,Dan/Yacouba,dnj,Variété non sélectionnée: Gweetaawu (Est) ou Blowo (Ouest),NUMBER_HUNDREDS,Lecture isolée d’une centaine ou de mille; l’unité et le contexte doivent être ajoutés.,MEDIUM,trois cents,trois cents,,,DRAFT,true,,,NON_TESTE,
PROVISIONAL_FRM_NUMBER_HUNDRED_400,,Dan/Yacouba,dnj,Variété non sélectionnée: Gweetaawu (Est) ou Blowo (Ouest),NUMBER_HUNDREDS,Lecture isolée d’une centaine ou de mille; l’unité et le contexte doivent être ajoutés.,MEDIUM,quatre cents,quatre cents,,,DRAFT,true,,,NON_TESTE,
PROVISIONAL_FRM_NUMBER_HUNDRED_500,,Dan/Yacouba,dnj,Variété non sélectionnée: Gweetaawu (Est) ou Blowo (Ouest),NUMBER_HUNDREDS,Lecture isolée d’une centaine ou de mille; l’unité et le contexte doivent être ajoutés.,MEDIUM,cinq cents,cinq cents,,,DRAFT,true,,,NON_TESTE,
PROVISIONAL_FRM_NUMBER_HUNDRED_600,,Dan/Yacouba,dnj,Variété non sélectionnée: Gweetaawu (Est) ou Blowo (Ouest),NUMBER_HUNDREDS,Lecture isolée d’une centaine ou de mille; l’unité et le contexte doivent être ajoutés.,MEDIUM,six cents,six cents,,,DRAFT,true,,,NON_TESTE,
PROVISIONAL_FRM_NUMBER_HUNDRED_700,,Dan/Yacouba,dnj,Variété non sélectionnée: Gweetaawu (Est) ou Blowo (Ouest),NUMBER_HUNDREDS,Lecture isolée d’une centaine ou de mille; l’unité et le contexte doivent être ajoutés.,MEDIUM,sept cents,sept cents,,,DRAFT,true,,,NON_TESTE,
PROVISIONAL_FRM_NUMBER_HUNDRED_800,,Dan/Yacouba,dnj,Variété non sélectionnée: Gweetaawu (Est) ou Blowo (Ouest),NUMBER_HUNDREDS,Lecture isolée d’une centaine ou de mille; l’unité et le contexte doivent être ajoutés.,MEDIUM,huit cents,huit cents,,,DRAFT,true,,,NON_TESTE,
PROVISIONAL_FRM_NUMBER_HUNDRED_900,,Dan/Yacouba,dnj,Variété non sélectionnée: Gweetaawu (Est) ou Blowo (Ouest),NUMBER_HUNDREDS,Lecture isolée d’une centaine ou de mille; l’unité et le contexte doivent être ajoutés.,MEDIUM,neuf cents,neuf cents,,,DRAFT,true,,,NON_TESTE,
PROVISIONAL_FRM_NUMBER_THOUSAND_1000,,Dan/Yacouba,dnj,Variété non sélectionnée: Gweetaawu (Est) ou Blowo (Ouest),NUMBER_THOUSAND,Lecture isolée d’une centaine ou de mille; l’unité et le contexte doivent être ajoutés.,MEDIUM,mille,mille,,,DRAFT,true,,,NON_TESTE,
PROVISIONAL_FRM_UNIT_01_UNITE,,Dan/Yacouba,dnj,Variété non sélectionnée: Gweetaawu (Est) ou Blowo (Ouest),UNIT,Unité de vente orale.,LOW,unité,à l’unité,,,DRAFT,true,,,NON_TESTE,
PROVISIONAL_FRM_UNIT_02_TAS,,Dan/Yacouba,dnj,Variété non sélectionnée: Gweetaawu (Est) ou Blowo (Ouest),UNIT,Unité de vente orale.,LOW,tas,tas,,,DRAFT,true,,,NON_TESTE,
PROVISIONAL_FRM_UNIT_03_SAC,,Dan/Yacouba,dnj,Variété non sélectionnée: Gweetaawu (Est) ou Blowo (Ouest),UNIT,Unité de vente orale.,LOW,sac,sac,,,DRAFT,true,,,NON_TESTE,
PROVISIONAL_FRM_UNIT_04_KILO,,Dan/Yacouba,dnj,Variété non sélectionnée: Gweetaawu (Est) ou Blowo (Ouest),UNIT,Unité de vente orale.,LOW,kilo,kilo,,,DRAFT,true,,,NON_TESTE,
PROVISIONAL_FRM_UNIT_05_BOTTE,,Dan/Yacouba,dnj,Variété non sélectionnée: Gweetaawu (Est) ou Blowo (Ouest),UNIT,Unité de vente orale.,LOW,botte,botte,,,DRAFT,true,,,NON_TESTE,
PROVISIONAL_FRM_UNIT_06_BIDON,,Dan/Yacouba,dnj,Variété non sélectionnée: Gweetaawu (Est) ou Blowo (Ouest),UNIT,Unité de vente orale.,LOW,bidon,bidon,,,DRAFT,true,,,NON_TESTE,
PROVISIONAL_FRM_UNIT_07_SACHET,,Dan/Yacouba,dnj,Variété non sélectionnée: Gweetaawu (Est) ou Blowo (Ouest),UNIT,Unité de vente orale.,LOW,sachet,sachet,,,DRAFT,true,,,NON_TESTE,
PROVISIONAL_FRM_UNIT_08_PAQUET,,Dan/Yacouba,dnj,Variété non sélectionnée: Gweetaawu (Est) ou Blowo (Ouest),UNIT,Unité de vente orale.,LOW,paquet,paquet,,,DRAFT,true,,,NON_TESTE,
PROVISIONAL_FRM_UNIT_09_MORCEAU,,Dan/Yacouba,dnj,Variété non sélectionnée: Gweetaawu (Est) ou Blowo (Ouest),UNIT,Unité de vente orale.,LOW,morceau,morceau,,,DRAFT,true,,,NON_TESTE,
PROVISIONAL_FRM_UNIT_10_LITRE,,Dan/Yacouba,dnj,Variété non sélectionnée: Gweetaawu (Est) ou Blowo (Ouest),UNIT,Unité de vente orale.,LOW,litre,litre,,,DRAFT,true,,,NON_TESTE,
PROVISIONAL_FRM_UNIT_11_REGIME,,Dan/Yacouba,dnj,Variété non sélectionnée: Gweetaawu (Est) ou Blowo (Ouest),UNIT,Unité de vente orale.,LOW,régime,régime,,,DRAFT,true,,,NON_TESTE,
PROVISIONAL_FRM_UNIT_12_CARTON,,Dan/Yacouba,dnj,Variété non sélectionnée: Gweetaawu (Est) ou Blowo (Ouest),UNIT,Unité de vente orale.,LOW,carton,carton,,,DRAFT,true,,,NON_TESTE,
PROVISIONAL_FRM_UNIT_13_CAISSE,,Dan/Yacouba,dnj,Variété non sélectionnée: Gweetaawu (Est) ou Blowo (Ouest),UNIT,Unité de vente orale.,LOW,caisse,caisse,,,DRAFT,true,,,NON_TESTE,
PROVISIONAL_FRM_UNIT_14_BOUTEILLE,,Dan/Yacouba,dnj,Variété non sélectionnée: Gweetaawu (Est) ou Blowo (Ouest),UNIT,Unité de vente orale.,LOW,bouteille,bouteille,,,DRAFT,true,,,NON_TESTE,
PROVISIONAL_FRM_UNIT_15_PANIER,,Dan/Yacouba,dnj,Variété non sélectionnée: Gweetaawu (Est) ou Blowo (Ouest),UNIT,Unité de vente orale.,LOW,panier,panier,,,DRAFT,true,,,NON_TESTE,
PROVISIONAL_FRM_UNIT_16_FRANC,,Dan/Yacouba,dnj,Variété non sélectionnée: Gweetaawu (Est) ou Blowo (Ouest),UNIT,Dénomination monétaire orale; à associer à un nombre et au contexte.,HIGH,franc,franc,,,DRAFT,true,,,NON_TESTE,
PROVISIONAL_FRM_UNIT_17_FCFA,,Dan/Yacouba,dnj,Variété non sélectionnée: Gweetaawu (Est) ou Blowo (Ouest),UNIT,Dénomination monétaire orale; à associer à un nombre et au contexte.,HIGH,FCFA,franc CFA,,,DRAFT,true,,,NON_TESTE,
PROVISIONAL_FRM_PRODUCT_01_TOMATE,,Dan/Yacouba,dnj,Variété non sélectionnée: Gweetaawu (Est) ou Blowo (Ouest),PRODUCT,Nom de produit à annoncer ou saisir dans une vente; aucun identifiant produit métier n’est créé.,LOW,tomate,tomate,,,DRAFT,true,,,NON_TESTE,
PROVISIONAL_FRM_PRODUCT_02_PIMENT,,Dan/Yacouba,dnj,Variété non sélectionnée: Gweetaawu (Est) ou Blowo (Ouest),PRODUCT,Nom de produit à annoncer ou saisir dans une vente; aucun identifiant produit métier n’est créé.,LOW,piment,piment,,,DRAFT,true,,,NON_TESTE,
PROVISIONAL_FRM_PRODUCT_03_GOMBO,,Dan/Yacouba,dnj,Variété non sélectionnée: Gweetaawu (Est) ou Blowo (Ouest),PRODUCT,Nom de produit à annoncer ou saisir dans une vente; aucun identifiant produit métier n’est créé.,LOW,gombo,gombo,,,DRAFT,true,,,NON_TESTE,
PROVISIONAL_FRM_PRODUCT_04_ATTIEKE,,Dan/Yacouba,dnj,Variété non sélectionnée: Gweetaawu (Est) ou Blowo (Ouest),PRODUCT,Nom de produit à annoncer ou saisir dans une vente; aucun identifiant produit métier n’est créé.,LOW,attiéké,attiéké,,,DRAFT,true,,,NON_TESTE,
PROVISIONAL_FRM_PRODUCT_05_BANANE,,Dan/Yacouba,dnj,Variété non sélectionnée: Gweetaawu (Est) ou Blowo (Ouest),PRODUCT,Nom de produit à annoncer ou saisir dans une vente; aucun identifiant produit métier n’est créé.,LOW,banane,banane,,,DRAFT,true,,,NON_TESTE,
PROVISIONAL_FRM_PRODUCT_06_PLANTAIN,,Dan/Yacouba,dnj,Variété non sélectionnée: Gweetaawu (Est) ou Blowo (Ouest),PRODUCT,Nom de produit à annoncer ou saisir dans une vente; aucun identifiant produit métier n’est créé.,LOW,plantain,plantain,,,DRAFT,true,,,NON_TESTE,
PROVISIONAL_FRM_PRODUCT_07_IGNAME,,Dan/Yacouba,dnj,Variété non sélectionnée: Gweetaawu (Est) ou Blowo (Ouest),PRODUCT,Nom de produit à annoncer ou saisir dans une vente; aucun identifiant produit métier n’est créé.,LOW,igname,igname,,,DRAFT,true,,,NON_TESTE,
PROVISIONAL_FRM_PRODUCT_08_MANIOC,,Dan/Yacouba,dnj,Variété non sélectionnée: Gweetaawu (Est) ou Blowo (Ouest),PRODUCT,Nom de produit à annoncer ou saisir dans une vente; aucun identifiant produit métier n’est créé.,LOW,manioc,manioc,,,DRAFT,true,,,NON_TESTE,
PROVISIONAL_FRM_PRODUCT_09_AUBERGINE,,Dan/Yacouba,dnj,Variété non sélectionnée: Gweetaawu (Est) ou Blowo (Ouest),PRODUCT,Nom de produit à annoncer ou saisir dans une vente; aucun identifiant produit métier n’est créé.,LOW,aubergine,aubergine,,,DRAFT,true,,,NON_TESTE,
PROVISIONAL_FRM_PRODUCT_10_OIGNON,,Dan/Yacouba,dnj,Variété non sélectionnée: Gweetaawu (Est) ou Blowo (Ouest),PRODUCT,Nom de produit à annoncer ou saisir dans une vente; aucun identifiant produit métier n’est créé.,LOW,oignon,oignon,,,DRAFT,true,,,NON_TESTE,
PROVISIONAL_FRM_PRODUCT_11_AIL,,Dan/Yacouba,dnj,Variété non sélectionnée: Gweetaawu (Est) ou Blowo (Ouest),PRODUCT,Nom de produit à annoncer ou saisir dans une vente; aucun identifiant produit métier n’est créé.,LOW,ail,ail,,,DRAFT,true,,,NON_TESTE,
PROVISIONAL_FRM_PRODUCT_12_POISSON,,Dan/Yacouba,dnj,Variété non sélectionnée: Gweetaawu (Est) ou Blowo (Ouest),PRODUCT,Nom de produit à annoncer ou saisir dans une vente; aucun identifiant produit métier n’est créé.,LOW,poisson,poisson,,,DRAFT,true,,,NON_TESTE,
PROVISIONAL_FRM_PRODUCT_13_VIANDE,,Dan/Yacouba,dnj,Variété non sélectionnée: Gweetaawu (Est) ou Blowo (Ouest),PRODUCT,Nom de produit à annoncer ou saisir dans une vente; aucun identifiant produit métier n’est créé.,LOW,viande,viande,,,DRAFT,true,,,NON_TESTE,
PROVISIONAL_FRM_PRODUCT_14_POULET,,Dan/Yacouba,dnj,Variété non sélectionnée: Gweetaawu (Est) ou Blowo (Ouest),PRODUCT,Nom de produit à annoncer ou saisir dans une vente; aucun identifiant produit métier n’est créé.,LOW,poulet,poulet,,,DRAFT,true,,,NON_TESTE,
PROVISIONAL_FRM_PRODUCT_15_HUILE,,Dan/Yacouba,dnj,Variété non sélectionnée: Gweetaawu (Est) ou Blowo (Ouest),PRODUCT,Nom de produit à annoncer ou saisir dans une vente; aucun identifiant produit métier n’est créé.,LOW,huile,huile,,,DRAFT,true,,,NON_TESTE,
PROVISIONAL_FRM_PRODUCT_16_SEL,,Dan/Yacouba,dnj,Variété non sélectionnée: Gweetaawu (Est) ou Blowo (Ouest),PRODUCT,Nom de produit à annoncer ou saisir dans une vente; aucun identifiant produit métier n’est créé.,LOW,sel,sel,,,DRAFT,true,,,NON_TESTE,
PROVISIONAL_FRM_PRODUCT_17_SUCRE,,Dan/Yacouba,dnj,Variété non sélectionnée: Gweetaawu (Est) ou Blowo (Ouest),PRODUCT,Nom de produit à annoncer ou saisir dans une vente; aucun identifiant produit métier n’est créé.,LOW,sucre,sucre,,,DRAFT,true,,,NON_TESTE,
PROVISIONAL_FRM_PRODUCT_18_RIZ,,Dan/Yacouba,dnj,Variété non sélectionnée: Gweetaawu (Est) ou Blowo (Ouest),PRODUCT,Nom de produit à annoncer ou saisir dans une vente; aucun identifiant produit métier n’est créé.,LOW,riz,riz,,,DRAFT,true,,,NON_TESTE,
PROVISIONAL_FRM_PRODUCT_19_HARICOT,,Dan/Yacouba,dnj,Variété non sélectionnée: Gweetaawu (Est) ou Blowo (Ouest),PRODUCT,Nom de produit à annoncer ou saisir dans une vente; aucun identifiant produit métier n’est créé.,LOW,haricot,haricot,,,DRAFT,true,,,NON_TESTE,
PROVISIONAL_FRM_PRODUCT_20_MAIS,,Dan/Yacouba,dnj,Variété non sélectionnée: Gweetaawu (Est) ou Blowo (Ouest),PRODUCT,Nom de produit à annoncer ou saisir dans une vente; aucun identifiant produit métier n’est créé.,LOW,maïs,maïs,,,DRAFT,true,,,NON_TESTE,
PROVISIONAL_FRM_PRODUCT_21_FOUTOU,,Dan/Yacouba,dnj,Variété non sélectionnée: Gweetaawu (Est) ou Blowo (Ouest),PRODUCT,Nom de produit à annoncer ou saisir dans une vente; aucun identifiant produit métier n’est créé.,LOW,foutou,foutou,,,DRAFT,true,,,NON_TESTE,
PROVISIONAL_FRM_PRODUCT_22_ORANGE,,Dan/Yacouba,dnj,Variété non sélectionnée: Gweetaawu (Est) ou Blowo (Ouest),PRODUCT,Nom de produit à annoncer ou saisir dans une vente; aucun identifiant produit métier n’est créé.,LOW,orange,orange,,,DRAFT,true,,,NON_TESTE,
PROVISIONAL_FRM_PRODUCT_23_SAVON,,Dan/Yacouba,dnj,Variété non sélectionnée: Gweetaawu (Est) ou Blowo (Ouest),PRODUCT,Nom de produit à annoncer ou saisir dans une vente; aucun identifiant produit métier n’est créé.,LOW,savon,savon,,,DRAFT,true,,,NON_TESTE,
PROVISIONAL_FRM_PRODUCT_24_FARINE,,Dan/Yacouba,dnj,Variété non sélectionnée: Gweetaawu (Est) ou Blowo (Ouest),PRODUCT,Nom de produit à annoncer ou saisir dans une vente; aucun identifiant produit métier n’est créé.,LOW,farine,farine,,,DRAFT,true,,,NON_TESTE,
PROVISIONAL_FRM_PRODUCT_25_JUS,,Dan/Yacouba,dnj,Variété non sélectionnée: Gweetaawu (Est) ou Blowo (Ouest),PRODUCT,Nom de produit à annoncer ou saisir dans une vente; aucun identifiant produit métier n’est créé.,LOW,jus,jus,,,DRAFT,true,,,NON_TESTE,
PROVISIONAL_FRM_PRODUCT_26_LAIT,,Dan/Yacouba,dnj,Variété non sélectionnée: Gweetaawu (Est) ou Blowo (Ouest),PRODUCT,Nom de produit à annoncer ou saisir dans une vente; aucun identifiant produit métier n’est créé.,LOW,lait,lait,,,DRAFT,true,,,NON_TESTE,
PROVISIONAL_FRM_INTENT_01,,Abron,abr,"Abron/Bron de Côte d’Ivoire, aire Tanda–Bondoukou; sous-parler à confirmer",FINANCIAL_PRIORITY_INTENT,Commande orale d’encaissement; elle ne vaut pas confirmation métier du paiement.,CRITICAL,Encaisse.,Encaisse ça.,,,DRAFT,true,,,NON_TESTE,
PROVISIONAL_FRM_INTENT_02,,Abron,abr,"Abron/Bron de Côte d’Ivoire, aire Tanda–Bondoukou; sous-parler à confirmer",FINANCIAL_PRIORITY_INTENT,Demande du montant encore dû par une cliente.,CRITICAL,Combien elle doit ?,Elle doit combien ?,,,DRAFT,true,,,NON_TESTE,
PROVISIONAL_FRM_INTENT_03,,Abron,abr,"Abron/Bron de Côte d’Ivoire, aire Tanda–Bondoukou; sous-parler à confirmer",FINANCIAL_PRIORITY_INTENT,Accord oral avant une validation; la confirmation métier reste distincte.,CRITICAL,"Oui, valide.","Oui, tu peux valider.",,,DRAFT,true,,,NON_TESTE,
PROVISIONAL_FRM_INTENT_04,,Abron,abr,"Abron/Bron de Côte d’Ivoire, aire Tanda–Bondoukou; sous-parler à confirmer",FINANCIAL_PRIORITY_INTENT,Refus ou demande d’annulation avant confirmation métier.,CRITICAL,Non / annule.,"Non, annule.",,,DRAFT,true,,,NON_TESTE,
PROVISIONAL_FRM_INTENT_05,,Abron,abr,"Abron/Bron de Côte d’Ivoire, aire Tanda–Bondoukou; sous-parler à confirmer",FINANCIAL_PRIORITY_INTENT,Annonce d’un montant manquant dans le paiement.,CRITICAL,Il manque {montant} francs.,Il manque {montant} francs.,,,DRAFT,true,,,NON_TESTE,
PROVISIONAL_FRM_INTENT_06,,Abron,abr,"Abron/Bron de Côte d’Ivoire, aire Tanda–Bondoukou; sous-parler à confirmer",FINANCIAL_PRIORITY_INTENT,Demande de vérifier le calcul ou le compte avant la suite.,CRITICAL,Compte juste.,Vérifie bien le compte.,,,DRAFT,true,,,NON_TESTE,
PROVISIONAL_FRM_INTENT_07,,Abron,abr,"Abron/Bron de Côte d’Ivoire, aire Tanda–Bondoukou; sous-parler à confirmer",FINANCIAL_PRIORITY_INTENT,Annonce du montant effectivement remis par la cliente.,CRITICAL,Elle a donné {recu} francs.,Elle a donné {recu} francs.,,,DRAFT,true,,,NON_TESTE,
PROVISIONAL_FRM_INTENT_08,,Abron,abr,"Abron/Bron de Côte d’Ivoire, aire Tanda–Bondoukou; sous-parler à confirmer",FINANCIAL_PRIORITY_INTENT,Annonce de la monnaie à rendre à la cliente.,CRITICAL,Tu rends {monnaie} francs.,Tu lui rends {monnaie} francs.,,,DRAFT,true,,,NON_TESTE,
PROVISIONAL_FRM_INTENT_09,,Abron,abr,"Abron/Bron de Côte d’Ivoire, aire Tanda–Bondoukou; sous-parler à confirmer",FINANCIAL_PRIORITY_INTENT,Annonce du total dû par la cliente.,CRITICAL,Elle doit {total} francs.,Elle doit {total} francs.,,,DRAFT,true,,,NON_TESTE,
PROVISIONAL_FRM_INTENT_10,,Abron,abr,"Abron/Bron de Côte d’Ivoire, aire Tanda–Bondoukou; sous-parler à confirmer",FINANCIAL_PRIORITY_INTENT,Demande orale de validation avant l’action métier.,CRITICAL,Je valide ?,Je valide ça ?,,,DRAFT,true,,,NON_TESTE,
PROVISIONAL_FRM_INTENT_11,,Abron,abr,"Abron/Bron de Côte d’Ivoire, aire Tanda–Bondoukou; sous-parler à confirmer",FINANCIAL_PRIORITY_INTENT,Question sur le prix d’un seul article.,HIGH,Prix d’un seul.,"Un seul, c’est combien ?",,,DRAFT,true,,,NON_TESTE,
PROVISIONAL_FRM_INTENT_12,,Abron,abr,"Abron/Bron de Côte d’Ivoire, aire Tanda–Bondoukou; sous-parler à confirmer",FINANCIAL_PRIORITY_INTENT,Question sur le prix total de l’ensemble présenté.,HIGH,Prix du tout.,"Tout ça, c’est combien ?",,,DRAFT,true,,,NON_TESTE,
PROVISIONAL_FRM_INTENT_13,,Abron,abr,"Abron/Bron de Côte d’Ivoire, aire Tanda–Bondoukou; sous-parler à confirmer",FINANCIAL_PRIORITY_INTENT,Question générale sur le montant à payer ou le total.,HIGH,Combien ?,Ça fait combien ?,,,DRAFT,true,,,NON_TESTE,
PROVISIONAL_FRM_INTENT_14,,Abron,abr,"Abron/Bron de Côte d’Ivoire, aire Tanda–Bondoukou; sous-parler à confirmer",FINANCIAL_PRIORITY_INTENT,Question sur le prix d’un produit ou d’une quantité montrée.,HIGH,C’est à combien ?,C’est à combien ?,,,DRAFT,true,,,NON_TESTE,
PROVISIONAL_FRM_INTENT_15,,Abron,abr,"Abron/Bron de Côte d’Ivoire, aire Tanda–Bondoukou; sous-parler à confirmer",FINANCIAL_PRIORITY_INTENT,Question ouverte sur le produit ou l’article vendu.,LOW,Tu as vendu quoi ?,Tu as vendu quoi ?,,,DRAFT,true,,,NON_TESTE,
PROVISIONAL_FRM_NUMBER_000,,Abron,abr,"Abron/Bron de Côte d’Ivoire, aire Tanda–Bondoukou; sous-parler à confirmer",NUMBER_0_100,Lecture isolée d’un nombre pour une quantité ou un montant; l’unité et le contexte doivent être ajoutés.,MEDIUM,zéro,zéro,,,DRAFT,true,,,NON_TESTE,
PROVISIONAL_FRM_NUMBER_001,,Abron,abr,"Abron/Bron de Côte d’Ivoire, aire Tanda–Bondoukou; sous-parler à confirmer",NUMBER_0_100,Lecture isolée d’un nombre pour une quantité ou un montant; l’unité et le contexte doivent être ajoutés.,MEDIUM,un,un,,,DRAFT,true,,,NON_TESTE,
PROVISIONAL_FRM_NUMBER_002,,Abron,abr,"Abron/Bron de Côte d’Ivoire, aire Tanda–Bondoukou; sous-parler à confirmer",NUMBER_0_100,Lecture isolée d’un nombre pour une quantité ou un montant; l’unité et le contexte doivent être ajoutés.,MEDIUM,deux,deux,,,DRAFT,true,,,NON_TESTE,
PROVISIONAL_FRM_NUMBER_003,,Abron,abr,"Abron/Bron de Côte d’Ivoire, aire Tanda–Bondoukou; sous-parler à confirmer",NUMBER_0_100,Lecture isolée d’un nombre pour une quantité ou un montant; l’unité et le contexte doivent être ajoutés.,MEDIUM,trois,trois,,,DRAFT,true,,,NON_TESTE,
PROVISIONAL_FRM_NUMBER_004,,Abron,abr,"Abron/Bron de Côte d’Ivoire, aire Tanda–Bondoukou; sous-parler à confirmer",NUMBER_0_100,Lecture isolée d’un nombre pour une quantité ou un montant; l’unité et le contexte doivent être ajoutés.,MEDIUM,quatre,quatre,,,DRAFT,true,,,NON_TESTE,
PROVISIONAL_FRM_NUMBER_005,,Abron,abr,"Abron/Bron de Côte d’Ivoire, aire Tanda–Bondoukou; sous-parler à confirmer",NUMBER_0_100,Lecture isolée d’un nombre pour une quantité ou un montant; l’unité et le contexte doivent être ajoutés.,MEDIUM,cinq,cinq,,,DRAFT,true,,,NON_TESTE,
PROVISIONAL_FRM_NUMBER_006,,Abron,abr,"Abron/Bron de Côte d’Ivoire, aire Tanda–Bondoukou; sous-parler à confirmer",NUMBER_0_100,Lecture isolée d’un nombre pour une quantité ou un montant; l’unité et le contexte doivent être ajoutés.,MEDIUM,six,six,,,DRAFT,true,,,NON_TESTE,
PROVISIONAL_FRM_NUMBER_007,,Abron,abr,"Abron/Bron de Côte d’Ivoire, aire Tanda–Bondoukou; sous-parler à confirmer",NUMBER_0_100,Lecture isolée d’un nombre pour une quantité ou un montant; l’unité et le contexte doivent être ajoutés.,MEDIUM,sept,sept,,,DRAFT,true,,,NON_TESTE,
PROVISIONAL_FRM_NUMBER_008,,Abron,abr,"Abron/Bron de Côte d’Ivoire, aire Tanda–Bondoukou; sous-parler à confirmer",NUMBER_0_100,Lecture isolée d’un nombre pour une quantité ou un montant; l’unité et le contexte doivent être ajoutés.,MEDIUM,huit,huit,,,DRAFT,true,,,NON_TESTE,
PROVISIONAL_FRM_NUMBER_009,,Abron,abr,"Abron/Bron de Côte d’Ivoire, aire Tanda–Bondoukou; sous-parler à confirmer",NUMBER_0_100,Lecture isolée d’un nombre pour une quantité ou un montant; l’unité et le contexte doivent être ajoutés.,MEDIUM,neuf,neuf,,,DRAFT,true,,,NON_TESTE,
PROVISIONAL_FRM_NUMBER_010,,Abron,abr,"Abron/Bron de Côte d’Ivoire, aire Tanda–Bondoukou; sous-parler à confirmer",NUMBER_0_100,Lecture isolée d’un nombre pour une quantité ou un montant; l’unité et le contexte doivent être ajoutés.,MEDIUM,dix,dix,,,DRAFT,true,,,NON_TESTE,
PROVISIONAL_FRM_NUMBER_011,,Abron,abr,"Abron/Bron de Côte d’Ivoire, aire Tanda–Bondoukou; sous-parler à confirmer",NUMBER_0_100,Lecture isolée d’un nombre pour une quantité ou un montant; l’unité et le contexte doivent être ajoutés.,MEDIUM,onze,onze,,,DRAFT,true,,,NON_TESTE,
PROVISIONAL_FRM_NUMBER_012,,Abron,abr,"Abron/Bron de Côte d’Ivoire, aire Tanda–Bondoukou; sous-parler à confirmer",NUMBER_0_100,Lecture isolée d’un nombre pour une quantité ou un montant; l’unité et le contexte doivent être ajoutés.,MEDIUM,douze,douze,,,DRAFT,true,,,NON_TESTE,
PROVISIONAL_FRM_NUMBER_013,,Abron,abr,"Abron/Bron de Côte d’Ivoire, aire Tanda–Bondoukou; sous-parler à confirmer",NUMBER_0_100,Lecture isolée d’un nombre pour une quantité ou un montant; l’unité et le contexte doivent être ajoutés.,MEDIUM,treize,treize,,,DRAFT,true,,,NON_TESTE,
PROVISIONAL_FRM_NUMBER_014,,Abron,abr,"Abron/Bron de Côte d’Ivoire, aire Tanda–Bondoukou; sous-parler à confirmer",NUMBER_0_100,Lecture isolée d’un nombre pour une quantité ou un montant; l’unité et le contexte doivent être ajoutés.,MEDIUM,quatorze,quatorze,,,DRAFT,true,,,NON_TESTE,
PROVISIONAL_FRM_NUMBER_015,,Abron,abr,"Abron/Bron de Côte d’Ivoire, aire Tanda–Bondoukou; sous-parler à confirmer",NUMBER_0_100,Lecture isolée d’un nombre pour une quantité ou un montant; l’unité et le contexte doivent être ajoutés.,MEDIUM,quinze,quinze,,,DRAFT,true,,,NON_TESTE,
PROVISIONAL_FRM_NUMBER_016,,Abron,abr,"Abron/Bron de Côte d’Ivoire, aire Tanda–Bondoukou; sous-parler à confirmer",NUMBER_0_100,Lecture isolée d’un nombre pour une quantité ou un montant; l’unité et le contexte doivent être ajoutés.,MEDIUM,seize,seize,,,DRAFT,true,,,NON_TESTE,
PROVISIONAL_FRM_NUMBER_017,,Abron,abr,"Abron/Bron de Côte d’Ivoire, aire Tanda–Bondoukou; sous-parler à confirmer",NUMBER_0_100,Lecture isolée d’un nombre pour une quantité ou un montant; l’unité et le contexte doivent être ajoutés.,MEDIUM,dix-sept,dix-sept,,,DRAFT,true,,,NON_TESTE,
PROVISIONAL_FRM_NUMBER_018,,Abron,abr,"Abron/Bron de Côte d’Ivoire, aire Tanda–Bondoukou; sous-parler à confirmer",NUMBER_0_100,Lecture isolée d’un nombre pour une quantité ou un montant; l’unité et le contexte doivent être ajoutés.,MEDIUM,dix-huit,dix-huit,,,DRAFT,true,,,NON_TESTE,
PROVISIONAL_FRM_NUMBER_019,,Abron,abr,"Abron/Bron de Côte d’Ivoire, aire Tanda–Bondoukou; sous-parler à confirmer",NUMBER_0_100,Lecture isolée d’un nombre pour une quantité ou un montant; l’unité et le contexte doivent être ajoutés.,MEDIUM,dix-neuf,dix-neuf,,,DRAFT,true,,,NON_TESTE,
PROVISIONAL_FRM_NUMBER_020,,Abron,abr,"Abron/Bron de Côte d’Ivoire, aire Tanda–Bondoukou; sous-parler à confirmer",NUMBER_0_100,Lecture isolée d’un nombre pour une quantité ou un montant; l’unité et le contexte doivent être ajoutés.,MEDIUM,vingt,vingt,,,DRAFT,true,,,NON_TESTE,
PROVISIONAL_FRM_NUMBER_021,,Abron,abr,"Abron/Bron de Côte d’Ivoire, aire Tanda–Bondoukou; sous-parler à confirmer",NUMBER_0_100,Lecture isolée d’un nombre pour une quantité ou un montant; l’unité et le contexte doivent être ajoutés.,MEDIUM,vingt et un,vingt et un,,,DRAFT,true,,,NON_TESTE,
PROVISIONAL_FRM_NUMBER_022,,Abron,abr,"Abron/Bron de Côte d’Ivoire, aire Tanda–Bondoukou; sous-parler à confirmer",NUMBER_0_100,Lecture isolée d’un nombre pour une quantité ou un montant; l’unité et le contexte doivent être ajoutés.,MEDIUM,vingt-deux,vingt-deux,,,DRAFT,true,,,NON_TESTE,
PROVISIONAL_FRM_NUMBER_023,,Abron,abr,"Abron/Bron de Côte d’Ivoire, aire Tanda–Bondoukou; sous-parler à confirmer",NUMBER_0_100,Lecture isolée d’un nombre pour une quantité ou un montant; l’unité et le contexte doivent être ajoutés.,MEDIUM,vingt-trois,vingt-trois,,,DRAFT,true,,,NON_TESTE,
PROVISIONAL_FRM_NUMBER_024,,Abron,abr,"Abron/Bron de Côte d’Ivoire, aire Tanda–Bondoukou; sous-parler à confirmer",NUMBER_0_100,Lecture isolée d’un nombre pour une quantité ou un montant; l’unité et le contexte doivent être ajoutés.,MEDIUM,vingt-quatre,vingt-quatre,,,DRAFT,true,,,NON_TESTE,
PROVISIONAL_FRM_NUMBER_025,,Abron,abr,"Abron/Bron de Côte d’Ivoire, aire Tanda–Bondoukou; sous-parler à confirmer",NUMBER_0_100,Lecture isolée d’un nombre pour une quantité ou un montant; l’unité et le contexte doivent être ajoutés.,MEDIUM,vingt-cinq,vingt-cinq,,,DRAFT,true,,,NON_TESTE,
PROVISIONAL_FRM_NUMBER_026,,Abron,abr,"Abron/Bron de Côte d’Ivoire, aire Tanda–Bondoukou; sous-parler à confirmer",NUMBER_0_100,Lecture isolée d’un nombre pour une quantité ou un montant; l’unité et le contexte doivent être ajoutés.,MEDIUM,vingt-six,vingt-six,,,DRAFT,true,,,NON_TESTE,
PROVISIONAL_FRM_NUMBER_027,,Abron,abr,"Abron/Bron de Côte d’Ivoire, aire Tanda–Bondoukou; sous-parler à confirmer",NUMBER_0_100,Lecture isolée d’un nombre pour une quantité ou un montant; l’unité et le contexte doivent être ajoutés.,MEDIUM,vingt-sept,vingt-sept,,,DRAFT,true,,,NON_TESTE,
PROVISIONAL_FRM_NUMBER_028,,Abron,abr,"Abron/Bron de Côte d’Ivoire, aire Tanda–Bondoukou; sous-parler à confirmer",NUMBER_0_100,Lecture isolée d’un nombre pour une quantité ou un montant; l’unité et le contexte doivent être ajoutés.,MEDIUM,vingt-huit,vingt-huit,,,DRAFT,true,,,NON_TESTE,
PROVISIONAL_FRM_NUMBER_029,,Abron,abr,"Abron/Bron de Côte d’Ivoire, aire Tanda–Bondoukou; sous-parler à confirmer",NUMBER_0_100,Lecture isolée d’un nombre pour une quantité ou un montant; l’unité et le contexte doivent être ajoutés.,MEDIUM,vingt-neuf,vingt-neuf,,,DRAFT,true,,,NON_TESTE,
PROVISIONAL_FRM_NUMBER_030,,Abron,abr,"Abron/Bron de Côte d’Ivoire, aire Tanda–Bondoukou; sous-parler à confirmer",NUMBER_0_100,Lecture isolée d’un nombre pour une quantité ou un montant; l’unité et le contexte doivent être ajoutés.,MEDIUM,trente,trente,,,DRAFT,true,,,NON_TESTE,
PROVISIONAL_FRM_NUMBER_031,,Abron,abr,"Abron/Bron de Côte d’Ivoire, aire Tanda–Bondoukou; sous-parler à confirmer",NUMBER_0_100,Lecture isolée d’un nombre pour une quantité ou un montant; l’unité et le contexte doivent être ajoutés.,MEDIUM,trente et un,trente et un,,,DRAFT,true,,,NON_TESTE,
PROVISIONAL_FRM_NUMBER_032,,Abron,abr,"Abron/Bron de Côte d’Ivoire, aire Tanda–Bondoukou; sous-parler à confirmer",NUMBER_0_100,Lecture isolée d’un nombre pour une quantité ou un montant; l’unité et le contexte doivent être ajoutés.,MEDIUM,trente-deux,trente-deux,,,DRAFT,true,,,NON_TESTE,
PROVISIONAL_FRM_NUMBER_033,,Abron,abr,"Abron/Bron de Côte d’Ivoire, aire Tanda–Bondoukou; sous-parler à confirmer",NUMBER_0_100,Lecture isolée d’un nombre pour une quantité ou un montant; l’unité et le contexte doivent être ajoutés.,MEDIUM,trente-trois,trente-trois,,,DRAFT,true,,,NON_TESTE,
PROVISIONAL_FRM_NUMBER_034,,Abron,abr,"Abron/Bron de Côte d’Ivoire, aire Tanda–Bondoukou; sous-parler à confirmer",NUMBER_0_100,Lecture isolée d’un nombre pour une quantité ou un montant; l’unité et le contexte doivent être ajoutés.,MEDIUM,trente-quatre,trente-quatre,,,DRAFT,true,,,NON_TESTE,
PROVISIONAL_FRM_NUMBER_035,,Abron,abr,"Abron/Bron de Côte d’Ivoire, aire Tanda–Bondoukou; sous-parler à confirmer",NUMBER_0_100,Lecture isolée d’un nombre pour une quantité ou un montant; l’unité et le contexte doivent être ajoutés.,MEDIUM,trente-cinq,trente-cinq,,,DRAFT,true,,,NON_TESTE,
PROVISIONAL_FRM_NUMBER_036,,Abron,abr,"Abron/Bron de Côte d’Ivoire, aire Tanda–Bondoukou; sous-parler à confirmer",NUMBER_0_100,Lecture isolée d’un nombre pour une quantité ou un montant; l’unité et le contexte doivent être ajoutés.,MEDIUM,trente-six,trente-six,,,DRAFT,true,,,NON_TESTE,
PROVISIONAL_FRM_NUMBER_037,,Abron,abr,"Abron/Bron de Côte d’Ivoire, aire Tanda–Bondoukou; sous-parler à confirmer",NUMBER_0_100,Lecture isolée d’un nombre pour une quantité ou un montant; l’unité et le contexte doivent être ajoutés.,MEDIUM,trente-sept,trente-sept,,,DRAFT,true,,,NON_TESTE,
PROVISIONAL_FRM_NUMBER_038,,Abron,abr,"Abron/Bron de Côte d’Ivoire, aire Tanda–Bondoukou; sous-parler à confirmer",NUMBER_0_100,Lecture isolée d’un nombre pour une quantité ou un montant; l’unité et le contexte doivent être ajoutés.,MEDIUM,trente-huit,trente-huit,,,DRAFT,true,,,NON_TESTE,
PROVISIONAL_FRM_NUMBER_039,,Abron,abr,"Abron/Bron de Côte d’Ivoire, aire Tanda–Bondoukou; sous-parler à confirmer",NUMBER_0_100,Lecture isolée d’un nombre pour une quantité ou un montant; l’unité et le contexte doivent être ajoutés.,MEDIUM,trente-neuf,trente-neuf,,,DRAFT,true,,,NON_TESTE,
PROVISIONAL_FRM_NUMBER_040,,Abron,abr,"Abron/Bron de Côte d’Ivoire, aire Tanda–Bondoukou; sous-parler à confirmer",NUMBER_0_100,Lecture isolée d’un nombre pour une quantité ou un montant; l’unité et le contexte doivent être ajoutés.,MEDIUM,quarante,quarante,,,DRAFT,true,,,NON_TESTE,
PROVISIONAL_FRM_NUMBER_041,,Abron,abr,"Abron/Bron de Côte d’Ivoire, aire Tanda–Bondoukou; sous-parler à confirmer",NUMBER_0_100,Lecture isolée d’un nombre pour une quantité ou un montant; l’unité et le contexte doivent être ajoutés.,MEDIUM,quarante et un,quarante et un,,,DRAFT,true,,,NON_TESTE,
PROVISIONAL_FRM_NUMBER_042,,Abron,abr,"Abron/Bron de Côte d’Ivoire, aire Tanda–Bondoukou; sous-parler à confirmer",NUMBER_0_100,Lecture isolée d’un nombre pour une quantité ou un montant; l’unité et le contexte doivent être ajoutés.,MEDIUM,quarante-deux,quarante-deux,,,DRAFT,true,,,NON_TESTE,
PROVISIONAL_FRM_NUMBER_043,,Abron,abr,"Abron/Bron de Côte d’Ivoire, aire Tanda–Bondoukou; sous-parler à confirmer",NUMBER_0_100,Lecture isolée d’un nombre pour une quantité ou un montant; l’unité et le contexte doivent être ajoutés.,MEDIUM,quarante-trois,quarante-trois,,,DRAFT,true,,,NON_TESTE,
PROVISIONAL_FRM_NUMBER_044,,Abron,abr,"Abron/Bron de Côte d’Ivoire, aire Tanda–Bondoukou; sous-parler à confirmer",NUMBER_0_100,Lecture isolée d’un nombre pour une quantité ou un montant; l’unité et le contexte doivent être ajoutés.,MEDIUM,quarante-quatre,quarante-quatre,,,DRAFT,true,,,NON_TESTE,
PROVISIONAL_FRM_NUMBER_045,,Abron,abr,"Abron/Bron de Côte d’Ivoire, aire Tanda–Bondoukou; sous-parler à confirmer",NUMBER_0_100,Lecture isolée d’un nombre pour une quantité ou un montant; l’unité et le contexte doivent être ajoutés.,MEDIUM,quarante-cinq,quarante-cinq,,,DRAFT,true,,,NON_TESTE,
PROVISIONAL_FRM_NUMBER_046,,Abron,abr,"Abron/Bron de Côte d’Ivoire, aire Tanda–Bondoukou; sous-parler à confirmer",NUMBER_0_100,Lecture isolée d’un nombre pour une quantité ou un montant; l’unité et le contexte doivent être ajoutés.,MEDIUM,quarante-six,quarante-six,,,DRAFT,true,,,NON_TESTE,
PROVISIONAL_FRM_NUMBER_047,,Abron,abr,"Abron/Bron de Côte d’Ivoire, aire Tanda–Bondoukou; sous-parler à confirmer",NUMBER_0_100,Lecture isolée d’un nombre pour une quantité ou un montant; l’unité et le contexte doivent être ajoutés.,MEDIUM,quarante-sept,quarante-sept,,,DRAFT,true,,,NON_TESTE,
PROVISIONAL_FRM_NUMBER_048,,Abron,abr,"Abron/Bron de Côte d’Ivoire, aire Tanda–Bondoukou; sous-parler à confirmer",NUMBER_0_100,Lecture isolée d’un nombre pour une quantité ou un montant; l’unité et le contexte doivent être ajoutés.,MEDIUM,quarante-huit,quarante-huit,,,DRAFT,true,,,NON_TESTE,
PROVISIONAL_FRM_NUMBER_049,,Abron,abr,"Abron/Bron de Côte d’Ivoire, aire Tanda–Bondoukou; sous-parler à confirmer",NUMBER_0_100,Lecture isolée d’un nombre pour une quantité ou un montant; l’unité et le contexte doivent être ajoutés.,MEDIUM,quarante-neuf,quarante-neuf,,,DRAFT,true,,,NON_TESTE,
PROVISIONAL_FRM_NUMBER_050,,Abron,abr,"Abron/Bron de Côte d’Ivoire, aire Tanda–Bondoukou; sous-parler à confirmer",NUMBER_0_100,Lecture isolée d’un nombre pour une quantité ou un montant; l’unité et le contexte doivent être ajoutés.,MEDIUM,cinquante,cinquante,,,DRAFT,true,,,NON_TESTE,
PROVISIONAL_FRM_NUMBER_051,,Abron,abr,"Abron/Bron de Côte d’Ivoire, aire Tanda–Bondoukou; sous-parler à confirmer",NUMBER_0_100,Lecture isolée d’un nombre pour une quantité ou un montant; l’unité et le contexte doivent être ajoutés.,MEDIUM,cinquante et un,cinquante et un,,,DRAFT,true,,,NON_TESTE,
PROVISIONAL_FRM_NUMBER_052,,Abron,abr,"Abron/Bron de Côte d’Ivoire, aire Tanda–Bondoukou; sous-parler à confirmer",NUMBER_0_100,Lecture isolée d’un nombre pour une quantité ou un montant; l’unité et le contexte doivent être ajoutés.,MEDIUM,cinquante-deux,cinquante-deux,,,DRAFT,true,,,NON_TESTE,
PROVISIONAL_FRM_NUMBER_053,,Abron,abr,"Abron/Bron de Côte d’Ivoire, aire Tanda–Bondoukou; sous-parler à confirmer",NUMBER_0_100,Lecture isolée d’un nombre pour une quantité ou un montant; l’unité et le contexte doivent être ajoutés.,MEDIUM,cinquante-trois,cinquante-trois,,,DRAFT,true,,,NON_TESTE,
PROVISIONAL_FRM_NUMBER_054,,Abron,abr,"Abron/Bron de Côte d’Ivoire, aire Tanda–Bondoukou; sous-parler à confirmer",NUMBER_0_100,Lecture isolée d’un nombre pour une quantité ou un montant; l’unité et le contexte doivent être ajoutés.,MEDIUM,cinquante-quatre,cinquante-quatre,,,DRAFT,true,,,NON_TESTE,
PROVISIONAL_FRM_NUMBER_055,,Abron,abr,"Abron/Bron de Côte d’Ivoire, aire Tanda–Bondoukou; sous-parler à confirmer",NUMBER_0_100,Lecture isolée d’un nombre pour une quantité ou un montant; l’unité et le contexte doivent être ajoutés.,MEDIUM,cinquante-cinq,cinquante-cinq,,,DRAFT,true,,,NON_TESTE,
PROVISIONAL_FRM_NUMBER_056,,Abron,abr,"Abron/Bron de Côte d’Ivoire, aire Tanda–Bondoukou; sous-parler à confirmer",NUMBER_0_100,Lecture isolée d’un nombre pour une quantité ou un montant; l’unité et le contexte doivent être ajoutés.,MEDIUM,cinquante-six,cinquante-six,,,DRAFT,true,,,NON_TESTE,
PROVISIONAL_FRM_NUMBER_057,,Abron,abr,"Abron/Bron de Côte d’Ivoire, aire Tanda–Bondoukou; sous-parler à confirmer",NUMBER_0_100,Lecture isolée d’un nombre pour une quantité ou un montant; l’unité et le contexte doivent être ajoutés.,MEDIUM,cinquante-sept,cinquante-sept,,,DRAFT,true,,,NON_TESTE,
PROVISIONAL_FRM_NUMBER_058,,Abron,abr,"Abron/Bron de Côte d’Ivoire, aire Tanda–Bondoukou; sous-parler à confirmer",NUMBER_0_100,Lecture isolée d’un nombre pour une quantité ou un montant; l’unité et le contexte doivent être ajoutés.,MEDIUM,cinquante-huit,cinquante-huit,,,DRAFT,true,,,NON_TESTE,
PROVISIONAL_FRM_NUMBER_059,,Abron,abr,"Abron/Bron de Côte d’Ivoire, aire Tanda–Bondoukou; sous-parler à confirmer",NUMBER_0_100,Lecture isolée d’un nombre pour une quantité ou un montant; l’unité et le contexte doivent être ajoutés.,MEDIUM,cinquante-neuf,cinquante-neuf,,,DRAFT,true,,,NON_TESTE,
PROVISIONAL_FRM_NUMBER_060,,Abron,abr,"Abron/Bron de Côte d’Ivoire, aire Tanda–Bondoukou; sous-parler à confirmer",NUMBER_0_100,Lecture isolée d’un nombre pour une quantité ou un montant; l’unité et le contexte doivent être ajoutés.,MEDIUM,soixante,soixante,,,DRAFT,true,,,NON_TESTE,
PROVISIONAL_FRM_NUMBER_061,,Abron,abr,"Abron/Bron de Côte d’Ivoire, aire Tanda–Bondoukou; sous-parler à confirmer",NUMBER_0_100,Lecture isolée d’un nombre pour une quantité ou un montant; l’unité et le contexte doivent être ajoutés.,MEDIUM,soixante et un,soixante et un,,,DRAFT,true,,,NON_TESTE,
PROVISIONAL_FRM_NUMBER_062,,Abron,abr,"Abron/Bron de Côte d’Ivoire, aire Tanda–Bondoukou; sous-parler à confirmer",NUMBER_0_100,Lecture isolée d’un nombre pour une quantité ou un montant; l’unité et le contexte doivent être ajoutés.,MEDIUM,soixante-deux,soixante-deux,,,DRAFT,true,,,NON_TESTE,
PROVISIONAL_FRM_NUMBER_063,,Abron,abr,"Abron/Bron de Côte d’Ivoire, aire Tanda–Bondoukou; sous-parler à confirmer",NUMBER_0_100,Lecture isolée d’un nombre pour une quantité ou un montant; l’unité et le contexte doivent être ajoutés.,MEDIUM,soixante-trois,soixante-trois,,,DRAFT,true,,,NON_TESTE,
PROVISIONAL_FRM_NUMBER_064,,Abron,abr,"Abron/Bron de Côte d’Ivoire, aire Tanda–Bondoukou; sous-parler à confirmer",NUMBER_0_100,Lecture isolée d’un nombre pour une quantité ou un montant; l’unité et le contexte doivent être ajoutés.,MEDIUM,soixante-quatre,soixante-quatre,,,DRAFT,true,,,NON_TESTE,
PROVISIONAL_FRM_NUMBER_065,,Abron,abr,"Abron/Bron de Côte d’Ivoire, aire Tanda–Bondoukou; sous-parler à confirmer",NUMBER_0_100,Lecture isolée d’un nombre pour une quantité ou un montant; l’unité et le contexte doivent être ajoutés.,MEDIUM,soixante-cinq,soixante-cinq,,,DRAFT,true,,,NON_TESTE,
PROVISIONAL_FRM_NUMBER_066,,Abron,abr,"Abron/Bron de Côte d’Ivoire, aire Tanda–Bondoukou; sous-parler à confirmer",NUMBER_0_100,Lecture isolée d’un nombre pour une quantité ou un montant; l’unité et le contexte doivent être ajoutés.,MEDIUM,soixante-six,soixante-six,,,DRAFT,true,,,NON_TESTE,
PROVISIONAL_FRM_NUMBER_067,,Abron,abr,"Abron/Bron de Côte d’Ivoire, aire Tanda–Bondoukou; sous-parler à confirmer",NUMBER_0_100,Lecture isolée d’un nombre pour une quantité ou un montant; l’unité et le contexte doivent être ajoutés.,MEDIUM,soixante-sept,soixante-sept,,,DRAFT,true,,,NON_TESTE,
PROVISIONAL_FRM_NUMBER_068,,Abron,abr,"Abron/Bron de Côte d’Ivoire, aire Tanda–Bondoukou; sous-parler à confirmer",NUMBER_0_100,Lecture isolée d’un nombre pour une quantité ou un montant; l’unité et le contexte doivent être ajoutés.,MEDIUM,soixante-huit,soixante-huit,,,DRAFT,true,,,NON_TESTE,
PROVISIONAL_FRM_NUMBER_069,,Abron,abr,"Abron/Bron de Côte d’Ivoire, aire Tanda–Bondoukou; sous-parler à confirmer",NUMBER_0_100,Lecture isolée d’un nombre pour une quantité ou un montant; l’unité et le contexte doivent être ajoutés.,MEDIUM,soixante-neuf,soixante-neuf,,,DRAFT,true,,,NON_TESTE,
PROVISIONAL_FRM_NUMBER_070,,Abron,abr,"Abron/Bron de Côte d’Ivoire, aire Tanda–Bondoukou; sous-parler à confirmer",NUMBER_0_100,Lecture isolée d’un nombre pour une quantité ou un montant; l’unité et le contexte doivent être ajoutés.,MEDIUM,soixante-dix,soixante-dix,,,DRAFT,true,,,NON_TESTE,
PROVISIONAL_FRM_NUMBER_071,,Abron,abr,"Abron/Bron de Côte d’Ivoire, aire Tanda–Bondoukou; sous-parler à confirmer",NUMBER_0_100,Lecture isolée d’un nombre pour une quantité ou un montant; l’unité et le contexte doivent être ajoutés.,MEDIUM,soixante et onze,soixante et onze,,,DRAFT,true,,,NON_TESTE,
PROVISIONAL_FRM_NUMBER_072,,Abron,abr,"Abron/Bron de Côte d’Ivoire, aire Tanda–Bondoukou; sous-parler à confirmer",NUMBER_0_100,Lecture isolée d’un nombre pour une quantité ou un montant; l’unité et le contexte doivent être ajoutés.,MEDIUM,soixante-douze,soixante-douze,,,DRAFT,true,,,NON_TESTE,
PROVISIONAL_FRM_NUMBER_073,,Abron,abr,"Abron/Bron de Côte d’Ivoire, aire Tanda–Bondoukou; sous-parler à confirmer",NUMBER_0_100,Lecture isolée d’un nombre pour une quantité ou un montant; l’unité et le contexte doivent être ajoutés.,MEDIUM,soixante-treize,soixante-treize,,,DRAFT,true,,,NON_TESTE,
PROVISIONAL_FRM_NUMBER_074,,Abron,abr,"Abron/Bron de Côte d’Ivoire, aire Tanda–Bondoukou; sous-parler à confirmer",NUMBER_0_100,Lecture isolée d’un nombre pour une quantité ou un montant; l’unité et le contexte doivent être ajoutés.,MEDIUM,soixante-quatorze,soixante-quatorze,,,DRAFT,true,,,NON_TESTE,
PROVISIONAL_FRM_NUMBER_075,,Abron,abr,"Abron/Bron de Côte d’Ivoire, aire Tanda–Bondoukou; sous-parler à confirmer",NUMBER_0_100,Lecture isolée d’un nombre pour une quantité ou un montant; l’unité et le contexte doivent être ajoutés.,MEDIUM,soixante-quinze,soixante-quinze,,,DRAFT,true,,,NON_TESTE,
PROVISIONAL_FRM_NUMBER_076,,Abron,abr,"Abron/Bron de Côte d’Ivoire, aire Tanda–Bondoukou; sous-parler à confirmer",NUMBER_0_100,Lecture isolée d’un nombre pour une quantité ou un montant; l’unité et le contexte doivent être ajoutés.,MEDIUM,soixante-seize,soixante-seize,,,DRAFT,true,,,NON_TESTE,
PROVISIONAL_FRM_NUMBER_077,,Abron,abr,"Abron/Bron de Côte d’Ivoire, aire Tanda–Bondoukou; sous-parler à confirmer",NUMBER_0_100,Lecture isolée d’un nombre pour une quantité ou un montant; l’unité et le contexte doivent être ajoutés.,MEDIUM,soixante-dix-sept,soixante-dix-sept,,,DRAFT,true,,,NON_TESTE,
PROVISIONAL_FRM_NUMBER_078,,Abron,abr,"Abron/Bron de Côte d’Ivoire, aire Tanda–Bondoukou; sous-parler à confirmer",NUMBER_0_100,Lecture isolée d’un nombre pour une quantité ou un montant; l’unité et le contexte doivent être ajoutés.,MEDIUM,soixante-dix-huit,soixante-dix-huit,,,DRAFT,true,,,NON_TESTE,
PROVISIONAL_FRM_NUMBER_079,,Abron,abr,"Abron/Bron de Côte d’Ivoire, aire Tanda–Bondoukou; sous-parler à confirmer",NUMBER_0_100,Lecture isolée d’un nombre pour une quantité ou un montant; l’unité et le contexte doivent être ajoutés.,MEDIUM,soixante-dix-neuf,soixante-dix-neuf,,,DRAFT,true,,,NON_TESTE,
PROVISIONAL_FRM_NUMBER_080,,Abron,abr,"Abron/Bron de Côte d’Ivoire, aire Tanda–Bondoukou; sous-parler à confirmer",NUMBER_0_100,Lecture isolée d’un nombre pour une quantité ou un montant; l’unité et le contexte doivent être ajoutés.,MEDIUM,quatre-vingts,quatre-vingts,,,DRAFT,true,,,NON_TESTE,
PROVISIONAL_FRM_NUMBER_081,,Abron,abr,"Abron/Bron de Côte d’Ivoire, aire Tanda–Bondoukou; sous-parler à confirmer",NUMBER_0_100,Lecture isolée d’un nombre pour une quantité ou un montant; l’unité et le contexte doivent être ajoutés.,MEDIUM,quatre-vingt-un,quatre-vingt-un,,,DRAFT,true,,,NON_TESTE,
PROVISIONAL_FRM_NUMBER_082,,Abron,abr,"Abron/Bron de Côte d’Ivoire, aire Tanda–Bondoukou; sous-parler à confirmer",NUMBER_0_100,Lecture isolée d’un nombre pour une quantité ou un montant; l’unité et le contexte doivent être ajoutés.,MEDIUM,quatre-vingt-deux,quatre-vingt-deux,,,DRAFT,true,,,NON_TESTE,
PROVISIONAL_FRM_NUMBER_083,,Abron,abr,"Abron/Bron de Côte d’Ivoire, aire Tanda–Bondoukou; sous-parler à confirmer",NUMBER_0_100,Lecture isolée d’un nombre pour une quantité ou un montant; l’unité et le contexte doivent être ajoutés.,MEDIUM,quatre-vingt-trois,quatre-vingt-trois,,,DRAFT,true,,,NON_TESTE,
PROVISIONAL_FRM_NUMBER_084,,Abron,abr,"Abron/Bron de Côte d’Ivoire, aire Tanda–Bondoukou; sous-parler à confirmer",NUMBER_0_100,Lecture isolée d’un nombre pour une quantité ou un montant; l’unité et le contexte doivent être ajoutés.,MEDIUM,quatre-vingt-quatre,quatre-vingt-quatre,,,DRAFT,true,,,NON_TESTE,
PROVISIONAL_FRM_NUMBER_085,,Abron,abr,"Abron/Bron de Côte d’Ivoire, aire Tanda–Bondoukou; sous-parler à confirmer",NUMBER_0_100,Lecture isolée d’un nombre pour une quantité ou un montant; l’unité et le contexte doivent être ajoutés.,MEDIUM,quatre-vingt-cinq,quatre-vingt-cinq,,,DRAFT,true,,,NON_TESTE,
PROVISIONAL_FRM_NUMBER_086,,Abron,abr,"Abron/Bron de Côte d’Ivoire, aire Tanda–Bondoukou; sous-parler à confirmer",NUMBER_0_100,Lecture isolée d’un nombre pour une quantité ou un montant; l’unité et le contexte doivent être ajoutés.,MEDIUM,quatre-vingt-six,quatre-vingt-six,,,DRAFT,true,,,NON_TESTE,
PROVISIONAL_FRM_NUMBER_087,,Abron,abr,"Abron/Bron de Côte d’Ivoire, aire Tanda–Bondoukou; sous-parler à confirmer",NUMBER_0_100,Lecture isolée d’un nombre pour une quantité ou un montant; l’unité et le contexte doivent être ajoutés.,MEDIUM,quatre-vingt-sept,quatre-vingt-sept,,,DRAFT,true,,,NON_TESTE,
PROVISIONAL_FRM_NUMBER_088,,Abron,abr,"Abron/Bron de Côte d’Ivoire, aire Tanda–Bondoukou; sous-parler à confirmer",NUMBER_0_100,Lecture isolée d’un nombre pour une quantité ou un montant; l’unité et le contexte doivent être ajoutés.,MEDIUM,quatre-vingt-huit,quatre-vingt-huit,,,DRAFT,true,,,NON_TESTE,
PROVISIONAL_FRM_NUMBER_089,,Abron,abr,"Abron/Bron de Côte d’Ivoire, aire Tanda–Bondoukou; sous-parler à confirmer",NUMBER_0_100,Lecture isolée d’un nombre pour une quantité ou un montant; l’unité et le contexte doivent être ajoutés.,MEDIUM,quatre-vingt-neuf,quatre-vingt-neuf,,,DRAFT,true,,,NON_TESTE,
PROVISIONAL_FRM_NUMBER_090,,Abron,abr,"Abron/Bron de Côte d’Ivoire, aire Tanda–Bondoukou; sous-parler à confirmer",NUMBER_0_100,Lecture isolée d’un nombre pour une quantité ou un montant; l’unité et le contexte doivent être ajoutés.,MEDIUM,quatre-vingt-dix,quatre-vingt-dix,,,DRAFT,true,,,NON_TESTE,
PROVISIONAL_FRM_NUMBER_091,,Abron,abr,"Abron/Bron de Côte d’Ivoire, aire Tanda–Bondoukou; sous-parler à confirmer",NUMBER_0_100,Lecture isolée d’un nombre pour une quantité ou un montant; l’unité et le contexte doivent être ajoutés.,MEDIUM,quatre-vingt-onze,quatre-vingt-onze,,,DRAFT,true,,,NON_TESTE,
PROVISIONAL_FRM_NUMBER_092,,Abron,abr,"Abron/Bron de Côte d’Ivoire, aire Tanda–Bondoukou; sous-parler à confirmer",NUMBER_0_100,Lecture isolée d’un nombre pour une quantité ou un montant; l’unité et le contexte doivent être ajoutés.,MEDIUM,quatre-vingt-douze,quatre-vingt-douze,,,DRAFT,true,,,NON_TESTE,
PROVISIONAL_FRM_NUMBER_093,,Abron,abr,"Abron/Bron de Côte d’Ivoire, aire Tanda–Bondoukou; sous-parler à confirmer",NUMBER_0_100,Lecture isolée d’un nombre pour une quantité ou un montant; l’unité et le contexte doivent être ajoutés.,MEDIUM,quatre-vingt-treize,quatre-vingt-treize,,,DRAFT,true,,,NON_TESTE,
PROVISIONAL_FRM_NUMBER_094,,Abron,abr,"Abron/Bron de Côte d’Ivoire, aire Tanda–Bondoukou; sous-parler à confirmer",NUMBER_0_100,Lecture isolée d’un nombre pour une quantité ou un montant; l’unité et le contexte doivent être ajoutés.,MEDIUM,quatre-vingt-quatorze,quatre-vingt-quatorze,,,DRAFT,true,,,NON_TESTE,
PROVISIONAL_FRM_NUMBER_095,,Abron,abr,"Abron/Bron de Côte d’Ivoire, aire Tanda–Bondoukou; sous-parler à confirmer",NUMBER_0_100,Lecture isolée d’un nombre pour une quantité ou un montant; l’unité et le contexte doivent être ajoutés.,MEDIUM,quatre-vingt-quinze,quatre-vingt-quinze,,,DRAFT,true,,,NON_TESTE,
PROVISIONAL_FRM_NUMBER_096,,Abron,abr,"Abron/Bron de Côte d’Ivoire, aire Tanda–Bondoukou; sous-parler à confirmer",NUMBER_0_100,Lecture isolée d’un nombre pour une quantité ou un montant; l’unité et le contexte doivent être ajoutés.,MEDIUM,quatre-vingt-seize,quatre-vingt-seize,,,DRAFT,true,,,NON_TESTE,
PROVISIONAL_FRM_NUMBER_097,,Abron,abr,"Abron/Bron de Côte d’Ivoire, aire Tanda–Bondoukou; sous-parler à confirmer",NUMBER_0_100,Lecture isolée d’un nombre pour une quantité ou un montant; l’unité et le contexte doivent être ajoutés.,MEDIUM,quatre-vingt-dix-sept,quatre-vingt-dix-sept,,,DRAFT,true,,,NON_TESTE,
PROVISIONAL_FRM_NUMBER_098,,Abron,abr,"Abron/Bron de Côte d’Ivoire, aire Tanda–Bondoukou; sous-parler à confirmer",NUMBER_0_100,Lecture isolée d’un nombre pour une quantité ou un montant; l’unité et le contexte doivent être ajoutés.,MEDIUM,quatre-vingt-dix-huit,quatre-vingt-dix-huit,,,DRAFT,true,,,NON_TESTE,
PROVISIONAL_FRM_NUMBER_099,,Abron,abr,"Abron/Bron de Côte d’Ivoire, aire Tanda–Bondoukou; sous-parler à confirmer",NUMBER_0_100,Lecture isolée d’un nombre pour une quantité ou un montant; l’unité et le contexte doivent être ajoutés.,MEDIUM,quatre-vingt-dix-neuf,quatre-vingt-dix-neuf,,,DRAFT,true,,,NON_TESTE,
PROVISIONAL_FRM_NUMBER_100,,Abron,abr,"Abron/Bron de Côte d’Ivoire, aire Tanda–Bondoukou; sous-parler à confirmer",NUMBER_0_100,Lecture isolée d’un nombre pour une quantité ou un montant; l’unité et le contexte doivent être ajoutés.,MEDIUM,cent,cent,,,DRAFT,true,,,NON_TESTE,
PROVISIONAL_FRM_NUMBER_HUNDRED_200,,Abron,abr,"Abron/Bron de Côte d’Ivoire, aire Tanda–Bondoukou; sous-parler à confirmer",NUMBER_HUNDREDS,Lecture isolée d’une centaine ou de mille; l’unité et le contexte doivent être ajoutés.,MEDIUM,deux cents,deux cents,,,DRAFT,true,,,NON_TESTE,
PROVISIONAL_FRM_NUMBER_HUNDRED_300,,Abron,abr,"Abron/Bron de Côte d’Ivoire, aire Tanda–Bondoukou; sous-parler à confirmer",NUMBER_HUNDREDS,Lecture isolée d’une centaine ou de mille; l’unité et le contexte doivent être ajoutés.,MEDIUM,trois cents,trois cents,,,DRAFT,true,,,NON_TESTE,
PROVISIONAL_FRM_NUMBER_HUNDRED_400,,Abron,abr,"Abron/Bron de Côte d’Ivoire, aire Tanda–Bondoukou; sous-parler à confirmer",NUMBER_HUNDREDS,Lecture isolée d’une centaine ou de mille; l’unité et le contexte doivent être ajoutés.,MEDIUM,quatre cents,quatre cents,,,DRAFT,true,,,NON_TESTE,
PROVISIONAL_FRM_NUMBER_HUNDRED_500,,Abron,abr,"Abron/Bron de Côte d’Ivoire, aire Tanda–Bondoukou; sous-parler à confirmer",NUMBER_HUNDREDS,Lecture isolée d’une centaine ou de mille; l’unité et le contexte doivent être ajoutés.,MEDIUM,cinq cents,cinq cents,,,DRAFT,true,,,NON_TESTE,
PROVISIONAL_FRM_NUMBER_HUNDRED_600,,Abron,abr,"Abron/Bron de Côte d’Ivoire, aire Tanda–Bondoukou; sous-parler à confirmer",NUMBER_HUNDREDS,Lecture isolée d’une centaine ou de mille; l’unité et le contexte doivent être ajoutés.,MEDIUM,six cents,six cents,,,DRAFT,true,,,NON_TESTE,
PROVISIONAL_FRM_NUMBER_HUNDRED_700,,Abron,abr,"Abron/Bron de Côte d’Ivoire, aire Tanda–Bondoukou; sous-parler à confirmer",NUMBER_HUNDREDS,Lecture isolée d’une centaine ou de mille; l’unité et le contexte doivent être ajoutés.,MEDIUM,sept cents,sept cents,,,DRAFT,true,,,NON_TESTE,
PROVISIONAL_FRM_NUMBER_HUNDRED_800,,Abron,abr,"Abron/Bron de Côte d’Ivoire, aire Tanda–Bondoukou; sous-parler à confirmer",NUMBER_HUNDREDS,Lecture isolée d’une centaine ou de mille; l’unité et le contexte doivent être ajoutés.,MEDIUM,huit cents,huit cents,,,DRAFT,true,,,NON_TESTE,
PROVISIONAL_FRM_NUMBER_HUNDRED_900,,Abron,abr,"Abron/Bron de Côte d’Ivoire, aire Tanda–Bondoukou; sous-parler à confirmer",NUMBER_HUNDREDS,Lecture isolée d’une centaine ou de mille; l’unité et le contexte doivent être ajoutés.,MEDIUM,neuf cents,neuf cents,,,DRAFT,true,,,NON_TESTE,
PROVISIONAL_FRM_NUMBER_THOUSAND_1000,,Abron,abr,"Abron/Bron de Côte d’Ivoire, aire Tanda–Bondoukou; sous-parler à confirmer",NUMBER_THOUSAND,Lecture isolée d’une centaine ou de mille; l’unité et le contexte doivent être ajoutés.,MEDIUM,mille,mille,,,DRAFT,true,,,NON_TESTE,
PROVISIONAL_FRM_UNIT_01_UNITE,,Abron,abr,"Abron/Bron de Côte d’Ivoire, aire Tanda–Bondoukou; sous-parler à confirmer",UNIT,Unité de vente orale.,LOW,unité,à l’unité,,,DRAFT,true,,,NON_TESTE,
PROVISIONAL_FRM_UNIT_02_TAS,,Abron,abr,"Abron/Bron de Côte d’Ivoire, aire Tanda–Bondoukou; sous-parler à confirmer",UNIT,Unité de vente orale.,LOW,tas,tas,,,DRAFT,true,,,NON_TESTE,
PROVISIONAL_FRM_UNIT_03_SAC,,Abron,abr,"Abron/Bron de Côte d’Ivoire, aire Tanda–Bondoukou; sous-parler à confirmer",UNIT,Unité de vente orale.,LOW,sac,sac,,,DRAFT,true,,,NON_TESTE,
PROVISIONAL_FRM_UNIT_04_KILO,,Abron,abr,"Abron/Bron de Côte d’Ivoire, aire Tanda–Bondoukou; sous-parler à confirmer",UNIT,Unité de vente orale.,LOW,kilo,kilo,,,DRAFT,true,,,NON_TESTE,
PROVISIONAL_FRM_UNIT_05_BOTTE,,Abron,abr,"Abron/Bron de Côte d’Ivoire, aire Tanda–Bondoukou; sous-parler à confirmer",UNIT,Unité de vente orale.,LOW,botte,botte,,,DRAFT,true,,,NON_TESTE,
PROVISIONAL_FRM_UNIT_06_BIDON,,Abron,abr,"Abron/Bron de Côte d’Ivoire, aire Tanda–Bondoukou; sous-parler à confirmer",UNIT,Unité de vente orale.,LOW,bidon,bidon,,,DRAFT,true,,,NON_TESTE,
PROVISIONAL_FRM_UNIT_07_SACHET,,Abron,abr,"Abron/Bron de Côte d’Ivoire, aire Tanda–Bondoukou; sous-parler à confirmer",UNIT,Unité de vente orale.,LOW,sachet,sachet,,,DRAFT,true,,,NON_TESTE,
PROVISIONAL_FRM_UNIT_08_PAQUET,,Abron,abr,"Abron/Bron de Côte d’Ivoire, aire Tanda–Bondoukou; sous-parler à confirmer",UNIT,Unité de vente orale.,LOW,paquet,paquet,,,DRAFT,true,,,NON_TESTE,
PROVISIONAL_FRM_UNIT_09_MORCEAU,,Abron,abr,"Abron/Bron de Côte d’Ivoire, aire Tanda–Bondoukou; sous-parler à confirmer",UNIT,Unité de vente orale.,LOW,morceau,morceau,,,DRAFT,true,,,NON_TESTE,
PROVISIONAL_FRM_UNIT_10_LITRE,,Abron,abr,"Abron/Bron de Côte d’Ivoire, aire Tanda–Bondoukou; sous-parler à confirmer",UNIT,Unité de vente orale.,LOW,litre,litre,,,DRAFT,true,,,NON_TESTE,
PROVISIONAL_FRM_UNIT_11_REGIME,,Abron,abr,"Abron/Bron de Côte d’Ivoire, aire Tanda–Bondoukou; sous-parler à confirmer",UNIT,Unité de vente orale.,LOW,régime,régime,,,DRAFT,true,,,NON_TESTE,
PROVISIONAL_FRM_UNIT_12_CARTON,,Abron,abr,"Abron/Bron de Côte d’Ivoire, aire Tanda–Bondoukou; sous-parler à confirmer",UNIT,Unité de vente orale.,LOW,carton,carton,,,DRAFT,true,,,NON_TESTE,
PROVISIONAL_FRM_UNIT_13_CAISSE,,Abron,abr,"Abron/Bron de Côte d’Ivoire, aire Tanda–Bondoukou; sous-parler à confirmer",UNIT,Unité de vente orale.,LOW,caisse,caisse,,,DRAFT,true,,,NON_TESTE,
PROVISIONAL_FRM_UNIT_14_BOUTEILLE,,Abron,abr,"Abron/Bron de Côte d’Ivoire, aire Tanda–Bondoukou; sous-parler à confirmer",UNIT,Unité de vente orale.,LOW,bouteille,bouteille,,,DRAFT,true,,,NON_TESTE,
PROVISIONAL_FRM_UNIT_15_PANIER,,Abron,abr,"Abron/Bron de Côte d’Ivoire, aire Tanda–Bondoukou; sous-parler à confirmer",UNIT,Unité de vente orale.,LOW,panier,panier,,,DRAFT,true,,,NON_TESTE,
PROVISIONAL_FRM_UNIT_16_FRANC,,Abron,abr,"Abron/Bron de Côte d’Ivoire, aire Tanda–Bondoukou; sous-parler à confirmer",UNIT,Dénomination monétaire orale; à associer à un nombre et au contexte.,HIGH,franc,franc,,,DRAFT,true,,,NON_TESTE,
PROVISIONAL_FRM_UNIT_17_FCFA,,Abron,abr,"Abron/Bron de Côte d’Ivoire, aire Tanda–Bondoukou; sous-parler à confirmer",UNIT,Dénomination monétaire orale; à associer à un nombre et au contexte.,HIGH,FCFA,franc CFA,,,DRAFT,true,,,NON_TESTE,
PROVISIONAL_FRM_PRODUCT_01_TOMATE,,Abron,abr,"Abron/Bron de Côte d’Ivoire, aire Tanda–Bondoukou; sous-parler à confirmer",PRODUCT,Nom de produit à annoncer ou saisir dans une vente; aucun identifiant produit métier n’est créé.,LOW,tomate,tomate,,,DRAFT,true,,,NON_TESTE,
PROVISIONAL_FRM_PRODUCT_02_PIMENT,,Abron,abr,"Abron/Bron de Côte d’Ivoire, aire Tanda–Bondoukou; sous-parler à confirmer",PRODUCT,Nom de produit à annoncer ou saisir dans une vente; aucun identifiant produit métier n’est créé.,LOW,piment,piment,,,DRAFT,true,,,NON_TESTE,
PROVISIONAL_FRM_PRODUCT_03_GOMBO,,Abron,abr,"Abron/Bron de Côte d’Ivoire, aire Tanda–Bondoukou; sous-parler à confirmer",PRODUCT,Nom de produit à annoncer ou saisir dans une vente; aucun identifiant produit métier n’est créé.,LOW,gombo,gombo,,,DRAFT,true,,,NON_TESTE,
PROVISIONAL_FRM_PRODUCT_04_ATTIEKE,,Abron,abr,"Abron/Bron de Côte d’Ivoire, aire Tanda–Bondoukou; sous-parler à confirmer",PRODUCT,Nom de produit à annoncer ou saisir dans une vente; aucun identifiant produit métier n’est créé.,LOW,attiéké,attiéké,,,DRAFT,true,,,NON_TESTE,
PROVISIONAL_FRM_PRODUCT_05_BANANE,,Abron,abr,"Abron/Bron de Côte d’Ivoire, aire Tanda–Bondoukou; sous-parler à confirmer",PRODUCT,Nom de produit à annoncer ou saisir dans une vente; aucun identifiant produit métier n’est créé.,LOW,banane,banane,,,DRAFT,true,,,NON_TESTE,
PROVISIONAL_FRM_PRODUCT_06_PLANTAIN,,Abron,abr,"Abron/Bron de Côte d’Ivoire, aire Tanda–Bondoukou; sous-parler à confirmer",PRODUCT,Nom de produit à annoncer ou saisir dans une vente; aucun identifiant produit métier n’est créé.,LOW,plantain,plantain,,,DRAFT,true,,,NON_TESTE,
PROVISIONAL_FRM_PRODUCT_07_IGNAME,,Abron,abr,"Abron/Bron de Côte d’Ivoire, aire Tanda–Bondoukou; sous-parler à confirmer",PRODUCT,Nom de produit à annoncer ou saisir dans une vente; aucun identifiant produit métier n’est créé.,LOW,igname,igname,,,DRAFT,true,,,NON_TESTE,
PROVISIONAL_FRM_PRODUCT_08_MANIOC,,Abron,abr,"Abron/Bron de Côte d’Ivoire, aire Tanda–Bondoukou; sous-parler à confirmer",PRODUCT,Nom de produit à annoncer ou saisir dans une vente; aucun identifiant produit métier n’est créé.,LOW,manioc,manioc,,,DRAFT,true,,,NON_TESTE,
PROVISIONAL_FRM_PRODUCT_09_AUBERGINE,,Abron,abr,"Abron/Bron de Côte d’Ivoire, aire Tanda–Bondoukou; sous-parler à confirmer",PRODUCT,Nom de produit à annoncer ou saisir dans une vente; aucun identifiant produit métier n’est créé.,LOW,aubergine,aubergine,,,DRAFT,true,,,NON_TESTE,
PROVISIONAL_FRM_PRODUCT_10_OIGNON,,Abron,abr,"Abron/Bron de Côte d’Ivoire, aire Tanda–Bondoukou; sous-parler à confirmer",PRODUCT,Nom de produit à annoncer ou saisir dans une vente; aucun identifiant produit métier n’est créé.,LOW,oignon,oignon,,,DRAFT,true,,,NON_TESTE,
PROVISIONAL_FRM_PRODUCT_11_AIL,,Abron,abr,"Abron/Bron de Côte d’Ivoire, aire Tanda–Bondoukou; sous-parler à confirmer",PRODUCT,Nom de produit à annoncer ou saisir dans une vente; aucun identifiant produit métier n’est créé.,LOW,ail,ail,,,DRAFT,true,,,NON_TESTE,
PROVISIONAL_FRM_PRODUCT_12_POISSON,,Abron,abr,"Abron/Bron de Côte d’Ivoire, aire Tanda–Bondoukou; sous-parler à confirmer",PRODUCT,Nom de produit à annoncer ou saisir dans une vente; aucun identifiant produit métier n’est créé.,LOW,poisson,poisson,,,DRAFT,true,,,NON_TESTE,
PROVISIONAL_FRM_PRODUCT_13_VIANDE,,Abron,abr,"Abron/Bron de Côte d’Ivoire, aire Tanda–Bondoukou; sous-parler à confirmer",PRODUCT,Nom de produit à annoncer ou saisir dans une vente; aucun identifiant produit métier n’est créé.,LOW,viande,viande,,,DRAFT,true,,,NON_TESTE,
PROVISIONAL_FRM_PRODUCT_14_POULET,,Abron,abr,"Abron/Bron de Côte d’Ivoire, aire Tanda–Bondoukou; sous-parler à confirmer",PRODUCT,Nom de produit à annoncer ou saisir dans une vente; aucun identifiant produit métier n’est créé.,LOW,poulet,poulet,,,DRAFT,true,,,NON_TESTE,
PROVISIONAL_FRM_PRODUCT_15_HUILE,,Abron,abr,"Abron/Bron de Côte d’Ivoire, aire Tanda–Bondoukou; sous-parler à confirmer",PRODUCT,Nom de produit à annoncer ou saisir dans une vente; aucun identifiant produit métier n’est créé.,LOW,huile,huile,,,DRAFT,true,,,NON_TESTE,
PROVISIONAL_FRM_PRODUCT_16_SEL,,Abron,abr,"Abron/Bron de Côte d’Ivoire, aire Tanda–Bondoukou; sous-parler à confirmer",PRODUCT,Nom de produit à annoncer ou saisir dans une vente; aucun identifiant produit métier n’est créé.,LOW,sel,sel,,,DRAFT,true,,,NON_TESTE,
PROVISIONAL_FRM_PRODUCT_17_SUCRE,,Abron,abr,"Abron/Bron de Côte d’Ivoire, aire Tanda–Bondoukou; sous-parler à confirmer",PRODUCT,Nom de produit à annoncer ou saisir dans une vente; aucun identifiant produit métier n’est créé.,LOW,sucre,sucre,,,DRAFT,true,,,NON_TESTE,
PROVISIONAL_FRM_PRODUCT_18_RIZ,,Abron,abr,"Abron/Bron de Côte d’Ivoire, aire Tanda–Bondoukou; sous-parler à confirmer",PRODUCT,Nom de produit à annoncer ou saisir dans une vente; aucun identifiant produit métier n’est créé.,LOW,riz,riz,,,DRAFT,true,,,NON_TESTE,
PROVISIONAL_FRM_PRODUCT_19_HARICOT,,Abron,abr,"Abron/Bron de Côte d’Ivoire, aire Tanda–Bondoukou; sous-parler à confirmer",PRODUCT,Nom de produit à annoncer ou saisir dans une vente; aucun identifiant produit métier n’est créé.,LOW,haricot,haricot,,,DRAFT,true,,,NON_TESTE,
PROVISIONAL_FRM_PRODUCT_20_MAIS,,Abron,abr,"Abron/Bron de Côte d’Ivoire, aire Tanda–Bondoukou; sous-parler à confirmer",PRODUCT,Nom de produit à annoncer ou saisir dans une vente; aucun identifiant produit métier n’est créé.,LOW,maïs,maïs,,,DRAFT,true,,,NON_TESTE,
PROVISIONAL_FRM_PRODUCT_21_FOUTOU,,Abron,abr,"Abron/Bron de Côte d’Ivoire, aire Tanda–Bondoukou; sous-parler à confirmer",PRODUCT,Nom de produit à annoncer ou saisir dans une vente; aucun identifiant produit métier n’est créé.,LOW,foutou,foutou,,,DRAFT,true,,,NON_TESTE,
PROVISIONAL_FRM_PRODUCT_22_ORANGE,,Abron,abr,"Abron/Bron de Côte d’Ivoire, aire Tanda–Bondoukou; sous-parler à confirmer",PRODUCT,Nom de produit à annoncer ou saisir dans une vente; aucun identifiant produit métier n’est créé.,LOW,orange,orange,,,DRAFT,true,,,NON_TESTE,
PROVISIONAL_FRM_PRODUCT_23_SAVON,,Abron,abr,"Abron/Bron de Côte d’Ivoire, aire Tanda–Bondoukou; sous-parler à confirmer",PRODUCT,Nom de produit à annoncer ou saisir dans une vente; aucun identifiant produit métier n’est créé.,LOW,savon,savon,,,DRAFT,true,,,NON_TESTE,
PROVISIONAL_FRM_PRODUCT_24_FARINE,,Abron,abr,"Abron/Bron de Côte d’Ivoire, aire Tanda–Bondoukou; sous-parler à confirmer",PRODUCT,Nom de produit à annoncer ou saisir dans une vente; aucun identifiant produit métier n’est créé.,LOW,farine,farine,,,DRAFT,true,,,NON_TESTE,
PROVISIONAL_FRM_PRODUCT_25_JUS,,Abron,abr,"Abron/Bron de Côte d’Ivoire, aire Tanda–Bondoukou; sous-parler à confirmer",PRODUCT,Nom de produit à annoncer ou saisir dans une vente; aucun identifiant produit métier n’est créé.,LOW,jus,jus,,,DRAFT,true,,,NON_TESTE,
PROVISIONAL_FRM_PRODUCT_26_LAIT,,Abron,abr,"Abron/Bron de Côte d’Ivoire, aire Tanda–Bondoukou; sous-parler à confirmer",PRODUCT,Nom de produit à annoncer ou saisir dans une vente; aucun identifiant produit métier n’est créé.,LOW,lait,lait,,,DRAFT,true,,,NON_TESTE,
PROVISIONAL_FRM_INTENT_01,,Koulango,nku/kzc — à sélectionner,Variété non sélectionnée: Bouna ou Bondoukou/Goutougo,FINANCIAL_PRIORITY_INTENT,Commande orale d’encaissement; elle ne vaut pas confirmation métier du paiement.,CRITICAL,Encaisse.,Encaisse ça.,,,DRAFT,true,,,NON_TESTE,
PROVISIONAL_FRM_INTENT_02,,Koulango,nku/kzc — à sélectionner,Variété non sélectionnée: Bouna ou Bondoukou/Goutougo,FINANCIAL_PRIORITY_INTENT,Demande du montant encore dû par une cliente.,CRITICAL,Combien elle doit ?,Elle doit combien ?,,,DRAFT,true,,,NON_TESTE,
PROVISIONAL_FRM_INTENT_03,,Koulango,nku/kzc — à sélectionner,Variété non sélectionnée: Bouna ou Bondoukou/Goutougo,FINANCIAL_PRIORITY_INTENT,Accord oral avant une validation; la confirmation métier reste distincte.,CRITICAL,"Oui, valide.","Oui, tu peux valider.",,,DRAFT,true,,,NON_TESTE,
PROVISIONAL_FRM_INTENT_04,,Koulango,nku/kzc — à sélectionner,Variété non sélectionnée: Bouna ou Bondoukou/Goutougo,FINANCIAL_PRIORITY_INTENT,Refus ou demande d’annulation avant confirmation métier.,CRITICAL,Non / annule.,"Non, annule.",,,DRAFT,true,,,NON_TESTE,
PROVISIONAL_FRM_INTENT_05,,Koulango,nku/kzc — à sélectionner,Variété non sélectionnée: Bouna ou Bondoukou/Goutougo,FINANCIAL_PRIORITY_INTENT,Annonce d’un montant manquant dans le paiement.,CRITICAL,Il manque {montant} francs.,Il manque {montant} francs.,,,DRAFT,true,,,NON_TESTE,
PROVISIONAL_FRM_INTENT_06,,Koulango,nku/kzc — à sélectionner,Variété non sélectionnée: Bouna ou Bondoukou/Goutougo,FINANCIAL_PRIORITY_INTENT,Demande de vérifier le calcul ou le compte avant la suite.,CRITICAL,Compte juste.,Vérifie bien le compte.,,,DRAFT,true,,,NON_TESTE,
PROVISIONAL_FRM_INTENT_07,,Koulango,nku/kzc — à sélectionner,Variété non sélectionnée: Bouna ou Bondoukou/Goutougo,FINANCIAL_PRIORITY_INTENT,Annonce du montant effectivement remis par la cliente.,CRITICAL,Elle a donné {recu} francs.,Elle a donné {recu} francs.,,,DRAFT,true,,,NON_TESTE,
PROVISIONAL_FRM_INTENT_08,,Koulango,nku/kzc — à sélectionner,Variété non sélectionnée: Bouna ou Bondoukou/Goutougo,FINANCIAL_PRIORITY_INTENT,Annonce de la monnaie à rendre à la cliente.,CRITICAL,Tu rends {monnaie} francs.,Tu lui rends {monnaie} francs.,,,DRAFT,true,,,NON_TESTE,
PROVISIONAL_FRM_INTENT_09,,Koulango,nku/kzc — à sélectionner,Variété non sélectionnée: Bouna ou Bondoukou/Goutougo,FINANCIAL_PRIORITY_INTENT,Annonce du total dû par la cliente.,CRITICAL,Elle doit {total} francs.,Elle doit {total} francs.,,,DRAFT,true,,,NON_TESTE,
PROVISIONAL_FRM_INTENT_10,,Koulango,nku/kzc — à sélectionner,Variété non sélectionnée: Bouna ou Bondoukou/Goutougo,FINANCIAL_PRIORITY_INTENT,Demande orale de validation avant l’action métier.,CRITICAL,Je valide ?,Je valide ça ?,,,DRAFT,true,,,NON_TESTE,
PROVISIONAL_FRM_INTENT_11,,Koulango,nku/kzc — à sélectionner,Variété non sélectionnée: Bouna ou Bondoukou/Goutougo,FINANCIAL_PRIORITY_INTENT,Question sur le prix d’un seul article.,HIGH,Prix d’un seul.,"Un seul, c’est combien ?",,,DRAFT,true,,,NON_TESTE,
PROVISIONAL_FRM_INTENT_12,,Koulango,nku/kzc — à sélectionner,Variété non sélectionnée: Bouna ou Bondoukou/Goutougo,FINANCIAL_PRIORITY_INTENT,Question sur le prix total de l’ensemble présenté.,HIGH,Prix du tout.,"Tout ça, c’est combien ?",,,DRAFT,true,,,NON_TESTE,
PROVISIONAL_FRM_INTENT_13,,Koulango,nku/kzc — à sélectionner,Variété non sélectionnée: Bouna ou Bondoukou/Goutougo,FINANCIAL_PRIORITY_INTENT,Question générale sur le montant à payer ou le total.,HIGH,Combien ?,Ça fait combien ?,,,DRAFT,true,,,NON_TESTE,
PROVISIONAL_FRM_INTENT_14,,Koulango,nku/kzc — à sélectionner,Variété non sélectionnée: Bouna ou Bondoukou/Goutougo,FINANCIAL_PRIORITY_INTENT,Question sur le prix d’un produit ou d’une quantité montrée.,HIGH,C’est à combien ?,C’est à combien ?,,,DRAFT,true,,,NON_TESTE,
PROVISIONAL_FRM_INTENT_15,,Koulango,nku/kzc — à sélectionner,Variété non sélectionnée: Bouna ou Bondoukou/Goutougo,FINANCIAL_PRIORITY_INTENT,Question ouverte sur le produit ou l’article vendu.,LOW,Tu as vendu quoi ?,Tu as vendu quoi ?,,,DRAFT,true,,,NON_TESTE,
PROVISIONAL_FRM_NUMBER_000,,Koulango,nku/kzc — à sélectionner,Variété non sélectionnée: Bouna ou Bondoukou/Goutougo,NUMBER_0_100,Lecture isolée d’un nombre pour une quantité ou un montant; l’unité et le contexte doivent être ajoutés.,MEDIUM,zéro,zéro,,,DRAFT,true,,,NON_TESTE,
PROVISIONAL_FRM_NUMBER_001,,Koulango,nku/kzc — à sélectionner,Variété non sélectionnée: Bouna ou Bondoukou/Goutougo,NUMBER_0_100,Lecture isolée d’un nombre pour une quantité ou un montant; l’unité et le contexte doivent être ajoutés.,MEDIUM,un,un,,,DRAFT,true,,,NON_TESTE,
PROVISIONAL_FRM_NUMBER_002,,Koulango,nku/kzc — à sélectionner,Variété non sélectionnée: Bouna ou Bondoukou/Goutougo,NUMBER_0_100,Lecture isolée d’un nombre pour une quantité ou un montant; l’unité et le contexte doivent être ajoutés.,MEDIUM,deux,deux,,,DRAFT,true,,,NON_TESTE,
PROVISIONAL_FRM_NUMBER_003,,Koulango,nku/kzc — à sélectionner,Variété non sélectionnée: Bouna ou Bondoukou/Goutougo,NUMBER_0_100,Lecture isolée d’un nombre pour une quantité ou un montant; l’unité et le contexte doivent être ajoutés.,MEDIUM,trois,trois,,,DRAFT,true,,,NON_TESTE,
PROVISIONAL_FRM_NUMBER_004,,Koulango,nku/kzc — à sélectionner,Variété non sélectionnée: Bouna ou Bondoukou/Goutougo,NUMBER_0_100,Lecture isolée d’un nombre pour une quantité ou un montant; l’unité et le contexte doivent être ajoutés.,MEDIUM,quatre,quatre,,,DRAFT,true,,,NON_TESTE,
PROVISIONAL_FRM_NUMBER_005,,Koulango,nku/kzc — à sélectionner,Variété non sélectionnée: Bouna ou Bondoukou/Goutougo,NUMBER_0_100,Lecture isolée d’un nombre pour une quantité ou un montant; l’unité et le contexte doivent être ajoutés.,MEDIUM,cinq,cinq,,,DRAFT,true,,,NON_TESTE,
PROVISIONAL_FRM_NUMBER_006,,Koulango,nku/kzc — à sélectionner,Variété non sélectionnée: Bouna ou Bondoukou/Goutougo,NUMBER_0_100,Lecture isolée d’un nombre pour une quantité ou un montant; l’unité et le contexte doivent être ajoutés.,MEDIUM,six,six,,,DRAFT,true,,,NON_TESTE,
PROVISIONAL_FRM_NUMBER_007,,Koulango,nku/kzc — à sélectionner,Variété non sélectionnée: Bouna ou Bondoukou/Goutougo,NUMBER_0_100,Lecture isolée d’un nombre pour une quantité ou un montant; l’unité et le contexte doivent être ajoutés.,MEDIUM,sept,sept,,,DRAFT,true,,,NON_TESTE,
PROVISIONAL_FRM_NUMBER_008,,Koulango,nku/kzc — à sélectionner,Variété non sélectionnée: Bouna ou Bondoukou/Goutougo,NUMBER_0_100,Lecture isolée d’un nombre pour une quantité ou un montant; l’unité et le contexte doivent être ajoutés.,MEDIUM,huit,huit,,,DRAFT,true,,,NON_TESTE,
PROVISIONAL_FRM_NUMBER_009,,Koulango,nku/kzc — à sélectionner,Variété non sélectionnée: Bouna ou Bondoukou/Goutougo,NUMBER_0_100,Lecture isolée d’un nombre pour une quantité ou un montant; l’unité et le contexte doivent être ajoutés.,MEDIUM,neuf,neuf,,,DRAFT,true,,,NON_TESTE,
PROVISIONAL_FRM_NUMBER_010,,Koulango,nku/kzc — à sélectionner,Variété non sélectionnée: Bouna ou Bondoukou/Goutougo,NUMBER_0_100,Lecture isolée d’un nombre pour une quantité ou un montant; l’unité et le contexte doivent être ajoutés.,MEDIUM,dix,dix,,,DRAFT,true,,,NON_TESTE,
PROVISIONAL_FRM_NUMBER_011,,Koulango,nku/kzc — à sélectionner,Variété non sélectionnée: Bouna ou Bondoukou/Goutougo,NUMBER_0_100,Lecture isolée d’un nombre pour une quantité ou un montant; l’unité et le contexte doivent être ajoutés.,MEDIUM,onze,onze,,,DRAFT,true,,,NON_TESTE,
PROVISIONAL_FRM_NUMBER_012,,Koulango,nku/kzc — à sélectionner,Variété non sélectionnée: Bouna ou Bondoukou/Goutougo,NUMBER_0_100,Lecture isolée d’un nombre pour une quantité ou un montant; l’unité et le contexte doivent être ajoutés.,MEDIUM,douze,douze,,,DRAFT,true,,,NON_TESTE,
PROVISIONAL_FRM_NUMBER_013,,Koulango,nku/kzc — à sélectionner,Variété non sélectionnée: Bouna ou Bondoukou/Goutougo,NUMBER_0_100,Lecture isolée d’un nombre pour une quantité ou un montant; l’unité et le contexte doivent être ajoutés.,MEDIUM,treize,treize,,,DRAFT,true,,,NON_TESTE,
PROVISIONAL_FRM_NUMBER_014,,Koulango,nku/kzc — à sélectionner,Variété non sélectionnée: Bouna ou Bondoukou/Goutougo,NUMBER_0_100,Lecture isolée d’un nombre pour une quantité ou un montant; l’unité et le contexte doivent être ajoutés.,MEDIUM,quatorze,quatorze,,,DRAFT,true,,,NON_TESTE,
PROVISIONAL_FRM_NUMBER_015,,Koulango,nku/kzc — à sélectionner,Variété non sélectionnée: Bouna ou Bondoukou/Goutougo,NUMBER_0_100,Lecture isolée d’un nombre pour une quantité ou un montant; l’unité et le contexte doivent être ajoutés.,MEDIUM,quinze,quinze,,,DRAFT,true,,,NON_TESTE,
PROVISIONAL_FRM_NUMBER_016,,Koulango,nku/kzc — à sélectionner,Variété non sélectionnée: Bouna ou Bondoukou/Goutougo,NUMBER_0_100,Lecture isolée d’un nombre pour une quantité ou un montant; l’unité et le contexte doivent être ajoutés.,MEDIUM,seize,seize,,,DRAFT,true,,,NON_TESTE,
PROVISIONAL_FRM_NUMBER_017,,Koulango,nku/kzc — à sélectionner,Variété non sélectionnée: Bouna ou Bondoukou/Goutougo,NUMBER_0_100,Lecture isolée d’un nombre pour une quantité ou un montant; l’unité et le contexte doivent être ajoutés.,MEDIUM,dix-sept,dix-sept,,,DRAFT,true,,,NON_TESTE,
PROVISIONAL_FRM_NUMBER_018,,Koulango,nku/kzc — à sélectionner,Variété non sélectionnée: Bouna ou Bondoukou/Goutougo,NUMBER_0_100,Lecture isolée d’un nombre pour une quantité ou un montant; l’unité et le contexte doivent être ajoutés.,MEDIUM,dix-huit,dix-huit,,,DRAFT,true,,,NON_TESTE,
PROVISIONAL_FRM_NUMBER_019,,Koulango,nku/kzc — à sélectionner,Variété non sélectionnée: Bouna ou Bondoukou/Goutougo,NUMBER_0_100,Lecture isolée d’un nombre pour une quantité ou un montant; l’unité et le contexte doivent être ajoutés.,MEDIUM,dix-neuf,dix-neuf,,,DRAFT,true,,,NON_TESTE,
PROVISIONAL_FRM_NUMBER_020,,Koulango,nku/kzc — à sélectionner,Variété non sélectionnée: Bouna ou Bondoukou/Goutougo,NUMBER_0_100,Lecture isolée d’un nombre pour une quantité ou un montant; l’unité et le contexte doivent être ajoutés.,MEDIUM,vingt,vingt,,,DRAFT,true,,,NON_TESTE,
PROVISIONAL_FRM_NUMBER_021,,Koulango,nku/kzc — à sélectionner,Variété non sélectionnée: Bouna ou Bondoukou/Goutougo,NUMBER_0_100,Lecture isolée d’un nombre pour une quantité ou un montant; l’unité et le contexte doivent être ajoutés.,MEDIUM,vingt et un,vingt et un,,,DRAFT,true,,,NON_TESTE,
PROVISIONAL_FRM_NUMBER_022,,Koulango,nku/kzc — à sélectionner,Variété non sélectionnée: Bouna ou Bondoukou/Goutougo,NUMBER_0_100,Lecture isolée d’un nombre pour une quantité ou un montant; l’unité et le contexte doivent être ajoutés.,MEDIUM,vingt-deux,vingt-deux,,,DRAFT,true,,,NON_TESTE,
PROVISIONAL_FRM_NUMBER_023,,Koulango,nku/kzc — à sélectionner,Variété non sélectionnée: Bouna ou Bondoukou/Goutougo,NUMBER_0_100,Lecture isolée d’un nombre pour une quantité ou un montant; l’unité et le contexte doivent être ajoutés.,MEDIUM,vingt-trois,vingt-trois,,,DRAFT,true,,,NON_TESTE,
PROVISIONAL_FRM_NUMBER_024,,Koulango,nku/kzc — à sélectionner,Variété non sélectionnée: Bouna ou Bondoukou/Goutougo,NUMBER_0_100,Lecture isolée d’un nombre pour une quantité ou un montant; l’unité et le contexte doivent être ajoutés.,MEDIUM,vingt-quatre,vingt-quatre,,,DRAFT,true,,,NON_TESTE,
PROVISIONAL_FRM_NUMBER_025,,Koulango,nku/kzc — à sélectionner,Variété non sélectionnée: Bouna ou Bondoukou/Goutougo,NUMBER_0_100,Lecture isolée d’un nombre pour une quantité ou un montant; l’unité et le contexte doivent être ajoutés.,MEDIUM,vingt-cinq,vingt-cinq,,,DRAFT,true,,,NON_TESTE,
PROVISIONAL_FRM_NUMBER_026,,Koulango,nku/kzc — à sélectionner,Variété non sélectionnée: Bouna ou Bondoukou/Goutougo,NUMBER_0_100,Lecture isolée d’un nombre pour une quantité ou un montant; l’unité et le contexte doivent être ajoutés.,MEDIUM,vingt-six,vingt-six,,,DRAFT,true,,,NON_TESTE,
PROVISIONAL_FRM_NUMBER_027,,Koulango,nku/kzc — à sélectionner,Variété non sélectionnée: Bouna ou Bondoukou/Goutougo,NUMBER_0_100,Lecture isolée d’un nombre pour une quantité ou un montant; l’unité et le contexte doivent être ajoutés.,MEDIUM,vingt-sept,vingt-sept,,,DRAFT,true,,,NON_TESTE,
PROVISIONAL_FRM_NUMBER_028,,Koulango,nku/kzc — à sélectionner,Variété non sélectionnée: Bouna ou Bondoukou/Goutougo,NUMBER_0_100,Lecture isolée d’un nombre pour une quantité ou un montant; l’unité et le contexte doivent être ajoutés.,MEDIUM,vingt-huit,vingt-huit,,,DRAFT,true,,,NON_TESTE,
PROVISIONAL_FRM_NUMBER_029,,Koulango,nku/kzc — à sélectionner,Variété non sélectionnée: Bouna ou Bondoukou/Goutougo,NUMBER_0_100,Lecture isolée d’un nombre pour une quantité ou un montant; l’unité et le contexte doivent être ajoutés.,MEDIUM,vingt-neuf,vingt-neuf,,,DRAFT,true,,,NON_TESTE,
PROVISIONAL_FRM_NUMBER_030,,Koulango,nku/kzc — à sélectionner,Variété non sélectionnée: Bouna ou Bondoukou/Goutougo,NUMBER_0_100,Lecture isolée d’un nombre pour une quantité ou un montant; l’unité et le contexte doivent être ajoutés.,MEDIUM,trente,trente,,,DRAFT,true,,,NON_TESTE,
PROVISIONAL_FRM_NUMBER_031,,Koulango,nku/kzc — à sélectionner,Variété non sélectionnée: Bouna ou Bondoukou/Goutougo,NUMBER_0_100,Lecture isolée d’un nombre pour une quantité ou un montant; l’unité et le contexte doivent être ajoutés.,MEDIUM,trente et un,trente et un,,,DRAFT,true,,,NON_TESTE,
PROVISIONAL_FRM_NUMBER_032,,Koulango,nku/kzc — à sélectionner,Variété non sélectionnée: Bouna ou Bondoukou/Goutougo,NUMBER_0_100,Lecture isolée d’un nombre pour une quantité ou un montant; l’unité et le contexte doivent être ajoutés.,MEDIUM,trente-deux,trente-deux,,,DRAFT,true,,,NON_TESTE,
PROVISIONAL_FRM_NUMBER_033,,Koulango,nku/kzc — à sélectionner,Variété non sélectionnée: Bouna ou Bondoukou/Goutougo,NUMBER_0_100,Lecture isolée d’un nombre pour une quantité ou un montant; l’unité et le contexte doivent être ajoutés.,MEDIUM,trente-trois,trente-trois,,,DRAFT,true,,,NON_TESTE,
PROVISIONAL_FRM_NUMBER_034,,Koulango,nku/kzc — à sélectionner,Variété non sélectionnée: Bouna ou Bondoukou/Goutougo,NUMBER_0_100,Lecture isolée d’un nombre pour une quantité ou un montant; l’unité et le contexte doivent être ajoutés.,MEDIUM,trente-quatre,trente-quatre,,,DRAFT,true,,,NON_TESTE,
PROVISIONAL_FRM_NUMBER_035,,Koulango,nku/kzc — à sélectionner,Variété non sélectionnée: Bouna ou Bondoukou/Goutougo,NUMBER_0_100,Lecture isolée d’un nombre pour une quantité ou un montant; l’unité et le contexte doivent être ajoutés.,MEDIUM,trente-cinq,trente-cinq,,,DRAFT,true,,,NON_TESTE,
PROVISIONAL_FRM_NUMBER_036,,Koulango,nku/kzc — à sélectionner,Variété non sélectionnée: Bouna ou Bondoukou/Goutougo,NUMBER_0_100,Lecture isolée d’un nombre pour une quantité ou un montant; l’unité et le contexte doivent être ajoutés.,MEDIUM,trente-six,trente-six,,,DRAFT,true,,,NON_TESTE,
PROVISIONAL_FRM_NUMBER_037,,Koulango,nku/kzc — à sélectionner,Variété non sélectionnée: Bouna ou Bondoukou/Goutougo,NUMBER_0_100,Lecture isolée d’un nombre pour une quantité ou un montant; l’unité et le contexte doivent être ajoutés.,MEDIUM,trente-sept,trente-sept,,,DRAFT,true,,,NON_TESTE,
PROVISIONAL_FRM_NUMBER_038,,Koulango,nku/kzc — à sélectionner,Variété non sélectionnée: Bouna ou Bondoukou/Goutougo,NUMBER_0_100,Lecture isolée d’un nombre pour une quantité ou un montant; l’unité et le contexte doivent être ajoutés.,MEDIUM,trente-huit,trente-huit,,,DRAFT,true,,,NON_TESTE,
PROVISIONAL_FRM_NUMBER_039,,Koulango,nku/kzc — à sélectionner,Variété non sélectionnée: Bouna ou Bondoukou/Goutougo,NUMBER_0_100,Lecture isolée d’un nombre pour une quantité ou un montant; l’unité et le contexte doivent être ajoutés.,MEDIUM,trente-neuf,trente-neuf,,,DRAFT,true,,,NON_TESTE,
PROVISIONAL_FRM_NUMBER_040,,Koulango,nku/kzc — à sélectionner,Variété non sélectionnée: Bouna ou Bondoukou/Goutougo,NUMBER_0_100,Lecture isolée d’un nombre pour une quantité ou un montant; l’unité et le contexte doivent être ajoutés.,MEDIUM,quarante,quarante,,,DRAFT,true,,,NON_TESTE,
PROVISIONAL_FRM_NUMBER_041,,Koulango,nku/kzc — à sélectionner,Variété non sélectionnée: Bouna ou Bondoukou/Goutougo,NUMBER_0_100,Lecture isolée d’un nombre pour une quantité ou un montant; l’unité et le contexte doivent être ajoutés.,MEDIUM,quarante et un,quarante et un,,,DRAFT,true,,,NON_TESTE,
PROVISIONAL_FRM_NUMBER_042,,Koulango,nku/kzc — à sélectionner,Variété non sélectionnée: Bouna ou Bondoukou/Goutougo,NUMBER_0_100,Lecture isolée d’un nombre pour une quantité ou un montant; l’unité et le contexte doivent être ajoutés.,MEDIUM,quarante-deux,quarante-deux,,,DRAFT,true,,,NON_TESTE,
PROVISIONAL_FRM_NUMBER_043,,Koulango,nku/kzc — à sélectionner,Variété non sélectionnée: Bouna ou Bondoukou/Goutougo,NUMBER_0_100,Lecture isolée d’un nombre pour une quantité ou un montant; l’unité et le contexte doivent être ajoutés.,MEDIUM,quarante-trois,quarante-trois,,,DRAFT,true,,,NON_TESTE,
PROVISIONAL_FRM_NUMBER_044,,Koulango,nku/kzc — à sélectionner,Variété non sélectionnée: Bouna ou Bondoukou/Goutougo,NUMBER_0_100,Lecture isolée d’un nombre pour une quantité ou un montant; l’unité et le contexte doivent être ajoutés.,MEDIUM,quarante-quatre,quarante-quatre,,,DRAFT,true,,,NON_TESTE,
PROVISIONAL_FRM_NUMBER_045,,Koulango,nku/kzc — à sélectionner,Variété non sélectionnée: Bouna ou Bondoukou/Goutougo,NUMBER_0_100,Lecture isolée d’un nombre pour une quantité ou un montant; l’unité et le contexte doivent être ajoutés.,MEDIUM,quarante-cinq,quarante-cinq,,,DRAFT,true,,,NON_TESTE,
PROVISIONAL_FRM_NUMBER_046,,Koulango,nku/kzc — à sélectionner,Variété non sélectionnée: Bouna ou Bondoukou/Goutougo,NUMBER_0_100,Lecture isolée d’un nombre pour une quantité ou un montant; l’unité et le contexte doivent être ajoutés.,MEDIUM,quarante-six,quarante-six,,,DRAFT,true,,,NON_TESTE,
PROVISIONAL_FRM_NUMBER_047,,Koulango,nku/kzc — à sélectionner,Variété non sélectionnée: Bouna ou Bondoukou/Goutougo,NUMBER_0_100,Lecture isolée d’un nombre pour une quantité ou un montant; l’unité et le contexte doivent être ajoutés.,MEDIUM,quarante-sept,quarante-sept,,,DRAFT,true,,,NON_TESTE,
PROVISIONAL_FRM_NUMBER_048,,Koulango,nku/kzc — à sélectionner,Variété non sélectionnée: Bouna ou Bondoukou/Goutougo,NUMBER_0_100,Lecture isolée d’un nombre pour une quantité ou un montant; l’unité et le contexte doivent être ajoutés.,MEDIUM,quarante-huit,quarante-huit,,,DRAFT,true,,,NON_TESTE,
PROVISIONAL_FRM_NUMBER_049,,Koulango,nku/kzc — à sélectionner,Variété non sélectionnée: Bouna ou Bondoukou/Goutougo,NUMBER_0_100,Lecture isolée d’un nombre pour une quantité ou un montant; l’unité et le contexte doivent être ajoutés.,MEDIUM,quarante-neuf,quarante-neuf,,,DRAFT,true,,,NON_TESTE,
PROVISIONAL_FRM_NUMBER_050,,Koulango,nku/kzc — à sélectionner,Variété non sélectionnée: Bouna ou Bondoukou/Goutougo,NUMBER_0_100,Lecture isolée d’un nombre pour une quantité ou un montant; l’unité et le contexte doivent être ajoutés.,MEDIUM,cinquante,cinquante,,,DRAFT,true,,,NON_TESTE,
PROVISIONAL_FRM_NUMBER_051,,Koulango,nku/kzc — à sélectionner,Variété non sélectionnée: Bouna ou Bondoukou/Goutougo,NUMBER_0_100,Lecture isolée d’un nombre pour une quantité ou un montant; l’unité et le contexte doivent être ajoutés.,MEDIUM,cinquante et un,cinquante et un,,,DRAFT,true,,,NON_TESTE,
PROVISIONAL_FRM_NUMBER_052,,Koulango,nku/kzc — à sélectionner,Variété non sélectionnée: Bouna ou Bondoukou/Goutougo,NUMBER_0_100,Lecture isolée d’un nombre pour une quantité ou un montant; l’unité et le contexte doivent être ajoutés.,MEDIUM,cinquante-deux,cinquante-deux,,,DRAFT,true,,,NON_TESTE,
PROVISIONAL_FRM_NUMBER_053,,Koulango,nku/kzc — à sélectionner,Variété non sélectionnée: Bouna ou Bondoukou/Goutougo,NUMBER_0_100,Lecture isolée d’un nombre pour une quantité ou un montant; l’unité et le contexte doivent être ajoutés.,MEDIUM,cinquante-trois,cinquante-trois,,,DRAFT,true,,,NON_TESTE,
PROVISIONAL_FRM_NUMBER_054,,Koulango,nku/kzc — à sélectionner,Variété non sélectionnée: Bouna ou Bondoukou/Goutougo,NUMBER_0_100,Lecture isolée d’un nombre pour une quantité ou un montant; l’unité et le contexte doivent être ajoutés.,MEDIUM,cinquante-quatre,cinquante-quatre,,,DRAFT,true,,,NON_TESTE,
PROVISIONAL_FRM_NUMBER_055,,Koulango,nku/kzc — à sélectionner,Variété non sélectionnée: Bouna ou Bondoukou/Goutougo,NUMBER_0_100,Lecture isolée d’un nombre pour une quantité ou un montant; l’unité et le contexte doivent être ajoutés.,MEDIUM,cinquante-cinq,cinquante-cinq,,,DRAFT,true,,,NON_TESTE,
PROVISIONAL_FRM_NUMBER_056,,Koulango,nku/kzc — à sélectionner,Variété non sélectionnée: Bouna ou Bondoukou/Goutougo,NUMBER_0_100,Lecture isolée d’un nombre pour une quantité ou un montant; l’unité et le contexte doivent être ajoutés.,MEDIUM,cinquante-six,cinquante-six,,,DRAFT,true,,,NON_TESTE,
PROVISIONAL_FRM_NUMBER_057,,Koulango,nku/kzc — à sélectionner,Variété non sélectionnée: Bouna ou Bondoukou/Goutougo,NUMBER_0_100,Lecture isolée d’un nombre pour une quantité ou un montant; l’unité et le contexte doivent être ajoutés.,MEDIUM,cinquante-sept,cinquante-sept,,,DRAFT,true,,,NON_TESTE,
PROVISIONAL_FRM_NUMBER_058,,Koulango,nku/kzc — à sélectionner,Variété non sélectionnée: Bouna ou Bondoukou/Goutougo,NUMBER_0_100,Lecture isolée d’un nombre pour une quantité ou un montant; l’unité et le contexte doivent être ajoutés.,MEDIUM,cinquante-huit,cinquante-huit,,,DRAFT,true,,,NON_TESTE,
PROVISIONAL_FRM_NUMBER_059,,Koulango,nku/kzc — à sélectionner,Variété non sélectionnée: Bouna ou Bondoukou/Goutougo,NUMBER_0_100,Lecture isolée d’un nombre pour une quantité ou un montant; l’unité et le contexte doivent être ajoutés.,MEDIUM,cinquante-neuf,cinquante-neuf,,,DRAFT,true,,,NON_TESTE,
PROVISIONAL_FRM_NUMBER_060,,Koulango,nku/kzc — à sélectionner,Variété non sélectionnée: Bouna ou Bondoukou/Goutougo,NUMBER_0_100,Lecture isolée d’un nombre pour une quantité ou un montant; l’unité et le contexte doivent être ajoutés.,MEDIUM,soixante,soixante,,,DRAFT,true,,,NON_TESTE,
PROVISIONAL_FRM_NUMBER_061,,Koulango,nku/kzc — à sélectionner,Variété non sélectionnée: Bouna ou Bondoukou/Goutougo,NUMBER_0_100,Lecture isolée d’un nombre pour une quantité ou un montant; l’unité et le contexte doivent être ajoutés.,MEDIUM,soixante et un,soixante et un,,,DRAFT,true,,,NON_TESTE,
PROVISIONAL_FRM_NUMBER_062,,Koulango,nku/kzc — à sélectionner,Variété non sélectionnée: Bouna ou Bondoukou/Goutougo,NUMBER_0_100,Lecture isolée d’un nombre pour une quantité ou un montant; l’unité et le contexte doivent être ajoutés.,MEDIUM,soixante-deux,soixante-deux,,,DRAFT,true,,,NON_TESTE,
PROVISIONAL_FRM_NUMBER_063,,Koulango,nku/kzc — à sélectionner,Variété non sélectionnée: Bouna ou Bondoukou/Goutougo,NUMBER_0_100,Lecture isolée d’un nombre pour une quantité ou un montant; l’unité et le contexte doivent être ajoutés.,MEDIUM,soixante-trois,soixante-trois,,,DRAFT,true,,,NON_TESTE,
PROVISIONAL_FRM_NUMBER_064,,Koulango,nku/kzc — à sélectionner,Variété non sélectionnée: Bouna ou Bondoukou/Goutougo,NUMBER_0_100,Lecture isolée d’un nombre pour une quantité ou un montant; l’unité et le contexte doivent être ajoutés.,MEDIUM,soixante-quatre,soixante-quatre,,,DRAFT,true,,,NON_TESTE,
PROVISIONAL_FRM_NUMBER_065,,Koulango,nku/kzc — à sélectionner,Variété non sélectionnée: Bouna ou Bondoukou/Goutougo,NUMBER_0_100,Lecture isolée d’un nombre pour une quantité ou un montant; l’unité et le contexte doivent être ajoutés.,MEDIUM,soixante-cinq,soixante-cinq,,,DRAFT,true,,,NON_TESTE,
PROVISIONAL_FRM_NUMBER_066,,Koulango,nku/kzc — à sélectionner,Variété non sélectionnée: Bouna ou Bondoukou/Goutougo,NUMBER_0_100,Lecture isolée d’un nombre pour une quantité ou un montant; l’unité et le contexte doivent être ajoutés.,MEDIUM,soixante-six,soixante-six,,,DRAFT,true,,,NON_TESTE,
PROVISIONAL_FRM_NUMBER_067,,Koulango,nku/kzc — à sélectionner,Variété non sélectionnée: Bouna ou Bondoukou/Goutougo,NUMBER_0_100,Lecture isolée d’un nombre pour une quantité ou un montant; l’unité et le contexte doivent être ajoutés.,MEDIUM,soixante-sept,soixante-sept,,,DRAFT,true,,,NON_TESTE,
PROVISIONAL_FRM_NUMBER_068,,Koulango,nku/kzc — à sélectionner,Variété non sélectionnée: Bouna ou Bondoukou/Goutougo,NUMBER_0_100,Lecture isolée d’un nombre pour une quantité ou un montant; l’unité et le contexte doivent être ajoutés.,MEDIUM,soixante-huit,soixante-huit,,,DRAFT,true,,,NON_TESTE,
PROVISIONAL_FRM_NUMBER_069,,Koulango,nku/kzc — à sélectionner,Variété non sélectionnée: Bouna ou Bondoukou/Goutougo,NUMBER_0_100,Lecture isolée d’un nombre pour une quantité ou un montant; l’unité et le contexte doivent être ajoutés.,MEDIUM,soixante-neuf,soixante-neuf,,,DRAFT,true,,,NON_TESTE,
PROVISIONAL_FRM_NUMBER_070,,Koulango,nku/kzc — à sélectionner,Variété non sélectionnée: Bouna ou Bondoukou/Goutougo,NUMBER_0_100,Lecture isolée d’un nombre pour une quantité ou un montant; l’unité et le contexte doivent être ajoutés.,MEDIUM,soixante-dix,soixante-dix,,,DRAFT,true,,,NON_TESTE,
PROVISIONAL_FRM_NUMBER_071,,Koulango,nku/kzc — à sélectionner,Variété non sélectionnée: Bouna ou Bondoukou/Goutougo,NUMBER_0_100,Lecture isolée d’un nombre pour une quantité ou un montant; l’unité et le contexte doivent être ajoutés.,MEDIUM,soixante et onze,soixante et onze,,,DRAFT,true,,,NON_TESTE,
PROVISIONAL_FRM_NUMBER_072,,Koulango,nku/kzc — à sélectionner,Variété non sélectionnée: Bouna ou Bondoukou/Goutougo,NUMBER_0_100,Lecture isolée d’un nombre pour une quantité ou un montant; l’unité et le contexte doivent être ajoutés.,MEDIUM,soixante-douze,soixante-douze,,,DRAFT,true,,,NON_TESTE,
PROVISIONAL_FRM_NUMBER_073,,Koulango,nku/kzc — à sélectionner,Variété non sélectionnée: Bouna ou Bondoukou/Goutougo,NUMBER_0_100,Lecture isolée d’un nombre pour une quantité ou un montant; l’unité et le contexte doivent être ajoutés.,MEDIUM,soixante-treize,soixante-treize,,,DRAFT,true,,,NON_TESTE,
PROVISIONAL_FRM_NUMBER_074,,Koulango,nku/kzc — à sélectionner,Variété non sélectionnée: Bouna ou Bondoukou/Goutougo,NUMBER_0_100,Lecture isolée d’un nombre pour une quantité ou un montant; l’unité et le contexte doivent être ajoutés.,MEDIUM,soixante-quatorze,soixante-quatorze,,,DRAFT,true,,,NON_TESTE,
PROVISIONAL_FRM_NUMBER_075,,Koulango,nku/kzc — à sélectionner,Variété non sélectionnée: Bouna ou Bondoukou/Goutougo,NUMBER_0_100,Lecture isolée d’un nombre pour une quantité ou un montant; l’unité et le contexte doivent être ajoutés.,MEDIUM,soixante-quinze,soixante-quinze,,,DRAFT,true,,,NON_TESTE,
PROVISIONAL_FRM_NUMBER_076,,Koulango,nku/kzc — à sélectionner,Variété non sélectionnée: Bouna ou Bondoukou/Goutougo,NUMBER_0_100,Lecture isolée d’un nombre pour une quantité ou un montant; l’unité et le contexte doivent être ajoutés.,MEDIUM,soixante-seize,soixante-seize,,,DRAFT,true,,,NON_TESTE,
PROVISIONAL_FRM_NUMBER_077,,Koulango,nku/kzc — à sélectionner,Variété non sélectionnée: Bouna ou Bondoukou/Goutougo,NUMBER_0_100,Lecture isolée d’un nombre pour une quantité ou un montant; l’unité et le contexte doivent être ajoutés.,MEDIUM,soixante-dix-sept,soixante-dix-sept,,,DRAFT,true,,,NON_TESTE,
PROVISIONAL_FRM_NUMBER_078,,Koulango,nku/kzc — à sélectionner,Variété non sélectionnée: Bouna ou Bondoukou/Goutougo,NUMBER_0_100,Lecture isolée d’un nombre pour une quantité ou un montant; l’unité et le contexte doivent être ajoutés.,MEDIUM,soixante-dix-huit,soixante-dix-huit,,,DRAFT,true,,,NON_TESTE,
PROVISIONAL_FRM_NUMBER_079,,Koulango,nku/kzc — à sélectionner,Variété non sélectionnée: Bouna ou Bondoukou/Goutougo,NUMBER_0_100,Lecture isolée d’un nombre pour une quantité ou un montant; l’unité et le contexte doivent être ajoutés.,MEDIUM,soixante-dix-neuf,soixante-dix-neuf,,,DRAFT,true,,,NON_TESTE,
PROVISIONAL_FRM_NUMBER_080,,Koulango,nku/kzc — à sélectionner,Variété non sélectionnée: Bouna ou Bondoukou/Goutougo,NUMBER_0_100,Lecture isolée d’un nombre pour une quantité ou un montant; l’unité et le contexte doivent être ajoutés.,MEDIUM,quatre-vingts,quatre-vingts,,,DRAFT,true,,,NON_TESTE,
PROVISIONAL_FRM_NUMBER_081,,Koulango,nku/kzc — à sélectionner,Variété non sélectionnée: Bouna ou Bondoukou/Goutougo,NUMBER_0_100,Lecture isolée d’un nombre pour une quantité ou un montant; l’unité et le contexte doivent être ajoutés.,MEDIUM,quatre-vingt-un,quatre-vingt-un,,,DRAFT,true,,,NON_TESTE,
PROVISIONAL_FRM_NUMBER_082,,Koulango,nku/kzc — à sélectionner,Variété non sélectionnée: Bouna ou Bondoukou/Goutougo,NUMBER_0_100,Lecture isolée d’un nombre pour une quantité ou un montant; l’unité et le contexte doivent être ajoutés.,MEDIUM,quatre-vingt-deux,quatre-vingt-deux,,,DRAFT,true,,,NON_TESTE,
PROVISIONAL_FRM_NUMBER_083,,Koulango,nku/kzc — à sélectionner,Variété non sélectionnée: Bouna ou Bondoukou/Goutougo,NUMBER_0_100,Lecture isolée d’un nombre pour une quantité ou un montant; l’unité et le contexte doivent être ajoutés.,MEDIUM,quatre-vingt-trois,quatre-vingt-trois,,,DRAFT,true,,,NON_TESTE,
PROVISIONAL_FRM_NUMBER_084,,Koulango,nku/kzc — à sélectionner,Variété non sélectionnée: Bouna ou Bondoukou/Goutougo,NUMBER_0_100,Lecture isolée d’un nombre pour une quantité ou un montant; l’unité et le contexte doivent être ajoutés.,MEDIUM,quatre-vingt-quatre,quatre-vingt-quatre,,,DRAFT,true,,,NON_TESTE,
PROVISIONAL_FRM_NUMBER_085,,Koulango,nku/kzc — à sélectionner,Variété non sélectionnée: Bouna ou Bondoukou/Goutougo,NUMBER_0_100,Lecture isolée d’un nombre pour une quantité ou un montant; l’unité et le contexte doivent être ajoutés.,MEDIUM,quatre-vingt-cinq,quatre-vingt-cinq,,,DRAFT,true,,,NON_TESTE,
PROVISIONAL_FRM_NUMBER_086,,Koulango,nku/kzc — à sélectionner,Variété non sélectionnée: Bouna ou Bondoukou/Goutougo,NUMBER_0_100,Lecture isolée d’un nombre pour une quantité ou un montant; l’unité et le contexte doivent être ajoutés.,MEDIUM,quatre-vingt-six,quatre-vingt-six,,,DRAFT,true,,,NON_TESTE,
PROVISIONAL_FRM_NUMBER_087,,Koulango,nku/kzc — à sélectionner,Variété non sélectionnée: Bouna ou Bondoukou/Goutougo,NUMBER_0_100,Lecture isolée d’un nombre pour une quantité ou un montant; l’unité et le contexte doivent être ajoutés.,MEDIUM,quatre-vingt-sept,quatre-vingt-sept,,,DRAFT,true,,,NON_TESTE,
PROVISIONAL_FRM_NUMBER_088,,Koulango,nku/kzc — à sélectionner,Variété non sélectionnée: Bouna ou Bondoukou/Goutougo,NUMBER_0_100,Lecture isolée d’un nombre pour une quantité ou un montant; l’unité et le contexte doivent être ajoutés.,MEDIUM,quatre-vingt-huit,quatre-vingt-huit,,,DRAFT,true,,,NON_TESTE,
PROVISIONAL_FRM_NUMBER_089,,Koulango,nku/kzc — à sélectionner,Variété non sélectionnée: Bouna ou Bondoukou/Goutougo,NUMBER_0_100,Lecture isolée d’un nombre pour une quantité ou un montant; l’unité et le contexte doivent être ajoutés.,MEDIUM,quatre-vingt-neuf,quatre-vingt-neuf,,,DRAFT,true,,,NON_TESTE,
PROVISIONAL_FRM_NUMBER_090,,Koulango,nku/kzc — à sélectionner,Variété non sélectionnée: Bouna ou Bondoukou/Goutougo,NUMBER_0_100,Lecture isolée d’un nombre pour une quantité ou un montant; l’unité et le contexte doivent être ajoutés.,MEDIUM,quatre-vingt-dix,quatre-vingt-dix,,,DRAFT,true,,,NON_TESTE,
PROVISIONAL_FRM_NUMBER_091,,Koulango,nku/kzc — à sélectionner,Variété non sélectionnée: Bouna ou Bondoukou/Goutougo,NUMBER_0_100,Lecture isolée d’un nombre pour une quantité ou un montant; l’unité et le contexte doivent être ajoutés.,MEDIUM,quatre-vingt-onze,quatre-vingt-onze,,,DRAFT,true,,,NON_TESTE,
PROVISIONAL_FRM_NUMBER_092,,Koulango,nku/kzc — à sélectionner,Variété non sélectionnée: Bouna ou Bondoukou/Goutougo,NUMBER_0_100,Lecture isolée d’un nombre pour une quantité ou un montant; l’unité et le contexte doivent être ajoutés.,MEDIUM,quatre-vingt-douze,quatre-vingt-douze,,,DRAFT,true,,,NON_TESTE,
PROVISIONAL_FRM_NUMBER_093,,Koulango,nku/kzc — à sélectionner,Variété non sélectionnée: Bouna ou Bondoukou/Goutougo,NUMBER_0_100,Lecture isolée d’un nombre pour une quantité ou un montant; l’unité et le contexte doivent être ajoutés.,MEDIUM,quatre-vingt-treize,quatre-vingt-treize,,,DRAFT,true,,,NON_TESTE,
PROVISIONAL_FRM_NUMBER_094,,Koulango,nku/kzc — à sélectionner,Variété non sélectionnée: Bouna ou Bondoukou/Goutougo,NUMBER_0_100,Lecture isolée d’un nombre pour une quantité ou un montant; l’unité et le contexte doivent être ajoutés.,MEDIUM,quatre-vingt-quatorze,quatre-vingt-quatorze,,,DRAFT,true,,,NON_TESTE,
PROVISIONAL_FRM_NUMBER_095,,Koulango,nku/kzc — à sélectionner,Variété non sélectionnée: Bouna ou Bondoukou/Goutougo,NUMBER_0_100,Lecture isolée d’un nombre pour une quantité ou un montant; l’unité et le contexte doivent être ajoutés.,MEDIUM,quatre-vingt-quinze,quatre-vingt-quinze,,,DRAFT,true,,,NON_TESTE,
PROVISIONAL_FRM_NUMBER_096,,Koulango,nku/kzc — à sélectionner,Variété non sélectionnée: Bouna ou Bondoukou/Goutougo,NUMBER_0_100,Lecture isolée d’un nombre pour une quantité ou un montant; l’unité et le contexte doivent être ajoutés.,MEDIUM,quatre-vingt-seize,quatre-vingt-seize,,,DRAFT,true,,,NON_TESTE,
PROVISIONAL_FRM_NUMBER_097,,Koulango,nku/kzc — à sélectionner,Variété non sélectionnée: Bouna ou Bondoukou/Goutougo,NUMBER_0_100,Lecture isolée d’un nombre pour une quantité ou un montant; l’unité et le contexte doivent être ajoutés.,MEDIUM,quatre-vingt-dix-sept,quatre-vingt-dix-sept,,,DRAFT,true,,,NON_TESTE,
PROVISIONAL_FRM_NUMBER_098,,Koulango,nku/kzc — à sélectionner,Variété non sélectionnée: Bouna ou Bondoukou/Goutougo,NUMBER_0_100,Lecture isolée d’un nombre pour une quantité ou un montant; l’unité et le contexte doivent être ajoutés.,MEDIUM,quatre-vingt-dix-huit,quatre-vingt-dix-huit,,,DRAFT,true,,,NON_TESTE,
PROVISIONAL_FRM_NUMBER_099,,Koulango,nku/kzc — à sélectionner,Variété non sélectionnée: Bouna ou Bondoukou/Goutougo,NUMBER_0_100,Lecture isolée d’un nombre pour une quantité ou un montant; l’unité et le contexte doivent être ajoutés.,MEDIUM,quatre-vingt-dix-neuf,quatre-vingt-dix-neuf,,,DRAFT,true,,,NON_TESTE,
PROVISIONAL_FRM_NUMBER_100,,Koulango,nku/kzc — à sélectionner,Variété non sélectionnée: Bouna ou Bondoukou/Goutougo,NUMBER_0_100,Lecture isolée d’un nombre pour une quantité ou un montant; l’unité et le contexte doivent être ajoutés.,MEDIUM,cent,cent,,,DRAFT,true,,,NON_TESTE,
PROVISIONAL_FRM_NUMBER_HUNDRED_200,,Koulango,nku/kzc — à sélectionner,Variété non sélectionnée: Bouna ou Bondoukou/Goutougo,NUMBER_HUNDREDS,Lecture isolée d’une centaine ou de mille; l’unité et le contexte doivent être ajoutés.,MEDIUM,deux cents,deux cents,,,DRAFT,true,,,NON_TESTE,
PROVISIONAL_FRM_NUMBER_HUNDRED_300,,Koulango,nku/kzc — à sélectionner,Variété non sélectionnée: Bouna ou Bondoukou/Goutougo,NUMBER_HUNDREDS,Lecture isolée d’une centaine ou de mille; l’unité et le contexte doivent être ajoutés.,MEDIUM,trois cents,trois cents,,,DRAFT,true,,,NON_TESTE,
PROVISIONAL_FRM_NUMBER_HUNDRED_400,,Koulango,nku/kzc — à sélectionner,Variété non sélectionnée: Bouna ou Bondoukou/Goutougo,NUMBER_HUNDREDS,Lecture isolée d’une centaine ou de mille; l’unité et le contexte doivent être ajoutés.,MEDIUM,quatre cents,quatre cents,,,DRAFT,true,,,NON_TESTE,
PROVISIONAL_FRM_NUMBER_HUNDRED_500,,Koulango,nku/kzc — à sélectionner,Variété non sélectionnée: Bouna ou Bondoukou/Goutougo,NUMBER_HUNDREDS,Lecture isolée d’une centaine ou de mille; l’unité et le contexte doivent être ajoutés.,MEDIUM,cinq cents,cinq cents,,,DRAFT,true,,,NON_TESTE,
PROVISIONAL_FRM_NUMBER_HUNDRED_600,,Koulango,nku/kzc — à sélectionner,Variété non sélectionnée: Bouna ou Bondoukou/Goutougo,NUMBER_HUNDREDS,Lecture isolée d’une centaine ou de mille; l’unité et le contexte doivent être ajoutés.,MEDIUM,six cents,six cents,,,DRAFT,true,,,NON_TESTE,
PROVISIONAL_FRM_NUMBER_HUNDRED_700,,Koulango,nku/kzc — à sélectionner,Variété non sélectionnée: Bouna ou Bondoukou/Goutougo,NUMBER_HUNDREDS,Lecture isolée d’une centaine ou de mille; l’unité et le contexte doivent être ajoutés.,MEDIUM,sept cents,sept cents,,,DRAFT,true,,,NON_TESTE,
PROVISIONAL_FRM_NUMBER_HUNDRED_800,,Koulango,nku/kzc — à sélectionner,Variété non sélectionnée: Bouna ou Bondoukou/Goutougo,NUMBER_HUNDREDS,Lecture isolée d’une centaine ou de mille; l’unité et le contexte doivent être ajoutés.,MEDIUM,huit cents,huit cents,,,DRAFT,true,,,NON_TESTE,
PROVISIONAL_FRM_NUMBER_HUNDRED_900,,Koulango,nku/kzc — à sélectionner,Variété non sélectionnée: Bouna ou Bondoukou/Goutougo,NUMBER_HUNDREDS,Lecture isolée d’une centaine ou de mille; l’unité et le contexte doivent être ajoutés.,MEDIUM,neuf cents,neuf cents,,,DRAFT,true,,,NON_TESTE,
PROVISIONAL_FRM_NUMBER_THOUSAND_1000,,Koulango,nku/kzc — à sélectionner,Variété non sélectionnée: Bouna ou Bondoukou/Goutougo,NUMBER_THOUSAND,Lecture isolée d’une centaine ou de mille; l’unité et le contexte doivent être ajoutés.,MEDIUM,mille,mille,,,DRAFT,true,,,NON_TESTE,
PROVISIONAL_FRM_UNIT_01_UNITE,,Koulango,nku/kzc — à sélectionner,Variété non sélectionnée: Bouna ou Bondoukou/Goutougo,UNIT,Unité de vente orale.,LOW,unité,à l’unité,,,DRAFT,true,,,NON_TESTE,
PROVISIONAL_FRM_UNIT_02_TAS,,Koulango,nku/kzc — à sélectionner,Variété non sélectionnée: Bouna ou Bondoukou/Goutougo,UNIT,Unité de vente orale.,LOW,tas,tas,,,DRAFT,true,,,NON_TESTE,
PROVISIONAL_FRM_UNIT_03_SAC,,Koulango,nku/kzc — à sélectionner,Variété non sélectionnée: Bouna ou Bondoukou/Goutougo,UNIT,Unité de vente orale.,LOW,sac,sac,,,DRAFT,true,,,NON_TESTE,
PROVISIONAL_FRM_UNIT_04_KILO,,Koulango,nku/kzc — à sélectionner,Variété non sélectionnée: Bouna ou Bondoukou/Goutougo,UNIT,Unité de vente orale.,LOW,kilo,kilo,,,DRAFT,true,,,NON_TESTE,
PROVISIONAL_FRM_UNIT_05_BOTTE,,Koulango,nku/kzc — à sélectionner,Variété non sélectionnée: Bouna ou Bondoukou/Goutougo,UNIT,Unité de vente orale.,LOW,botte,botte,,,DRAFT,true,,,NON_TESTE,
PROVISIONAL_FRM_UNIT_06_BIDON,,Koulango,nku/kzc — à sélectionner,Variété non sélectionnée: Bouna ou Bondoukou/Goutougo,UNIT,Unité de vente orale.,LOW,bidon,bidon,,,DRAFT,true,,,NON_TESTE,
PROVISIONAL_FRM_UNIT_07_SACHET,,Koulango,nku/kzc — à sélectionner,Variété non sélectionnée: Bouna ou Bondoukou/Goutougo,UNIT,Unité de vente orale.,LOW,sachet,sachet,,,DRAFT,true,,,NON_TESTE,
PROVISIONAL_FRM_UNIT_08_PAQUET,,Koulango,nku/kzc — à sélectionner,Variété non sélectionnée: Bouna ou Bondoukou/Goutougo,UNIT,Unité de vente orale.,LOW,paquet,paquet,,,DRAFT,true,,,NON_TESTE,
PROVISIONAL_FRM_UNIT_09_MORCEAU,,Koulango,nku/kzc — à sélectionner,Variété non sélectionnée: Bouna ou Bondoukou/Goutougo,UNIT,Unité de vente orale.,LOW,morceau,morceau,,,DRAFT,true,,,NON_TESTE,
PROVISIONAL_FRM_UNIT_10_LITRE,,Koulango,nku/kzc — à sélectionner,Variété non sélectionnée: Bouna ou Bondoukou/Goutougo,UNIT,Unité de vente orale.,LOW,litre,litre,,,DRAFT,true,,,NON_TESTE,
PROVISIONAL_FRM_UNIT_11_REGIME,,Koulango,nku/kzc — à sélectionner,Variété non sélectionnée: Bouna ou Bondoukou/Goutougo,UNIT,Unité de vente orale.,LOW,régime,régime,,,DRAFT,true,,,NON_TESTE,
PROVISIONAL_FRM_UNIT_12_CARTON,,Koulango,nku/kzc — à sélectionner,Variété non sélectionnée: Bouna ou Bondoukou/Goutougo,UNIT,Unité de vente orale.,LOW,carton,carton,,,DRAFT,true,,,NON_TESTE,
PROVISIONAL_FRM_UNIT_13_CAISSE,,Koulango,nku/kzc — à sélectionner,Variété non sélectionnée: Bouna ou Bondoukou/Goutougo,UNIT,Unité de vente orale.,LOW,caisse,caisse,,,DRAFT,true,,,NON_TESTE,
PROVISIONAL_FRM_UNIT_14_BOUTEILLE,,Koulango,nku/kzc — à sélectionner,Variété non sélectionnée: Bouna ou Bondoukou/Goutougo,UNIT,Unité de vente orale.,LOW,bouteille,bouteille,,,DRAFT,true,,,NON_TESTE,
PROVISIONAL_FRM_UNIT_15_PANIER,,Koulango,nku/kzc — à sélectionner,Variété non sélectionnée: Bouna ou Bondoukou/Goutougo,UNIT,Unité de vente orale.,LOW,panier,panier,,,DRAFT,true,,,NON_TESTE,
PROVISIONAL_FRM_UNIT_16_FRANC,,Koulango,nku/kzc — à sélectionner,Variété non sélectionnée: Bouna ou Bondoukou/Goutougo,UNIT,Dénomination monétaire orale; à associer à un nombre et au contexte.,HIGH,franc,franc,,,DRAFT,true,,,NON_TESTE,
PROVISIONAL_FRM_UNIT_17_FCFA,,Koulango,nku/kzc — à sélectionner,Variété non sélectionnée: Bouna ou Bondoukou/Goutougo,UNIT,Dénomination monétaire orale; à associer à un nombre et au contexte.,HIGH,FCFA,franc CFA,,,DRAFT,true,,,NON_TESTE,
PROVISIONAL_FRM_PRODUCT_01_TOMATE,,Koulango,nku/kzc — à sélectionner,Variété non sélectionnée: Bouna ou Bondoukou/Goutougo,PRODUCT,Nom de produit à annoncer ou saisir dans une vente; aucun identifiant produit métier n’est créé.,LOW,tomate,tomate,,,DRAFT,true,,,NON_TESTE,
PROVISIONAL_FRM_PRODUCT_02_PIMENT,,Koulango,nku/kzc — à sélectionner,Variété non sélectionnée: Bouna ou Bondoukou/Goutougo,PRODUCT,Nom de produit à annoncer ou saisir dans une vente; aucun identifiant produit métier n’est créé.,LOW,piment,piment,,,DRAFT,true,,,NON_TESTE,
PROVISIONAL_FRM_PRODUCT_03_GOMBO,,Koulango,nku/kzc — à sélectionner,Variété non sélectionnée: Bouna ou Bondoukou/Goutougo,PRODUCT,Nom de produit à annoncer ou saisir dans une vente; aucun identifiant produit métier n’est créé.,LOW,gombo,gombo,,,DRAFT,true,,,NON_TESTE,
PROVISIONAL_FRM_PRODUCT_04_ATTIEKE,,Koulango,nku/kzc — à sélectionner,Variété non sélectionnée: Bouna ou Bondoukou/Goutougo,PRODUCT,Nom de produit à annoncer ou saisir dans une vente; aucun identifiant produit métier n’est créé.,LOW,attiéké,attiéké,,,DRAFT,true,,,NON_TESTE,
PROVISIONAL_FRM_PRODUCT_05_BANANE,,Koulango,nku/kzc — à sélectionner,Variété non sélectionnée: Bouna ou Bondoukou/Goutougo,PRODUCT,Nom de produit à annoncer ou saisir dans une vente; aucun identifiant produit métier n’est créé.,LOW,banane,banane,,,DRAFT,true,,,NON_TESTE,
PROVISIONAL_FRM_PRODUCT_06_PLANTAIN,,Koulango,nku/kzc — à sélectionner,Variété non sélectionnée: Bouna ou Bondoukou/Goutougo,PRODUCT,Nom de produit à annoncer ou saisir dans une vente; aucun identifiant produit métier n’est créé.,LOW,plantain,plantain,,,DRAFT,true,,,NON_TESTE,
PROVISIONAL_FRM_PRODUCT_07_IGNAME,,Koulango,nku/kzc — à sélectionner,Variété non sélectionnée: Bouna ou Bondoukou/Goutougo,PRODUCT,Nom de produit à annoncer ou saisir dans une vente; aucun identifiant produit métier n’est créé.,LOW,igname,igname,,,DRAFT,true,,,NON_TESTE,
PROVISIONAL_FRM_PRODUCT_08_MANIOC,,Koulango,nku/kzc — à sélectionner,Variété non sélectionnée: Bouna ou Bondoukou/Goutougo,PRODUCT,Nom de produit à annoncer ou saisir dans une vente; aucun identifiant produit métier n’est créé.,LOW,manioc,manioc,,,DRAFT,true,,,NON_TESTE,
PROVISIONAL_FRM_PRODUCT_09_AUBERGINE,,Koulango,nku/kzc — à sélectionner,Variété non sélectionnée: Bouna ou Bondoukou/Goutougo,PRODUCT,Nom de produit à annoncer ou saisir dans une vente; aucun identifiant produit métier n’est créé.,LOW,aubergine,aubergine,,,DRAFT,true,,,NON_TESTE,
PROVISIONAL_FRM_PRODUCT_10_OIGNON,,Koulango,nku/kzc — à sélectionner,Variété non sélectionnée: Bouna ou Bondoukou/Goutougo,PRODUCT,Nom de produit à annoncer ou saisir dans une vente; aucun identifiant produit métier n’est créé.,LOW,oignon,oignon,,,DRAFT,true,,,NON_TESTE,
PROVISIONAL_FRM_PRODUCT_11_AIL,,Koulango,nku/kzc — à sélectionner,Variété non sélectionnée: Bouna ou Bondoukou/Goutougo,PRODUCT,Nom de produit à annoncer ou saisir dans une vente; aucun identifiant produit métier n’est créé.,LOW,ail,ail,,,DRAFT,true,,,NON_TESTE,
PROVISIONAL_FRM_PRODUCT_12_POISSON,,Koulango,nku/kzc — à sélectionner,Variété non sélectionnée: Bouna ou Bondoukou/Goutougo,PRODUCT,Nom de produit à annoncer ou saisir dans une vente; aucun identifiant produit métier n’est créé.,LOW,poisson,poisson,,,DRAFT,true,,,NON_TESTE,
PROVISIONAL_FRM_PRODUCT_13_VIANDE,,Koulango,nku/kzc — à sélectionner,Variété non sélectionnée: Bouna ou Bondoukou/Goutougo,PRODUCT,Nom de produit à annoncer ou saisir dans une vente; aucun identifiant produit métier n’est créé.,LOW,viande,viande,,,DRAFT,true,,,NON_TESTE,
PROVISIONAL_FRM_PRODUCT_14_POULET,,Koulango,nku/kzc — à sélectionner,Variété non sélectionnée: Bouna ou Bondoukou/Goutougo,PRODUCT,Nom de produit à annoncer ou saisir dans une vente; aucun identifiant produit métier n’est créé.,LOW,poulet,poulet,,,DRAFT,true,,,NON_TESTE,
PROVISIONAL_FRM_PRODUCT_15_HUILE,,Koulango,nku/kzc — à sélectionner,Variété non sélectionnée: Bouna ou Bondoukou/Goutougo,PRODUCT,Nom de produit à annoncer ou saisir dans une vente; aucun identifiant produit métier n’est créé.,LOW,huile,huile,,,DRAFT,true,,,NON_TESTE,
PROVISIONAL_FRM_PRODUCT_16_SEL,,Koulango,nku/kzc — à sélectionner,Variété non sélectionnée: Bouna ou Bondoukou/Goutougo,PRODUCT,Nom de produit à annoncer ou saisir dans une vente; aucun identifiant produit métier n’est créé.,LOW,sel,sel,,,DRAFT,true,,,NON_TESTE,
PROVISIONAL_FRM_PRODUCT_17_SUCRE,,Koulango,nku/kzc — à sélectionner,Variété non sélectionnée: Bouna ou Bondoukou/Goutougo,PRODUCT,Nom de produit à annoncer ou saisir dans une vente; aucun identifiant produit métier n’est créé.,LOW,sucre,sucre,,,DRAFT,true,,,NON_TESTE,
PROVISIONAL_FRM_PRODUCT_18_RIZ,,Koulango,nku/kzc — à sélectionner,Variété non sélectionnée: Bouna ou Bondoukou/Goutougo,PRODUCT,Nom de produit à annoncer ou saisir dans une vente; aucun identifiant produit métier n’est créé.,LOW,riz,riz,,,DRAFT,true,,,NON_TESTE,
PROVISIONAL_FRM_PRODUCT_19_HARICOT,,Koulango,nku/kzc — à sélectionner,Variété non sélectionnée: Bouna ou Bondoukou/Goutougo,PRODUCT,Nom de produit à annoncer ou saisir dans une vente; aucun identifiant produit métier n’est créé.,LOW,haricot,haricot,,,DRAFT,true,,,NON_TESTE,
PROVISIONAL_FRM_PRODUCT_20_MAIS,,Koulango,nku/kzc — à sélectionner,Variété non sélectionnée: Bouna ou Bondoukou/Goutougo,PRODUCT,Nom de produit à annoncer ou saisir dans une vente; aucun identifiant produit métier n’est créé.,LOW,maïs,maïs,,,DRAFT,true,,,NON_TESTE,
PROVISIONAL_FRM_PRODUCT_21_FOUTOU,,Koulango,nku/kzc — à sélectionner,Variété non sélectionnée: Bouna ou Bondoukou/Goutougo,PRODUCT,Nom de produit à annoncer ou saisir dans une vente; aucun identifiant produit métier n’est créé.,LOW,foutou,foutou,,,DRAFT,true,,,NON_TESTE,
PROVISIONAL_FRM_PRODUCT_22_ORANGE,,Koulango,nku/kzc — à sélectionner,Variété non sélectionnée: Bouna ou Bondoukou/Goutougo,PRODUCT,Nom de produit à annoncer ou saisir dans une vente; aucun identifiant produit métier n’est créé.,LOW,orange,orange,,,DRAFT,true,,,NON_TESTE,
PROVISIONAL_FRM_PRODUCT_23_SAVON,,Koulango,nku/kzc — à sélectionner,Variété non sélectionnée: Bouna ou Bondoukou/Goutougo,PRODUCT,Nom de produit à annoncer ou saisir dans une vente; aucun identifiant produit métier n’est créé.,LOW,savon,savon,,,DRAFT,true,,,NON_TESTE,
PROVISIONAL_FRM_PRODUCT_24_FARINE,,Koulango,nku/kzc — à sélectionner,Variété non sélectionnée: Bouna ou Bondoukou/Goutougo,PRODUCT,Nom de produit à annoncer ou saisir dans une vente; aucun identifiant produit métier n’est créé.,LOW,farine,farine,,,DRAFT,true,,,NON_TESTE,
PROVISIONAL_FRM_PRODUCT_25_JUS,,Koulango,nku/kzc — à sélectionner,Variété non sélectionnée: Bouna ou Bondoukou/Goutougo,PRODUCT,Nom de produit à annoncer ou saisir dans une vente; aucun identifiant produit métier n’est créé.,LOW,jus,jus,,,DRAFT,true,,,NON_TESTE,
PROVISIONAL_FRM_PRODUCT_26_LAIT,,Koulango,nku/kzc — à sélectionner,Variété non sélectionnée: Bouna ou Bondoukou/Goutougo,PRODUCT,Nom de produit à annoncer ou saisir dans une vente; aucun identifiant produit métier n’est créé.,LOW,lait,lait,,,DRAFT,true,,,NON_TESTE,
PROVISIONAL_FRM_INTENT_01,,Lobi/Lobiri,lob,"Lobiri, parler de Bouna; variation urbaine/rurale à confirmer",FINANCIAL_PRIORITY_INTENT,Commande orale d’encaissement; elle ne vaut pas confirmation métier du paiement.,CRITICAL,Encaisse.,Encaisse ça.,,,DRAFT,true,,,NON_TESTE,
PROVISIONAL_FRM_INTENT_02,,Lobi/Lobiri,lob,"Lobiri, parler de Bouna; variation urbaine/rurale à confirmer",FINANCIAL_PRIORITY_INTENT,Demande du montant encore dû par une cliente.,CRITICAL,Combien elle doit ?,Elle doit combien ?,,,DRAFT,true,,,NON_TESTE,
PROVISIONAL_FRM_INTENT_03,,Lobi/Lobiri,lob,"Lobiri, parler de Bouna; variation urbaine/rurale à confirmer",FINANCIAL_PRIORITY_INTENT,Accord oral avant une validation; la confirmation métier reste distincte.,CRITICAL,"Oui, valide.","Oui, tu peux valider.",,,DRAFT,true,,,NON_TESTE,
PROVISIONAL_FRM_INTENT_04,,Lobi/Lobiri,lob,"Lobiri, parler de Bouna; variation urbaine/rurale à confirmer",FINANCIAL_PRIORITY_INTENT,Refus ou demande d’annulation avant confirmation métier.,CRITICAL,Non / annule.,"Non, annule.",,,DRAFT,true,,,NON_TESTE,
PROVISIONAL_FRM_INTENT_05,,Lobi/Lobiri,lob,"Lobiri, parler de Bouna; variation urbaine/rurale à confirmer",FINANCIAL_PRIORITY_INTENT,Annonce d’un montant manquant dans le paiement.,CRITICAL,Il manque {montant} francs.,Il manque {montant} francs.,,,DRAFT,true,,,NON_TESTE,
PROVISIONAL_FRM_INTENT_06,,Lobi/Lobiri,lob,"Lobiri, parler de Bouna; variation urbaine/rurale à confirmer",FINANCIAL_PRIORITY_INTENT,Demande de vérifier le calcul ou le compte avant la suite.,CRITICAL,Compte juste.,Vérifie bien le compte.,,,DRAFT,true,,,NON_TESTE,
PROVISIONAL_FRM_INTENT_07,,Lobi/Lobiri,lob,"Lobiri, parler de Bouna; variation urbaine/rurale à confirmer",FINANCIAL_PRIORITY_INTENT,Annonce du montant effectivement remis par la cliente.,CRITICAL,Elle a donné {recu} francs.,Elle a donné {recu} francs.,,,DRAFT,true,,,NON_TESTE,
PROVISIONAL_FRM_INTENT_08,,Lobi/Lobiri,lob,"Lobiri, parler de Bouna; variation urbaine/rurale à confirmer",FINANCIAL_PRIORITY_INTENT,Annonce de la monnaie à rendre à la cliente.,CRITICAL,Tu rends {monnaie} francs.,Tu lui rends {monnaie} francs.,,,DRAFT,true,,,NON_TESTE,
PROVISIONAL_FRM_INTENT_09,,Lobi/Lobiri,lob,"Lobiri, parler de Bouna; variation urbaine/rurale à confirmer",FINANCIAL_PRIORITY_INTENT,Annonce du total dû par la cliente.,CRITICAL,Elle doit {total} francs.,Elle doit {total} francs.,,,DRAFT,true,,,NON_TESTE,
PROVISIONAL_FRM_INTENT_10,,Lobi/Lobiri,lob,"Lobiri, parler de Bouna; variation urbaine/rurale à confirmer",FINANCIAL_PRIORITY_INTENT,Demande orale de validation avant l’action métier.,CRITICAL,Je valide ?,Je valide ça ?,,,DRAFT,true,,,NON_TESTE,
PROVISIONAL_FRM_INTENT_11,,Lobi/Lobiri,lob,"Lobiri, parler de Bouna; variation urbaine/rurale à confirmer",FINANCIAL_PRIORITY_INTENT,Question sur le prix d’un seul article.,HIGH,Prix d’un seul.,"Un seul, c’est combien ?",,,DRAFT,true,,,NON_TESTE,
PROVISIONAL_FRM_INTENT_12,,Lobi/Lobiri,lob,"Lobiri, parler de Bouna; variation urbaine/rurale à confirmer",FINANCIAL_PRIORITY_INTENT,Question sur le prix total de l’ensemble présenté.,HIGH,Prix du tout.,"Tout ça, c’est combien ?",,,DRAFT,true,,,NON_TESTE,
PROVISIONAL_FRM_INTENT_13,,Lobi/Lobiri,lob,"Lobiri, parler de Bouna; variation urbaine/rurale à confirmer",FINANCIAL_PRIORITY_INTENT,Question générale sur le montant à payer ou le total.,HIGH,Combien ?,Ça fait combien ?,,,DRAFT,true,,,NON_TESTE,
PROVISIONAL_FRM_INTENT_14,,Lobi/Lobiri,lob,"Lobiri, parler de Bouna; variation urbaine/rurale à confirmer",FINANCIAL_PRIORITY_INTENT,Question sur le prix d’un produit ou d’une quantité montrée.,HIGH,C’est à combien ?,C’est à combien ?,,,DRAFT,true,,,NON_TESTE,
PROVISIONAL_FRM_INTENT_15,,Lobi/Lobiri,lob,"Lobiri, parler de Bouna; variation urbaine/rurale à confirmer",FINANCIAL_PRIORITY_INTENT,Question ouverte sur le produit ou l’article vendu.,LOW,Tu as vendu quoi ?,Tu as vendu quoi ?,,,DRAFT,true,,,NON_TESTE,
PROVISIONAL_FRM_NUMBER_000,,Lobi/Lobiri,lob,"Lobiri, parler de Bouna; variation urbaine/rurale à confirmer",NUMBER_0_100,Lecture isolée d’un nombre pour une quantité ou un montant; l’unité et le contexte doivent être ajoutés.,MEDIUM,zéro,zéro,,,DRAFT,true,,,NON_TESTE,
PROVISIONAL_FRM_NUMBER_001,,Lobi/Lobiri,lob,"Lobiri, parler de Bouna; variation urbaine/rurale à confirmer",NUMBER_0_100,Lecture isolée d’un nombre pour une quantité ou un montant; l’unité et le contexte doivent être ajoutés.,MEDIUM,un,un,,,DRAFT,true,,,NON_TESTE,
PROVISIONAL_FRM_NUMBER_002,,Lobi/Lobiri,lob,"Lobiri, parler de Bouna; variation urbaine/rurale à confirmer",NUMBER_0_100,Lecture isolée d’un nombre pour une quantité ou un montant; l’unité et le contexte doivent être ajoutés.,MEDIUM,deux,deux,,,DRAFT,true,,,NON_TESTE,
PROVISIONAL_FRM_NUMBER_003,,Lobi/Lobiri,lob,"Lobiri, parler de Bouna; variation urbaine/rurale à confirmer",NUMBER_0_100,Lecture isolée d’un nombre pour une quantité ou un montant; l’unité et le contexte doivent être ajoutés.,MEDIUM,trois,trois,,,DRAFT,true,,,NON_TESTE,
PROVISIONAL_FRM_NUMBER_004,,Lobi/Lobiri,lob,"Lobiri, parler de Bouna; variation urbaine/rurale à confirmer",NUMBER_0_100,Lecture isolée d’un nombre pour une quantité ou un montant; l’unité et le contexte doivent être ajoutés.,MEDIUM,quatre,quatre,,,DRAFT,true,,,NON_TESTE,
PROVISIONAL_FRM_NUMBER_005,,Lobi/Lobiri,lob,"Lobiri, parler de Bouna; variation urbaine/rurale à confirmer",NUMBER_0_100,Lecture isolée d’un nombre pour une quantité ou un montant; l’unité et le contexte doivent être ajoutés.,MEDIUM,cinq,cinq,,,DRAFT,true,,,NON_TESTE,
PROVISIONAL_FRM_NUMBER_006,,Lobi/Lobiri,lob,"Lobiri, parler de Bouna; variation urbaine/rurale à confirmer",NUMBER_0_100,Lecture isolée d’un nombre pour une quantité ou un montant; l’unité et le contexte doivent être ajoutés.,MEDIUM,six,six,,,DRAFT,true,,,NON_TESTE,
PROVISIONAL_FRM_NUMBER_007,,Lobi/Lobiri,lob,"Lobiri, parler de Bouna; variation urbaine/rurale à confirmer",NUMBER_0_100,Lecture isolée d’un nombre pour une quantité ou un montant; l’unité et le contexte doivent être ajoutés.,MEDIUM,sept,sept,,,DRAFT,true,,,NON_TESTE,
PROVISIONAL_FRM_NUMBER_008,,Lobi/Lobiri,lob,"Lobiri, parler de Bouna; variation urbaine/rurale à confirmer",NUMBER_0_100,Lecture isolée d’un nombre pour une quantité ou un montant; l’unité et le contexte doivent être ajoutés.,MEDIUM,huit,huit,,,DRAFT,true,,,NON_TESTE,
PROVISIONAL_FRM_NUMBER_009,,Lobi/Lobiri,lob,"Lobiri, parler de Bouna; variation urbaine/rurale à confirmer",NUMBER_0_100,Lecture isolée d’un nombre pour une quantité ou un montant; l’unité et le contexte doivent être ajoutés.,MEDIUM,neuf,neuf,,,DRAFT,true,,,NON_TESTE,
PROVISIONAL_FRM_NUMBER_010,,Lobi/Lobiri,lob,"Lobiri, parler de Bouna; variation urbaine/rurale à confirmer",NUMBER_0_100,Lecture isolée d’un nombre pour une quantité ou un montant; l’unité et le contexte doivent être ajoutés.,MEDIUM,dix,dix,,,DRAFT,true,,,NON_TESTE,
PROVISIONAL_FRM_NUMBER_011,,Lobi/Lobiri,lob,"Lobiri, parler de Bouna; variation urbaine/rurale à confirmer",NUMBER_0_100,Lecture isolée d’un nombre pour une quantité ou un montant; l’unité et le contexte doivent être ajoutés.,MEDIUM,onze,onze,,,DRAFT,true,,,NON_TESTE,
PROVISIONAL_FRM_NUMBER_012,,Lobi/Lobiri,lob,"Lobiri, parler de Bouna; variation urbaine/rurale à confirmer",NUMBER_0_100,Lecture isolée d’un nombre pour une quantité ou un montant; l’unité et le contexte doivent être ajoutés.,MEDIUM,douze,douze,,,DRAFT,true,,,NON_TESTE,
PROVISIONAL_FRM_NUMBER_013,,Lobi/Lobiri,lob,"Lobiri, parler de Bouna; variation urbaine/rurale à confirmer",NUMBER_0_100,Lecture isolée d’un nombre pour une quantité ou un montant; l’unité et le contexte doivent être ajoutés.,MEDIUM,treize,treize,,,DRAFT,true,,,NON_TESTE,
PROVISIONAL_FRM_NUMBER_014,,Lobi/Lobiri,lob,"Lobiri, parler de Bouna; variation urbaine/rurale à confirmer",NUMBER_0_100,Lecture isolée d’un nombre pour une quantité ou un montant; l’unité et le contexte doivent être ajoutés.,MEDIUM,quatorze,quatorze,,,DRAFT,true,,,NON_TESTE,
PROVISIONAL_FRM_NUMBER_015,,Lobi/Lobiri,lob,"Lobiri, parler de Bouna; variation urbaine/rurale à confirmer",NUMBER_0_100,Lecture isolée d’un nombre pour une quantité ou un montant; l’unité et le contexte doivent être ajoutés.,MEDIUM,quinze,quinze,,,DRAFT,true,,,NON_TESTE,
PROVISIONAL_FRM_NUMBER_016,,Lobi/Lobiri,lob,"Lobiri, parler de Bouna; variation urbaine/rurale à confirmer",NUMBER_0_100,Lecture isolée d’un nombre pour une quantité ou un montant; l’unité et le contexte doivent être ajoutés.,MEDIUM,seize,seize,,,DRAFT,true,,,NON_TESTE,
PROVISIONAL_FRM_NUMBER_017,,Lobi/Lobiri,lob,"Lobiri, parler de Bouna; variation urbaine/rurale à confirmer",NUMBER_0_100,Lecture isolée d’un nombre pour une quantité ou un montant; l’unité et le contexte doivent être ajoutés.,MEDIUM,dix-sept,dix-sept,,,DRAFT,true,,,NON_TESTE,
PROVISIONAL_FRM_NUMBER_018,,Lobi/Lobiri,lob,"Lobiri, parler de Bouna; variation urbaine/rurale à confirmer",NUMBER_0_100,Lecture isolée d’un nombre pour une quantité ou un montant; l’unité et le contexte doivent être ajoutés.,MEDIUM,dix-huit,dix-huit,,,DRAFT,true,,,NON_TESTE,
PROVISIONAL_FRM_NUMBER_019,,Lobi/Lobiri,lob,"Lobiri, parler de Bouna; variation urbaine/rurale à confirmer",NUMBER_0_100,Lecture isolée d’un nombre pour une quantité ou un montant; l’unité et le contexte doivent être ajoutés.,MEDIUM,dix-neuf,dix-neuf,,,DRAFT,true,,,NON_TESTE,
PROVISIONAL_FRM_NUMBER_020,,Lobi/Lobiri,lob,"Lobiri, parler de Bouna; variation urbaine/rurale à confirmer",NUMBER_0_100,Lecture isolée d’un nombre pour une quantité ou un montant; l’unité et le contexte doivent être ajoutés.,MEDIUM,vingt,vingt,,,DRAFT,true,,,NON_TESTE,
PROVISIONAL_FRM_NUMBER_021,,Lobi/Lobiri,lob,"Lobiri, parler de Bouna; variation urbaine/rurale à confirmer",NUMBER_0_100,Lecture isolée d’un nombre pour une quantité ou un montant; l’unité et le contexte doivent être ajoutés.,MEDIUM,vingt et un,vingt et un,,,DRAFT,true,,,NON_TESTE,
PROVISIONAL_FRM_NUMBER_022,,Lobi/Lobiri,lob,"Lobiri, parler de Bouna; variation urbaine/rurale à confirmer",NUMBER_0_100,Lecture isolée d’un nombre pour une quantité ou un montant; l’unité et le contexte doivent être ajoutés.,MEDIUM,vingt-deux,vingt-deux,,,DRAFT,true,,,NON_TESTE,
PROVISIONAL_FRM_NUMBER_023,,Lobi/Lobiri,lob,"Lobiri, parler de Bouna; variation urbaine/rurale à confirmer",NUMBER_0_100,Lecture isolée d’un nombre pour une quantité ou un montant; l’unité et le contexte doivent être ajoutés.,MEDIUM,vingt-trois,vingt-trois,,,DRAFT,true,,,NON_TESTE,
PROVISIONAL_FRM_NUMBER_024,,Lobi/Lobiri,lob,"Lobiri, parler de Bouna; variation urbaine/rurale à confirmer",NUMBER_0_100,Lecture isolée d’un nombre pour une quantité ou un montant; l’unité et le contexte doivent être ajoutés.,MEDIUM,vingt-quatre,vingt-quatre,,,DRAFT,true,,,NON_TESTE,
PROVISIONAL_FRM_NUMBER_025,,Lobi/Lobiri,lob,"Lobiri, parler de Bouna; variation urbaine/rurale à confirmer",NUMBER_0_100,Lecture isolée d’un nombre pour une quantité ou un montant; l’unité et le contexte doivent être ajoutés.,MEDIUM,vingt-cinq,vingt-cinq,,,DRAFT,true,,,NON_TESTE,
PROVISIONAL_FRM_NUMBER_026,,Lobi/Lobiri,lob,"Lobiri, parler de Bouna; variation urbaine/rurale à confirmer",NUMBER_0_100,Lecture isolée d’un nombre pour une quantité ou un montant; l’unité et le contexte doivent être ajoutés.,MEDIUM,vingt-six,vingt-six,,,DRAFT,true,,,NON_TESTE,
PROVISIONAL_FRM_NUMBER_027,,Lobi/Lobiri,lob,"Lobiri, parler de Bouna; variation urbaine/rurale à confirmer",NUMBER_0_100,Lecture isolée d’un nombre pour une quantité ou un montant; l’unité et le contexte doivent être ajoutés.,MEDIUM,vingt-sept,vingt-sept,,,DRAFT,true,,,NON_TESTE,
PROVISIONAL_FRM_NUMBER_028,,Lobi/Lobiri,lob,"Lobiri, parler de Bouna; variation urbaine/rurale à confirmer",NUMBER_0_100,Lecture isolée d’un nombre pour une quantité ou un montant; l’unité et le contexte doivent être ajoutés.,MEDIUM,vingt-huit,vingt-huit,,,DRAFT,true,,,NON_TESTE,
PROVISIONAL_FRM_NUMBER_029,,Lobi/Lobiri,lob,"Lobiri, parler de Bouna; variation urbaine/rurale à confirmer",NUMBER_0_100,Lecture isolée d’un nombre pour une quantité ou un montant; l’unité et le contexte doivent être ajoutés.,MEDIUM,vingt-neuf,vingt-neuf,,,DRAFT,true,,,NON_TESTE,
PROVISIONAL_FRM_NUMBER_030,,Lobi/Lobiri,lob,"Lobiri, parler de Bouna; variation urbaine/rurale à confirmer",NUMBER_0_100,Lecture isolée d’un nombre pour une quantité ou un montant; l’unité et le contexte doivent être ajoutés.,MEDIUM,trente,trente,,,DRAFT,true,,,NON_TESTE,
PROVISIONAL_FRM_NUMBER_031,,Lobi/Lobiri,lob,"Lobiri, parler de Bouna; variation urbaine/rurale à confirmer",NUMBER_0_100,Lecture isolée d’un nombre pour une quantité ou un montant; l’unité et le contexte doivent être ajoutés.,MEDIUM,trente et un,trente et un,,,DRAFT,true,,,NON_TESTE,
PROVISIONAL_FRM_NUMBER_032,,Lobi/Lobiri,lob,"Lobiri, parler de Bouna; variation urbaine/rurale à confirmer",NUMBER_0_100,Lecture isolée d’un nombre pour une quantité ou un montant; l’unité et le contexte doivent être ajoutés.,MEDIUM,trente-deux,trente-deux,,,DRAFT,true,,,NON_TESTE,
PROVISIONAL_FRM_NUMBER_033,,Lobi/Lobiri,lob,"Lobiri, parler de Bouna; variation urbaine/rurale à confirmer",NUMBER_0_100,Lecture isolée d’un nombre pour une quantité ou un montant; l’unité et le contexte doivent être ajoutés.,MEDIUM,trente-trois,trente-trois,,,DRAFT,true,,,NON_TESTE,
PROVISIONAL_FRM_NUMBER_034,,Lobi/Lobiri,lob,"Lobiri, parler de Bouna; variation urbaine/rurale à confirmer",NUMBER_0_100,Lecture isolée d’un nombre pour une quantité ou un montant; l’unité et le contexte doivent être ajoutés.,MEDIUM,trente-quatre,trente-quatre,,,DRAFT,true,,,NON_TESTE,
PROVISIONAL_FRM_NUMBER_035,,Lobi/Lobiri,lob,"Lobiri, parler de Bouna; variation urbaine/rurale à confirmer",NUMBER_0_100,Lecture isolée d’un nombre pour une quantité ou un montant; l’unité et le contexte doivent être ajoutés.,MEDIUM,trente-cinq,trente-cinq,,,DRAFT,true,,,NON_TESTE,
PROVISIONAL_FRM_NUMBER_036,,Lobi/Lobiri,lob,"Lobiri, parler de Bouna; variation urbaine/rurale à confirmer",NUMBER_0_100,Lecture isolée d’un nombre pour une quantité ou un montant; l’unité et le contexte doivent être ajoutés.,MEDIUM,trente-six,trente-six,,,DRAFT,true,,,NON_TESTE,
PROVISIONAL_FRM_NUMBER_037,,Lobi/Lobiri,lob,"Lobiri, parler de Bouna; variation urbaine/rurale à confirmer",NUMBER_0_100,Lecture isolée d’un nombre pour une quantité ou un montant; l’unité et le contexte doivent être ajoutés.,MEDIUM,trente-sept,trente-sept,,,DRAFT,true,,,NON_TESTE,
PROVISIONAL_FRM_NUMBER_038,,Lobi/Lobiri,lob,"Lobiri, parler de Bouna; variation urbaine/rurale à confirmer",NUMBER_0_100,Lecture isolée d’un nombre pour une quantité ou un montant; l’unité et le contexte doivent être ajoutés.,MEDIUM,trente-huit,trente-huit,,,DRAFT,true,,,NON_TESTE,
PROVISIONAL_FRM_NUMBER_039,,Lobi/Lobiri,lob,"Lobiri, parler de Bouna; variation urbaine/rurale à confirmer",NUMBER_0_100,Lecture isolée d’un nombre pour une quantité ou un montant; l’unité et le contexte doivent être ajoutés.,MEDIUM,trente-neuf,trente-neuf,,,DRAFT,true,,,NON_TESTE,
PROVISIONAL_FRM_NUMBER_040,,Lobi/Lobiri,lob,"Lobiri, parler de Bouna; variation urbaine/rurale à confirmer",NUMBER_0_100,Lecture isolée d’un nombre pour une quantité ou un montant; l’unité et le contexte doivent être ajoutés.,MEDIUM,quarante,quarante,,,DRAFT,true,,,NON_TESTE,
PROVISIONAL_FRM_NUMBER_041,,Lobi/Lobiri,lob,"Lobiri, parler de Bouna; variation urbaine/rurale à confirmer",NUMBER_0_100,Lecture isolée d’un nombre pour une quantité ou un montant; l’unité et le contexte doivent être ajoutés.,MEDIUM,quarante et un,quarante et un,,,DRAFT,true,,,NON_TESTE,
PROVISIONAL_FRM_NUMBER_042,,Lobi/Lobiri,lob,"Lobiri, parler de Bouna; variation urbaine/rurale à confirmer",NUMBER_0_100,Lecture isolée d’un nombre pour une quantité ou un montant; l’unité et le contexte doivent être ajoutés.,MEDIUM,quarante-deux,quarante-deux,,,DRAFT,true,,,NON_TESTE,
PROVISIONAL_FRM_NUMBER_043,,Lobi/Lobiri,lob,"Lobiri, parler de Bouna; variation urbaine/rurale à confirmer",NUMBER_0_100,Lecture isolée d’un nombre pour une quantité ou un montant; l’unité et le contexte doivent être ajoutés.,MEDIUM,quarante-trois,quarante-trois,,,DRAFT,true,,,NON_TESTE,
PROVISIONAL_FRM_NUMBER_044,,Lobi/Lobiri,lob,"Lobiri, parler de Bouna; variation urbaine/rurale à confirmer",NUMBER_0_100,Lecture isolée d’un nombre pour une quantité ou un montant; l’unité et le contexte doivent être ajoutés.,MEDIUM,quarante-quatre,quarante-quatre,,,DRAFT,true,,,NON_TESTE,
PROVISIONAL_FRM_NUMBER_045,,Lobi/Lobiri,lob,"Lobiri, parler de Bouna; variation urbaine/rurale à confirmer",NUMBER_0_100,Lecture isolée d’un nombre pour une quantité ou un montant; l’unité et le contexte doivent être ajoutés.,MEDIUM,quarante-cinq,quarante-cinq,,,DRAFT,true,,,NON_TESTE,
PROVISIONAL_FRM_NUMBER_046,,Lobi/Lobiri,lob,"Lobiri, parler de Bouna; variation urbaine/rurale à confirmer",NUMBER_0_100,Lecture isolée d’un nombre pour une quantité ou un montant; l’unité et le contexte doivent être ajoutés.,MEDIUM,quarante-six,quarante-six,,,DRAFT,true,,,NON_TESTE,
PROVISIONAL_FRM_NUMBER_047,,Lobi/Lobiri,lob,"Lobiri, parler de Bouna; variation urbaine/rurale à confirmer",NUMBER_0_100,Lecture isolée d’un nombre pour une quantité ou un montant; l’unité et le contexte doivent être ajoutés.,MEDIUM,quarante-sept,quarante-sept,,,DRAFT,true,,,NON_TESTE,
PROVISIONAL_FRM_NUMBER_048,,Lobi/Lobiri,lob,"Lobiri, parler de Bouna; variation urbaine/rurale à confirmer",NUMBER_0_100,Lecture isolée d’un nombre pour une quantité ou un montant; l’unité et le contexte doivent être ajoutés.,MEDIUM,quarante-huit,quarante-huit,,,DRAFT,true,,,NON_TESTE,
PROVISIONAL_FRM_NUMBER_049,,Lobi/Lobiri,lob,"Lobiri, parler de Bouna; variation urbaine/rurale à confirmer",NUMBER_0_100,Lecture isolée d’un nombre pour une quantité ou un montant; l’unité et le contexte doivent être ajoutés.,MEDIUM,quarante-neuf,quarante-neuf,,,DRAFT,true,,,NON_TESTE,
PROVISIONAL_FRM_NUMBER_050,,Lobi/Lobiri,lob,"Lobiri, parler de Bouna; variation urbaine/rurale à confirmer",NUMBER_0_100,Lecture isolée d’un nombre pour une quantité ou un montant; l’unité et le contexte doivent être ajoutés.,MEDIUM,cinquante,cinquante,,,DRAFT,true,,,NON_TESTE,
PROVISIONAL_FRM_NUMBER_051,,Lobi/Lobiri,lob,"Lobiri, parler de Bouna; variation urbaine/rurale à confirmer",NUMBER_0_100,Lecture isolée d’un nombre pour une quantité ou un montant; l’unité et le contexte doivent être ajoutés.,MEDIUM,cinquante et un,cinquante et un,,,DRAFT,true,,,NON_TESTE,
PROVISIONAL_FRM_NUMBER_052,,Lobi/Lobiri,lob,"Lobiri, parler de Bouna; variation urbaine/rurale à confirmer",NUMBER_0_100,Lecture isolée d’un nombre pour une quantité ou un montant; l’unité et le contexte doivent être ajoutés.,MEDIUM,cinquante-deux,cinquante-deux,,,DRAFT,true,,,NON_TESTE,
PROVISIONAL_FRM_NUMBER_053,,Lobi/Lobiri,lob,"Lobiri, parler de Bouna; variation urbaine/rurale à confirmer",NUMBER_0_100,Lecture isolée d’un nombre pour une quantité ou un montant; l’unité et le contexte doivent être ajoutés.,MEDIUM,cinquante-trois,cinquante-trois,,,DRAFT,true,,,NON_TESTE,
PROVISIONAL_FRM_NUMBER_054,,Lobi/Lobiri,lob,"Lobiri, parler de Bouna; variation urbaine/rurale à confirmer",NUMBER_0_100,Lecture isolée d’un nombre pour une quantité ou un montant; l’unité et le contexte doivent être ajoutés.,MEDIUM,cinquante-quatre,cinquante-quatre,,,DRAFT,true,,,NON_TESTE,
PROVISIONAL_FRM_NUMBER_055,,Lobi/Lobiri,lob,"Lobiri, parler de Bouna; variation urbaine/rurale à confirmer",NUMBER_0_100,Lecture isolée d’un nombre pour une quantité ou un montant; l’unité et le contexte doivent être ajoutés.,MEDIUM,cinquante-cinq,cinquante-cinq,,,DRAFT,true,,,NON_TESTE,
PROVISIONAL_FRM_NUMBER_056,,Lobi/Lobiri,lob,"Lobiri, parler de Bouna; variation urbaine/rurale à confirmer",NUMBER_0_100,Lecture isolée d’un nombre pour une quantité ou un montant; l’unité et le contexte doivent être ajoutés.,MEDIUM,cinquante-six,cinquante-six,,,DRAFT,true,,,NON_TESTE,
PROVISIONAL_FRM_NUMBER_057,,Lobi/Lobiri,lob,"Lobiri, parler de Bouna; variation urbaine/rurale à confirmer",NUMBER_0_100,Lecture isolée d’un nombre pour une quantité ou un montant; l’unité et le contexte doivent être ajoutés.,MEDIUM,cinquante-sept,cinquante-sept,,,DRAFT,true,,,NON_TESTE,
PROVISIONAL_FRM_NUMBER_058,,Lobi/Lobiri,lob,"Lobiri, parler de Bouna; variation urbaine/rurale à confirmer",NUMBER_0_100,Lecture isolée d’un nombre pour une quantité ou un montant; l’unité et le contexte doivent être ajoutés.,MEDIUM,cinquante-huit,cinquante-huit,,,DRAFT,true,,,NON_TESTE,
PROVISIONAL_FRM_NUMBER_059,,Lobi/Lobiri,lob,"Lobiri, parler de Bouna; variation urbaine/rurale à confirmer",NUMBER_0_100,Lecture isolée d’un nombre pour une quantité ou un montant; l’unité et le contexte doivent être ajoutés.,MEDIUM,cinquante-neuf,cinquante-neuf,,,DRAFT,true,,,NON_TESTE,
PROVISIONAL_FRM_NUMBER_060,,Lobi/Lobiri,lob,"Lobiri, parler de Bouna; variation urbaine/rurale à confirmer",NUMBER_0_100,Lecture isolée d’un nombre pour une quantité ou un montant; l’unité et le contexte doivent être ajoutés.,MEDIUM,soixante,soixante,,,DRAFT,true,,,NON_TESTE,
PROVISIONAL_FRM_NUMBER_061,,Lobi/Lobiri,lob,"Lobiri, parler de Bouna; variation urbaine/rurale à confirmer",NUMBER_0_100,Lecture isolée d’un nombre pour une quantité ou un montant; l’unité et le contexte doivent être ajoutés.,MEDIUM,soixante et un,soixante et un,,,DRAFT,true,,,NON_TESTE,
PROVISIONAL_FRM_NUMBER_062,,Lobi/Lobiri,lob,"Lobiri, parler de Bouna; variation urbaine/rurale à confirmer",NUMBER_0_100,Lecture isolée d’un nombre pour une quantité ou un montant; l’unité et le contexte doivent être ajoutés.,MEDIUM,soixante-deux,soixante-deux,,,DRAFT,true,,,NON_TESTE,
PROVISIONAL_FRM_NUMBER_063,,Lobi/Lobiri,lob,"Lobiri, parler de Bouna; variation urbaine/rurale à confirmer",NUMBER_0_100,Lecture isolée d’un nombre pour une quantité ou un montant; l’unité et le contexte doivent être ajoutés.,MEDIUM,soixante-trois,soixante-trois,,,DRAFT,true,,,NON_TESTE,
PROVISIONAL_FRM_NUMBER_064,,Lobi/Lobiri,lob,"Lobiri, parler de Bouna; variation urbaine/rurale à confirmer",NUMBER_0_100,Lecture isolée d’un nombre pour une quantité ou un montant; l’unité et le contexte doivent être ajoutés.,MEDIUM,soixante-quatre,soixante-quatre,,,DRAFT,true,,,NON_TESTE,
PROVISIONAL_FRM_NUMBER_065,,Lobi/Lobiri,lob,"Lobiri, parler de Bouna; variation urbaine/rurale à confirmer",NUMBER_0_100,Lecture isolée d’un nombre pour une quantité ou un montant; l’unité et le contexte doivent être ajoutés.,MEDIUM,soixante-cinq,soixante-cinq,,,DRAFT,true,,,NON_TESTE,
PROVISIONAL_FRM_NUMBER_066,,Lobi/Lobiri,lob,"Lobiri, parler de Bouna; variation urbaine/rurale à confirmer",NUMBER_0_100,Lecture isolée d’un nombre pour une quantité ou un montant; l’unité et le contexte doivent être ajoutés.,MEDIUM,soixante-six,soixante-six,,,DRAFT,true,,,NON_TESTE,
PROVISIONAL_FRM_NUMBER_067,,Lobi/Lobiri,lob,"Lobiri, parler de Bouna; variation urbaine/rurale à confirmer",NUMBER_0_100,Lecture isolée d’un nombre pour une quantité ou un montant; l’unité et le contexte doivent être ajoutés.,MEDIUM,soixante-sept,soixante-sept,,,DRAFT,true,,,NON_TESTE,
PROVISIONAL_FRM_NUMBER_068,,Lobi/Lobiri,lob,"Lobiri, parler de Bouna; variation urbaine/rurale à confirmer",NUMBER_0_100,Lecture isolée d’un nombre pour une quantité ou un montant; l’unité et le contexte doivent être ajoutés.,MEDIUM,soixante-huit,soixante-huit,,,DRAFT,true,,,NON_TESTE,
PROVISIONAL_FRM_NUMBER_069,,Lobi/Lobiri,lob,"Lobiri, parler de Bouna; variation urbaine/rurale à confirmer",NUMBER_0_100,Lecture isolée d’un nombre pour une quantité ou un montant; l’unité et le contexte doivent être ajoutés.,MEDIUM,soixante-neuf,soixante-neuf,,,DRAFT,true,,,NON_TESTE,
PROVISIONAL_FRM_NUMBER_070,,Lobi/Lobiri,lob,"Lobiri, parler de Bouna; variation urbaine/rurale à confirmer",NUMBER_0_100,Lecture isolée d’un nombre pour une quantité ou un montant; l’unité et le contexte doivent être ajoutés.,MEDIUM,soixante-dix,soixante-dix,,,DRAFT,true,,,NON_TESTE,
PROVISIONAL_FRM_NUMBER_071,,Lobi/Lobiri,lob,"Lobiri, parler de Bouna; variation urbaine/rurale à confirmer",NUMBER_0_100,Lecture isolée d’un nombre pour une quantité ou un montant; l’unité et le contexte doivent être ajoutés.,MEDIUM,soixante et onze,soixante et onze,,,DRAFT,true,,,NON_TESTE,
PROVISIONAL_FRM_NUMBER_072,,Lobi/Lobiri,lob,"Lobiri, parler de Bouna; variation urbaine/rurale à confirmer",NUMBER_0_100,Lecture isolée d’un nombre pour une quantité ou un montant; l’unité et le contexte doivent être ajoutés.,MEDIUM,soixante-douze,soixante-douze,,,DRAFT,true,,,NON_TESTE,
PROVISIONAL_FRM_NUMBER_073,,Lobi/Lobiri,lob,"Lobiri, parler de Bouna; variation urbaine/rurale à confirmer",NUMBER_0_100,Lecture isolée d’un nombre pour une quantité ou un montant; l’unité et le contexte doivent être ajoutés.,MEDIUM,soixante-treize,soixante-treize,,,DRAFT,true,,,NON_TESTE,
PROVISIONAL_FRM_NUMBER_074,,Lobi/Lobiri,lob,"Lobiri, parler de Bouna; variation urbaine/rurale à confirmer",NUMBER_0_100,Lecture isolée d’un nombre pour une quantité ou un montant; l’unité et le contexte doivent être ajoutés.,MEDIUM,soixante-quatorze,soixante-quatorze,,,DRAFT,true,,,NON_TESTE,
PROVISIONAL_FRM_NUMBER_075,,Lobi/Lobiri,lob,"Lobiri, parler de Bouna; variation urbaine/rurale à confirmer",NUMBER_0_100,Lecture isolée d’un nombre pour une quantité ou un montant; l’unité et le contexte doivent être ajoutés.,MEDIUM,soixante-quinze,soixante-quinze,,,DRAFT,true,,,NON_TESTE,
PROVISIONAL_FRM_NUMBER_076,,Lobi/Lobiri,lob,"Lobiri, parler de Bouna; variation urbaine/rurale à confirmer",NUMBER_0_100,Lecture isolée d’un nombre pour une quantité ou un montant; l’unité et le contexte doivent être ajoutés.,MEDIUM,soixante-seize,soixante-seize,,,DRAFT,true,,,NON_TESTE,
PROVISIONAL_FRM_NUMBER_077,,Lobi/Lobiri,lob,"Lobiri, parler de Bouna; variation urbaine/rurale à confirmer",NUMBER_0_100,Lecture isolée d’un nombre pour une quantité ou un montant; l’unité et le contexte doivent être ajoutés.,MEDIUM,soixante-dix-sept,soixante-dix-sept,,,DRAFT,true,,,NON_TESTE,
PROVISIONAL_FRM_NUMBER_078,,Lobi/Lobiri,lob,"Lobiri, parler de Bouna; variation urbaine/rurale à confirmer",NUMBER_0_100,Lecture isolée d’un nombre pour une quantité ou un montant; l’unité et le contexte doivent être ajoutés.,MEDIUM,soixante-dix-huit,soixante-dix-huit,,,DRAFT,true,,,NON_TESTE,
PROVISIONAL_FRM_NUMBER_079,,Lobi/Lobiri,lob,"Lobiri, parler de Bouna; variation urbaine/rurale à confirmer",NUMBER_0_100,Lecture isolée d’un nombre pour une quantité ou un montant; l’unité et le contexte doivent être ajoutés.,MEDIUM,soixante-dix-neuf,soixante-dix-neuf,,,DRAFT,true,,,NON_TESTE,
PROVISIONAL_FRM_NUMBER_080,,Lobi/Lobiri,lob,"Lobiri, parler de Bouna; variation urbaine/rurale à confirmer",NUMBER_0_100,Lecture isolée d’un nombre pour une quantité ou un montant; l’unité et le contexte doivent être ajoutés.,MEDIUM,quatre-vingts,quatre-vingts,,,DRAFT,true,,,NON_TESTE,
PROVISIONAL_FRM_NUMBER_081,,Lobi/Lobiri,lob,"Lobiri, parler de Bouna; variation urbaine/rurale à confirmer",NUMBER_0_100,Lecture isolée d’un nombre pour une quantité ou un montant; l’unité et le contexte doivent être ajoutés.,MEDIUM,quatre-vingt-un,quatre-vingt-un,,,DRAFT,true,,,NON_TESTE,
PROVISIONAL_FRM_NUMBER_082,,Lobi/Lobiri,lob,"Lobiri, parler de Bouna; variation urbaine/rurale à confirmer",NUMBER_0_100,Lecture isolée d’un nombre pour une quantité ou un montant; l’unité et le contexte doivent être ajoutés.,MEDIUM,quatre-vingt-deux,quatre-vingt-deux,,,DRAFT,true,,,NON_TESTE,
PROVISIONAL_FRM_NUMBER_083,,Lobi/Lobiri,lob,"Lobiri, parler de Bouna; variation urbaine/rurale à confirmer",NUMBER_0_100,Lecture isolée d’un nombre pour une quantité ou un montant; l’unité et le contexte doivent être ajoutés.,MEDIUM,quatre-vingt-trois,quatre-vingt-trois,,,DRAFT,true,,,NON_TESTE,
PROVISIONAL_FRM_NUMBER_084,,Lobi/Lobiri,lob,"Lobiri, parler de Bouna; variation urbaine/rurale à confirmer",NUMBER_0_100,Lecture isolée d’un nombre pour une quantité ou un montant; l’unité et le contexte doivent être ajoutés.,MEDIUM,quatre-vingt-quatre,quatre-vingt-quatre,,,DRAFT,true,,,NON_TESTE,
PROVISIONAL_FRM_NUMBER_085,,Lobi/Lobiri,lob,"Lobiri, parler de Bouna; variation urbaine/rurale à confirmer",NUMBER_0_100,Lecture isolée d’un nombre pour une quantité ou un montant; l’unité et le contexte doivent être ajoutés.,MEDIUM,quatre-vingt-cinq,quatre-vingt-cinq,,,DRAFT,true,,,NON_TESTE,
PROVISIONAL_FRM_NUMBER_086,,Lobi/Lobiri,lob,"Lobiri, parler de Bouna; variation urbaine/rurale à confirmer",NUMBER_0_100,Lecture isolée d’un nombre pour une quantité ou un montant; l’unité et le contexte doivent être ajoutés.,MEDIUM,quatre-vingt-six,quatre-vingt-six,,,DRAFT,true,,,NON_TESTE,
PROVISIONAL_FRM_NUMBER_087,,Lobi/Lobiri,lob,"Lobiri, parler de Bouna; variation urbaine/rurale à confirmer",NUMBER_0_100,Lecture isolée d’un nombre pour une quantité ou un montant; l’unité et le contexte doivent être ajoutés.,MEDIUM,quatre-vingt-sept,quatre-vingt-sept,,,DRAFT,true,,,NON_TESTE,
PROVISIONAL_FRM_NUMBER_088,,Lobi/Lobiri,lob,"Lobiri, parler de Bouna; variation urbaine/rurale à confirmer",NUMBER_0_100,Lecture isolée d’un nombre pour une quantité ou un montant; l’unité et le contexte doivent être ajoutés.,MEDIUM,quatre-vingt-huit,quatre-vingt-huit,,,DRAFT,true,,,NON_TESTE,
PROVISIONAL_FRM_NUMBER_089,,Lobi/Lobiri,lob,"Lobiri, parler de Bouna; variation urbaine/rurale à confirmer",NUMBER_0_100,Lecture isolée d’un nombre pour une quantité ou un montant; l’unité et le contexte doivent être ajoutés.,MEDIUM,quatre-vingt-neuf,quatre-vingt-neuf,,,DRAFT,true,,,NON_TESTE,
PROVISIONAL_FRM_NUMBER_090,,Lobi/Lobiri,lob,"Lobiri, parler de Bouna; variation urbaine/rurale à confirmer",NUMBER_0_100,Lecture isolée d’un nombre pour une quantité ou un montant; l’unité et le contexte doivent être ajoutés.,MEDIUM,quatre-vingt-dix,quatre-vingt-dix,,,DRAFT,true,,,NON_TESTE,
PROVISIONAL_FRM_NUMBER_091,,Lobi/Lobiri,lob,"Lobiri, parler de Bouna; variation urbaine/rurale à confirmer",NUMBER_0_100,Lecture isolée d’un nombre pour une quantité ou un montant; l’unité et le contexte doivent être ajoutés.,MEDIUM,quatre-vingt-onze,quatre-vingt-onze,,,DRAFT,true,,,NON_TESTE,
PROVISIONAL_FRM_NUMBER_092,,Lobi/Lobiri,lob,"Lobiri, parler de Bouna; variation urbaine/rurale à confirmer",NUMBER_0_100,Lecture isolée d’un nombre pour une quantité ou un montant; l’unité et le contexte doivent être ajoutés.,MEDIUM,quatre-vingt-douze,quatre-vingt-douze,,,DRAFT,true,,,NON_TESTE,
PROVISIONAL_FRM_NUMBER_093,,Lobi/Lobiri,lob,"Lobiri, parler de Bouna; variation urbaine/rurale à confirmer",NUMBER_0_100,Lecture isolée d’un nombre pour une quantité ou un montant; l’unité et le contexte doivent être ajoutés.,MEDIUM,quatre-vingt-treize,quatre-vingt-treize,,,DRAFT,true,,,NON_TESTE,
PROVISIONAL_FRM_NUMBER_094,,Lobi/Lobiri,lob,"Lobiri, parler de Bouna; variation urbaine/rurale à confirmer",NUMBER_0_100,Lecture isolée d’un nombre pour une quantité ou un montant; l’unité et le contexte doivent être ajoutés.,MEDIUM,quatre-vingt-quatorze,quatre-vingt-quatorze,,,DRAFT,true,,,NON_TESTE,
PROVISIONAL_FRM_NUMBER_095,,Lobi/Lobiri,lob,"Lobiri, parler de Bouna; variation urbaine/rurale à confirmer",NUMBER_0_100,Lecture isolée d’un nombre pour une quantité ou un montant; l’unité et le contexte doivent être ajoutés.,MEDIUM,quatre-vingt-quinze,quatre-vingt-quinze,,,DRAFT,true,,,NON_TESTE,
PROVISIONAL_FRM_NUMBER_096,,Lobi/Lobiri,lob,"Lobiri, parler de Bouna; variation urbaine/rurale à confirmer",NUMBER_0_100,Lecture isolée d’un nombre pour une quantité ou un montant; l’unité et le contexte doivent être ajoutés.,MEDIUM,quatre-vingt-seize,quatre-vingt-seize,,,DRAFT,true,,,NON_TESTE,
PROVISIONAL_FRM_NUMBER_097,,Lobi/Lobiri,lob,"Lobiri, parler de Bouna; variation urbaine/rurale à confirmer",NUMBER_0_100,Lecture isolée d’un nombre pour une quantité ou un montant; l’unité et le contexte doivent être ajoutés.,MEDIUM,quatre-vingt-dix-sept,quatre-vingt-dix-sept,,,DRAFT,true,,,NON_TESTE,
PROVISIONAL_FRM_NUMBER_098,,Lobi/Lobiri,lob,"Lobiri, parler de Bouna; variation urbaine/rurale à confirmer",NUMBER_0_100,Lecture isolée d’un nombre pour une quantité ou un montant; l’unité et le contexte doivent être ajoutés.,MEDIUM,quatre-vingt-dix-huit,quatre-vingt-dix-huit,,,DRAFT,true,,,NON_TESTE,
PROVISIONAL_FRM_NUMBER_099,,Lobi/Lobiri,lob,"Lobiri, parler de Bouna; variation urbaine/rurale à confirmer",NUMBER_0_100,Lecture isolée d’un nombre pour une quantité ou un montant; l’unité et le contexte doivent être ajoutés.,MEDIUM,quatre-vingt-dix-neuf,quatre-vingt-dix-neuf,,,DRAFT,true,,,NON_TESTE,
PROVISIONAL_FRM_NUMBER_100,,Lobi/Lobiri,lob,"Lobiri, parler de Bouna; variation urbaine/rurale à confirmer",NUMBER_0_100,Lecture isolée d’un nombre pour une quantité ou un montant; l’unité et le contexte doivent être ajoutés.,MEDIUM,cent,cent,,,DRAFT,true,,,NON_TESTE,
PROVISIONAL_FRM_NUMBER_HUNDRED_200,,Lobi/Lobiri,lob,"Lobiri, parler de Bouna; variation urbaine/rurale à confirmer",NUMBER_HUNDREDS,Lecture isolée d’une centaine ou de mille; l’unité et le contexte doivent être ajoutés.,MEDIUM,deux cents,deux cents,,,DRAFT,true,,,NON_TESTE,
PROVISIONAL_FRM_NUMBER_HUNDRED_300,,Lobi/Lobiri,lob,"Lobiri, parler de Bouna; variation urbaine/rurale à confirmer",NUMBER_HUNDREDS,Lecture isolée d’une centaine ou de mille; l’unité et le contexte doivent être ajoutés.,MEDIUM,trois cents,trois cents,,,DRAFT,true,,,NON_TESTE,
PROVISIONAL_FRM_NUMBER_HUNDRED_400,,Lobi/Lobiri,lob,"Lobiri, parler de Bouna; variation urbaine/rurale à confirmer",NUMBER_HUNDREDS,Lecture isolée d’une centaine ou de mille; l’unité et le contexte doivent être ajoutés.,MEDIUM,quatre cents,quatre cents,,,DRAFT,true,,,NON_TESTE,
PROVISIONAL_FRM_NUMBER_HUNDRED_500,,Lobi/Lobiri,lob,"Lobiri, parler de Bouna; variation urbaine/rurale à confirmer",NUMBER_HUNDREDS,Lecture isolée d’une centaine ou de mille; l’unité et le contexte doivent être ajoutés.,MEDIUM,cinq cents,cinq cents,,,DRAFT,true,,,NON_TESTE,
PROVISIONAL_FRM_NUMBER_HUNDRED_600,,Lobi/Lobiri,lob,"Lobiri, parler de Bouna; variation urbaine/rurale à confirmer",NUMBER_HUNDREDS,Lecture isolée d’une centaine ou de mille; l’unité et le contexte doivent être ajoutés.,MEDIUM,six cents,six cents,,,DRAFT,true,,,NON_TESTE,
PROVISIONAL_FRM_NUMBER_HUNDRED_700,,Lobi/Lobiri,lob,"Lobiri, parler de Bouna; variation urbaine/rurale à confirmer",NUMBER_HUNDREDS,Lecture isolée d’une centaine ou de mille; l’unité et le contexte doivent être ajoutés.,MEDIUM,sept cents,sept cents,,,DRAFT,true,,,NON_TESTE,
PROVISIONAL_FRM_NUMBER_HUNDRED_800,,Lobi/Lobiri,lob,"Lobiri, parler de Bouna; variation urbaine/rurale à confirmer",NUMBER_HUNDREDS,Lecture isolée d’une centaine ou de mille; l’unité et le contexte doivent être ajoutés.,MEDIUM,huit cents,huit cents,,,DRAFT,true,,,NON_TESTE,
PROVISIONAL_FRM_NUMBER_HUNDRED_900,,Lobi/Lobiri,lob,"Lobiri, parler de Bouna; variation urbaine/rurale à confirmer",NUMBER_HUNDREDS,Lecture isolée d’une centaine ou de mille; l’unité et le contexte doivent être ajoutés.,MEDIUM,neuf cents,neuf cents,,,DRAFT,true,,,NON_TESTE,
PROVISIONAL_FRM_NUMBER_THOUSAND_1000,,Lobi/Lobiri,lob,"Lobiri, parler de Bouna; variation urbaine/rurale à confirmer",NUMBER_THOUSAND,Lecture isolée d’une centaine ou de mille; l’unité et le contexte doivent être ajoutés.,MEDIUM,mille,mille,,,DRAFT,true,,,NON_TESTE,
PROVISIONAL_FRM_UNIT_01_UNITE,,Lobi/Lobiri,lob,"Lobiri, parler de Bouna; variation urbaine/rurale à confirmer",UNIT,Unité de vente orale.,LOW,unité,à l’unité,,,DRAFT,true,,,NON_TESTE,
PROVISIONAL_FRM_UNIT_02_TAS,,Lobi/Lobiri,lob,"Lobiri, parler de Bouna; variation urbaine/rurale à confirmer",UNIT,Unité de vente orale.,LOW,tas,tas,,,DRAFT,true,,,NON_TESTE,
PROVISIONAL_FRM_UNIT_03_SAC,,Lobi/Lobiri,lob,"Lobiri, parler de Bouna; variation urbaine/rurale à confirmer",UNIT,Unité de vente orale.,LOW,sac,sac,,,DRAFT,true,,,NON_TESTE,
PROVISIONAL_FRM_UNIT_04_KILO,,Lobi/Lobiri,lob,"Lobiri, parler de Bouna; variation urbaine/rurale à confirmer",UNIT,Unité de vente orale.,LOW,kilo,kilo,,,DRAFT,true,,,NON_TESTE,
PROVISIONAL_FRM_UNIT_05_BOTTE,,Lobi/Lobiri,lob,"Lobiri, parler de Bouna; variation urbaine/rurale à confirmer",UNIT,Unité de vente orale.,LOW,botte,botte,,,DRAFT,true,,,NON_TESTE,
PROVISIONAL_FRM_UNIT_06_BIDON,,Lobi/Lobiri,lob,"Lobiri, parler de Bouna; variation urbaine/rurale à confirmer",UNIT,Unité de vente orale.,LOW,bidon,bidon,,,DRAFT,true,,,NON_TESTE,
PROVISIONAL_FRM_UNIT_07_SACHET,,Lobi/Lobiri,lob,"Lobiri, parler de Bouna; variation urbaine/rurale à confirmer",UNIT,Unité de vente orale.,LOW,sachet,sachet,,,DRAFT,true,,,NON_TESTE,
PROVISIONAL_FRM_UNIT_08_PAQUET,,Lobi/Lobiri,lob,"Lobiri, parler de Bouna; variation urbaine/rurale à confirmer",UNIT,Unité de vente orale.,LOW,paquet,paquet,,,DRAFT,true,,,NON_TESTE,
PROVISIONAL_FRM_UNIT_09_MORCEAU,,Lobi/Lobiri,lob,"Lobiri, parler de Bouna; variation urbaine/rurale à confirmer",UNIT,Unité de vente orale.,LOW,morceau,morceau,,,DRAFT,true,,,NON_TESTE,
PROVISIONAL_FRM_UNIT_10_LITRE,,Lobi/Lobiri,lob,"Lobiri, parler de Bouna; variation urbaine/rurale à confirmer",UNIT,Unité de vente orale.,LOW,litre,litre,,,DRAFT,true,,,NON_TESTE,
PROVISIONAL_FRM_UNIT_11_REGIME,,Lobi/Lobiri,lob,"Lobiri, parler de Bouna; variation urbaine/rurale à confirmer",UNIT,Unité de vente orale.,LOW,régime,régime,,,DRAFT,true,,,NON_TESTE,
PROVISIONAL_FRM_UNIT_12_CARTON,,Lobi/Lobiri,lob,"Lobiri, parler de Bouna; variation urbaine/rurale à confirmer",UNIT,Unité de vente orale.,LOW,carton,carton,,,DRAFT,true,,,NON_TESTE,
PROVISIONAL_FRM_UNIT_13_CAISSE,,Lobi/Lobiri,lob,"Lobiri, parler de Bouna; variation urbaine/rurale à confirmer",UNIT,Unité de vente orale.,LOW,caisse,caisse,,,DRAFT,true,,,NON_TESTE,
PROVISIONAL_FRM_UNIT_14_BOUTEILLE,,Lobi/Lobiri,lob,"Lobiri, parler de Bouna; variation urbaine/rurale à confirmer",UNIT,Unité de vente orale.,LOW,bouteille,bouteille,,,DRAFT,true,,,NON_TESTE,
PROVISIONAL_FRM_UNIT_15_PANIER,,Lobi/Lobiri,lob,"Lobiri, parler de Bouna; variation urbaine/rurale à confirmer",UNIT,Unité de vente orale.,LOW,panier,panier,,,DRAFT,true,,,NON_TESTE,
PROVISIONAL_FRM_UNIT_16_FRANC,,Lobi/Lobiri,lob,"Lobiri, parler de Bouna; variation urbaine/rurale à confirmer",UNIT,Dénomination monétaire orale; à associer à un nombre et au contexte.,HIGH,franc,franc,,,DRAFT,true,,,NON_TESTE,
PROVISIONAL_FRM_UNIT_17_FCFA,,Lobi/Lobiri,lob,"Lobiri, parler de Bouna; variation urbaine/rurale à confirmer",UNIT,Dénomination monétaire orale; à associer à un nombre et au contexte.,HIGH,FCFA,franc CFA,,,DRAFT,true,,,NON_TESTE,
PROVISIONAL_FRM_PRODUCT_01_TOMATE,,Lobi/Lobiri,lob,"Lobiri, parler de Bouna; variation urbaine/rurale à confirmer",PRODUCT,Nom de produit à annoncer ou saisir dans une vente; aucun identifiant produit métier n’est créé.,LOW,tomate,tomate,,,DRAFT,true,,,NON_TESTE,
PROVISIONAL_FRM_PRODUCT_02_PIMENT,,Lobi/Lobiri,lob,"Lobiri, parler de Bouna; variation urbaine/rurale à confirmer",PRODUCT,Nom de produit à annoncer ou saisir dans une vente; aucun identifiant produit métier n’est créé.,LOW,piment,piment,,,DRAFT,true,,,NON_TESTE,
PROVISIONAL_FRM_PRODUCT_03_GOMBO,,Lobi/Lobiri,lob,"Lobiri, parler de Bouna; variation urbaine/rurale à confirmer",PRODUCT,Nom de produit à annoncer ou saisir dans une vente; aucun identifiant produit métier n’est créé.,LOW,gombo,gombo,,,DRAFT,true,,,NON_TESTE,
PROVISIONAL_FRM_PRODUCT_04_ATTIEKE,,Lobi/Lobiri,lob,"Lobiri, parler de Bouna; variation urbaine/rurale à confirmer",PRODUCT,Nom de produit à annoncer ou saisir dans une vente; aucun identifiant produit métier n’est créé.,LOW,attiéké,attiéké,,,DRAFT,true,,,NON_TESTE,
PROVISIONAL_FRM_PRODUCT_05_BANANE,,Lobi/Lobiri,lob,"Lobiri, parler de Bouna; variation urbaine/rurale à confirmer",PRODUCT,Nom de produit à annoncer ou saisir dans une vente; aucun identifiant produit métier n’est créé.,LOW,banane,banane,,,DRAFT,true,,,NON_TESTE,
PROVISIONAL_FRM_PRODUCT_06_PLANTAIN,,Lobi/Lobiri,lob,"Lobiri, parler de Bouna; variation urbaine/rurale à confirmer",PRODUCT,Nom de produit à annoncer ou saisir dans une vente; aucun identifiant produit métier n’est créé.,LOW,plantain,plantain,,,DRAFT,true,,,NON_TESTE,
PROVISIONAL_FRM_PRODUCT_07_IGNAME,,Lobi/Lobiri,lob,"Lobiri, parler de Bouna; variation urbaine/rurale à confirmer",PRODUCT,Nom de produit à annoncer ou saisir dans une vente; aucun identifiant produit métier n’est créé.,LOW,igname,igname,,,DRAFT,true,,,NON_TESTE,
PROVISIONAL_FRM_PRODUCT_08_MANIOC,,Lobi/Lobiri,lob,"Lobiri, parler de Bouna; variation urbaine/rurale à confirmer",PRODUCT,Nom de produit à annoncer ou saisir dans une vente; aucun identifiant produit métier n’est créé.,LOW,manioc,manioc,,,DRAFT,true,,,NON_TESTE,
PROVISIONAL_FRM_PRODUCT_09_AUBERGINE,,Lobi/Lobiri,lob,"Lobiri, parler de Bouna; variation urbaine/rurale à confirmer",PRODUCT,Nom de produit à annoncer ou saisir dans une vente; aucun identifiant produit métier n’est créé.,LOW,aubergine,aubergine,,,DRAFT,true,,,NON_TESTE,
PROVISIONAL_FRM_PRODUCT_10_OIGNON,,Lobi/Lobiri,lob,"Lobiri, parler de Bouna; variation urbaine/rurale à confirmer",PRODUCT,Nom de produit à annoncer ou saisir dans une vente; aucun identifiant produit métier n’est créé.,LOW,oignon,oignon,,,DRAFT,true,,,NON_TESTE,
PROVISIONAL_FRM_PRODUCT_11_AIL,,Lobi/Lobiri,lob,"Lobiri, parler de Bouna; variation urbaine/rurale à confirmer",PRODUCT,Nom de produit à annoncer ou saisir dans une vente; aucun identifiant produit métier n’est créé.,LOW,ail,ail,,,DRAFT,true,,,NON_TESTE,
PROVISIONAL_FRM_PRODUCT_12_POISSON,,Lobi/Lobiri,lob,"Lobiri, parler de Bouna; variation urbaine/rurale à confirmer",PRODUCT,Nom de produit à annoncer ou saisir dans une vente; aucun identifiant produit métier n’est créé.,LOW,poisson,poisson,,,DRAFT,true,,,NON_TESTE,
PROVISIONAL_FRM_PRODUCT_13_VIANDE,,Lobi/Lobiri,lob,"Lobiri, parler de Bouna; variation urbaine/rurale à confirmer",PRODUCT,Nom de produit à annoncer ou saisir dans une vente; aucun identifiant produit métier n’est créé.,LOW,viande,viande,,,DRAFT,true,,,NON_TESTE,
PROVISIONAL_FRM_PRODUCT_14_POULET,,Lobi/Lobiri,lob,"Lobiri, parler de Bouna; variation urbaine/rurale à confirmer",PRODUCT,Nom de produit à annoncer ou saisir dans une vente; aucun identifiant produit métier n’est créé.,LOW,poulet,poulet,,,DRAFT,true,,,NON_TESTE,
PROVISIONAL_FRM_PRODUCT_15_HUILE,,Lobi/Lobiri,lob,"Lobiri, parler de Bouna; variation urbaine/rurale à confirmer",PRODUCT,Nom de produit à annoncer ou saisir dans une vente; aucun identifiant produit métier n’est créé.,LOW,huile,huile,,,DRAFT,true,,,NON_TESTE,
PROVISIONAL_FRM_PRODUCT_16_SEL,,Lobi/Lobiri,lob,"Lobiri, parler de Bouna; variation urbaine/rurale à confirmer",PRODUCT,Nom de produit à annoncer ou saisir dans une vente; aucun identifiant produit métier n’est créé.,LOW,sel,sel,,,DRAFT,true,,,NON_TESTE,
PROVISIONAL_FRM_PRODUCT_17_SUCRE,,Lobi/Lobiri,lob,"Lobiri, parler de Bouna; variation urbaine/rurale à confirmer",PRODUCT,Nom de produit à annoncer ou saisir dans une vente; aucun identifiant produit métier n’est créé.,LOW,sucre,sucre,,,DRAFT,true,,,NON_TESTE,
PROVISIONAL_FRM_PRODUCT_18_RIZ,,Lobi/Lobiri,lob,"Lobiri, parler de Bouna; variation urbaine/rurale à confirmer",PRODUCT,Nom de produit à annoncer ou saisir dans une vente; aucun identifiant produit métier n’est créé.,LOW,riz,riz,,,DRAFT,true,,,NON_TESTE,
PROVISIONAL_FRM_PRODUCT_19_HARICOT,,Lobi/Lobiri,lob,"Lobiri, parler de Bouna; variation urbaine/rurale à confirmer",PRODUCT,Nom de produit à annoncer ou saisir dans une vente; aucun identifiant produit métier n’est créé.,LOW,haricot,haricot,,,DRAFT,true,,,NON_TESTE,
PROVISIONAL_FRM_PRODUCT_20_MAIS,,Lobi/Lobiri,lob,"Lobiri, parler de Bouna; variation urbaine/rurale à confirmer",PRODUCT,Nom de produit à annoncer ou saisir dans une vente; aucun identifiant produit métier n’est créé.,LOW,maïs,maïs,,,DRAFT,true,,,NON_TESTE,
PROVISIONAL_FRM_PRODUCT_21_FOUTOU,,Lobi/Lobiri,lob,"Lobiri, parler de Bouna; variation urbaine/rurale à confirmer",PRODUCT,Nom de produit à annoncer ou saisir dans une vente; aucun identifiant produit métier n’est créé.,LOW,foutou,foutou,,,DRAFT,true,,,NON_TESTE,
PROVISIONAL_FRM_PRODUCT_22_ORANGE,,Lobi/Lobiri,lob,"Lobiri, parler de Bouna; variation urbaine/rurale à confirmer",PRODUCT,Nom de produit à annoncer ou saisir dans une vente; aucun identifiant produit métier n’est créé.,LOW,orange,orange,,,DRAFT,true,,,NON_TESTE,
PROVISIONAL_FRM_PRODUCT_23_SAVON,,Lobi/Lobiri,lob,"Lobiri, parler de Bouna; variation urbaine/rurale à confirmer",PRODUCT,Nom de produit à annoncer ou saisir dans une vente; aucun identifiant produit métier n’est créé.,LOW,savon,savon,,,DRAFT,true,,,NON_TESTE,
PROVISIONAL_FRM_PRODUCT_24_FARINE,,Lobi/Lobiri,lob,"Lobiri, parler de Bouna; variation urbaine/rurale à confirmer",PRODUCT,Nom de produit à annoncer ou saisir dans une vente; aucun identifiant produit métier n’est créé.,LOW,farine,farine,,,DRAFT,true,,,NON_TESTE,
PROVISIONAL_FRM_PRODUCT_25_JUS,,Lobi/Lobiri,lob,"Lobiri, parler de Bouna; variation urbaine/rurale à confirmer",PRODUCT,Nom de produit à annoncer ou saisir dans une vente; aucun identifiant produit métier n’est créé.,LOW,jus,jus,,,DRAFT,true,,,NON_TESTE,
PROVISIONAL_FRM_PRODUCT_26_LAIT,,Lobi/Lobiri,lob,"Lobiri, parler de Bouna; variation urbaine/rurale à confirmer",PRODUCT,Nom de produit à annoncer ou saisir dans une vente; aucun identifiant produit métier n’est créé.,LOW,lait,lait,,,DRAFT,true,,,NON_TESTE,
PROVISIONAL_FRM_INTENT_01,,Dida,a-confirmer,"Non précisée — choisir avant rédaction : Lakota [dic], Yocoboué [gud], Guébie [gie] ou Neyo [ney].",FINANCIAL_PRIORITY_INTENT,Commande orale d’encaissement; elle ne vaut pas confirmation métier du paiement.,CRITICAL,Encaisse.,Encaisse ça.,,,DRAFT,true,,,NON_TESTE,
PROVISIONAL_FRM_INTENT_02,,Dida,a-confirmer,"Non précisée — choisir avant rédaction : Lakota [dic], Yocoboué [gud], Guébie [gie] ou Neyo [ney].",FINANCIAL_PRIORITY_INTENT,Demande du montant encore dû par une cliente.,CRITICAL,Combien elle doit ?,Elle doit combien ?,,,DRAFT,true,,,NON_TESTE,
PROVISIONAL_FRM_INTENT_03,,Dida,a-confirmer,"Non précisée — choisir avant rédaction : Lakota [dic], Yocoboué [gud], Guébie [gie] ou Neyo [ney].",FINANCIAL_PRIORITY_INTENT,Accord oral avant une validation; la confirmation métier reste distincte.,CRITICAL,"Oui, valide.","Oui, tu peux valider.",,,DRAFT,true,,,NON_TESTE,
PROVISIONAL_FRM_INTENT_04,,Dida,a-confirmer,"Non précisée — choisir avant rédaction : Lakota [dic], Yocoboué [gud], Guébie [gie] ou Neyo [ney].",FINANCIAL_PRIORITY_INTENT,Refus ou demande d’annulation avant confirmation métier.,CRITICAL,Non / annule.,"Non, annule.",,,DRAFT,true,,,NON_TESTE,
PROVISIONAL_FRM_INTENT_05,,Dida,a-confirmer,"Non précisée — choisir avant rédaction : Lakota [dic], Yocoboué [gud], Guébie [gie] ou Neyo [ney].",FINANCIAL_PRIORITY_INTENT,Annonce d’un montant manquant dans le paiement.,CRITICAL,Il manque {montant} francs.,Il manque {montant} francs.,,,DRAFT,true,,,NON_TESTE,
PROVISIONAL_FRM_INTENT_06,,Dida,a-confirmer,"Non précisée — choisir avant rédaction : Lakota [dic], Yocoboué [gud], Guébie [gie] ou Neyo [ney].",FINANCIAL_PRIORITY_INTENT,Demande de vérifier le calcul ou le compte avant la suite.,CRITICAL,Compte juste.,Vérifie bien le compte.,,,DRAFT,true,,,NON_TESTE,
PROVISIONAL_FRM_INTENT_07,,Dida,a-confirmer,"Non précisée — choisir avant rédaction : Lakota [dic], Yocoboué [gud], Guébie [gie] ou Neyo [ney].",FINANCIAL_PRIORITY_INTENT,Annonce du montant effectivement remis par la cliente.,CRITICAL,Elle a donné {recu} francs.,Elle a donné {recu} francs.,,,DRAFT,true,,,NON_TESTE,
PROVISIONAL_FRM_INTENT_08,,Dida,a-confirmer,"Non précisée — choisir avant rédaction : Lakota [dic], Yocoboué [gud], Guébie [gie] ou Neyo [ney].",FINANCIAL_PRIORITY_INTENT,Annonce de la monnaie à rendre à la cliente.,CRITICAL,Tu rends {monnaie} francs.,Tu lui rends {monnaie} francs.,,,DRAFT,true,,,NON_TESTE,
PROVISIONAL_FRM_INTENT_09,,Dida,a-confirmer,"Non précisée — choisir avant rédaction : Lakota [dic], Yocoboué [gud], Guébie [gie] ou Neyo [ney].",FINANCIAL_PRIORITY_INTENT,Annonce du total dû par la cliente.,CRITICAL,Elle doit {total} francs.,Elle doit {total} francs.,,,DRAFT,true,,,NON_TESTE,
PROVISIONAL_FRM_INTENT_10,,Dida,a-confirmer,"Non précisée — choisir avant rédaction : Lakota [dic], Yocoboué [gud], Guébie [gie] ou Neyo [ney].",FINANCIAL_PRIORITY_INTENT,Demande orale de validation avant l’action métier.,CRITICAL,Je valide ?,Je valide ça ?,,,DRAFT,true,,,NON_TESTE,
PROVISIONAL_FRM_INTENT_11,,Dida,a-confirmer,"Non précisée — choisir avant rédaction : Lakota [dic], Yocoboué [gud], Guébie [gie] ou Neyo [ney].",FINANCIAL_PRIORITY_INTENT,Question sur le prix d’un seul article.,HIGH,Prix d’un seul.,"Un seul, c’est combien ?",,,DRAFT,true,,,NON_TESTE,
PROVISIONAL_FRM_INTENT_12,,Dida,a-confirmer,"Non précisée — choisir avant rédaction : Lakota [dic], Yocoboué [gud], Guébie [gie] ou Neyo [ney].",FINANCIAL_PRIORITY_INTENT,Question sur le prix total de l’ensemble présenté.,HIGH,Prix du tout.,"Tout ça, c’est combien ?",,,DRAFT,true,,,NON_TESTE,
PROVISIONAL_FRM_INTENT_13,,Dida,a-confirmer,"Non précisée — choisir avant rédaction : Lakota [dic], Yocoboué [gud], Guébie [gie] ou Neyo [ney].",FINANCIAL_PRIORITY_INTENT,Question générale sur le montant à payer ou le total.,HIGH,Combien ?,Ça fait combien ?,,,DRAFT,true,,,NON_TESTE,
PROVISIONAL_FRM_INTENT_14,,Dida,a-confirmer,"Non précisée — choisir avant rédaction : Lakota [dic], Yocoboué [gud], Guébie [gie] ou Neyo [ney].",FINANCIAL_PRIORITY_INTENT,Question sur le prix d’un produit ou d’une quantité montrée.,HIGH,C’est à combien ?,C’est à combien ?,,,DRAFT,true,,,NON_TESTE,
PROVISIONAL_FRM_INTENT_15,,Dida,a-confirmer,"Non précisée — choisir avant rédaction : Lakota [dic], Yocoboué [gud], Guébie [gie] ou Neyo [ney].",FINANCIAL_PRIORITY_INTENT,Question ouverte sur le produit ou l’article vendu.,LOW,Tu as vendu quoi ?,Tu as vendu quoi ?,,,DRAFT,true,,,NON_TESTE,
PROVISIONAL_FRM_NUMBER_000,,Dida,a-confirmer,"Non précisée — choisir avant rédaction : Lakota [dic], Yocoboué [gud], Guébie [gie] ou Neyo [ney].",NUMBER_0_100,Lecture isolée d’un nombre pour une quantité ou un montant; l’unité et le contexte doivent être ajoutés.,MEDIUM,zéro,zéro,,,DRAFT,true,,,NON_TESTE,
PROVISIONAL_FRM_NUMBER_001,,Dida,a-confirmer,"Non précisée — choisir avant rédaction : Lakota [dic], Yocoboué [gud], Guébie [gie] ou Neyo [ney].",NUMBER_0_100,Lecture isolée d’un nombre pour une quantité ou un montant; l’unité et le contexte doivent être ajoutés.,MEDIUM,un,un,,,DRAFT,true,,,NON_TESTE,
PROVISIONAL_FRM_NUMBER_002,,Dida,a-confirmer,"Non précisée — choisir avant rédaction : Lakota [dic], Yocoboué [gud], Guébie [gie] ou Neyo [ney].",NUMBER_0_100,Lecture isolée d’un nombre pour une quantité ou un montant; l’unité et le contexte doivent être ajoutés.,MEDIUM,deux,deux,,,DRAFT,true,,,NON_TESTE,
PROVISIONAL_FRM_NUMBER_003,,Dida,a-confirmer,"Non précisée — choisir avant rédaction : Lakota [dic], Yocoboué [gud], Guébie [gie] ou Neyo [ney].",NUMBER_0_100,Lecture isolée d’un nombre pour une quantité ou un montant; l’unité et le contexte doivent être ajoutés.,MEDIUM,trois,trois,,,DRAFT,true,,,NON_TESTE,
PROVISIONAL_FRM_NUMBER_004,,Dida,a-confirmer,"Non précisée — choisir avant rédaction : Lakota [dic], Yocoboué [gud], Guébie [gie] ou Neyo [ney].",NUMBER_0_100,Lecture isolée d’un nombre pour une quantité ou un montant; l’unité et le contexte doivent être ajoutés.,MEDIUM,quatre,quatre,,,DRAFT,true,,,NON_TESTE,
PROVISIONAL_FRM_NUMBER_005,,Dida,a-confirmer,"Non précisée — choisir avant rédaction : Lakota [dic], Yocoboué [gud], Guébie [gie] ou Neyo [ney].",NUMBER_0_100,Lecture isolée d’un nombre pour une quantité ou un montant; l’unité et le contexte doivent être ajoutés.,MEDIUM,cinq,cinq,,,DRAFT,true,,,NON_TESTE,
PROVISIONAL_FRM_NUMBER_006,,Dida,a-confirmer,"Non précisée — choisir avant rédaction : Lakota [dic], Yocoboué [gud], Guébie [gie] ou Neyo [ney].",NUMBER_0_100,Lecture isolée d’un nombre pour une quantité ou un montant; l’unité et le contexte doivent être ajoutés.,MEDIUM,six,six,,,DRAFT,true,,,NON_TESTE,
PROVISIONAL_FRM_NUMBER_007,,Dida,a-confirmer,"Non précisée — choisir avant rédaction : Lakota [dic], Yocoboué [gud], Guébie [gie] ou Neyo [ney].",NUMBER_0_100,Lecture isolée d’un nombre pour une quantité ou un montant; l’unité et le contexte doivent être ajoutés.,MEDIUM,sept,sept,,,DRAFT,true,,,NON_TESTE,
PROVISIONAL_FRM_NUMBER_008,,Dida,a-confirmer,"Non précisée — choisir avant rédaction : Lakota [dic], Yocoboué [gud], Guébie [gie] ou Neyo [ney].",NUMBER_0_100,Lecture isolée d’un nombre pour une quantité ou un montant; l’unité et le contexte doivent être ajoutés.,MEDIUM,huit,huit,,,DRAFT,true,,,NON_TESTE,
PROVISIONAL_FRM_NUMBER_009,,Dida,a-confirmer,"Non précisée — choisir avant rédaction : Lakota [dic], Yocoboué [gud], Guébie [gie] ou Neyo [ney].",NUMBER_0_100,Lecture isolée d’un nombre pour une quantité ou un montant; l’unité et le contexte doivent être ajoutés.,MEDIUM,neuf,neuf,,,DRAFT,true,,,NON_TESTE,
PROVISIONAL_FRM_NUMBER_010,,Dida,a-confirmer,"Non précisée — choisir avant rédaction : Lakota [dic], Yocoboué [gud], Guébie [gie] ou Neyo [ney].",NUMBER_0_100,Lecture isolée d’un nombre pour une quantité ou un montant; l’unité et le contexte doivent être ajoutés.,MEDIUM,dix,dix,,,DRAFT,true,,,NON_TESTE,
PROVISIONAL_FRM_NUMBER_011,,Dida,a-confirmer,"Non précisée — choisir avant rédaction : Lakota [dic], Yocoboué [gud], Guébie [gie] ou Neyo [ney].",NUMBER_0_100,Lecture isolée d’un nombre pour une quantité ou un montant; l’unité et le contexte doivent être ajoutés.,MEDIUM,onze,onze,,,DRAFT,true,,,NON_TESTE,
PROVISIONAL_FRM_NUMBER_012,,Dida,a-confirmer,"Non précisée — choisir avant rédaction : Lakota [dic], Yocoboué [gud], Guébie [gie] ou Neyo [ney].",NUMBER_0_100,Lecture isolée d’un nombre pour une quantité ou un montant; l’unité et le contexte doivent être ajoutés.,MEDIUM,douze,douze,,,DRAFT,true,,,NON_TESTE,
PROVISIONAL_FRM_NUMBER_013,,Dida,a-confirmer,"Non précisée — choisir avant rédaction : Lakota [dic], Yocoboué [gud], Guébie [gie] ou Neyo [ney].",NUMBER_0_100,Lecture isolée d’un nombre pour une quantité ou un montant; l’unité et le contexte doivent être ajoutés.,MEDIUM,treize,treize,,,DRAFT,true,,,NON_TESTE,
PROVISIONAL_FRM_NUMBER_014,,Dida,a-confirmer,"Non précisée — choisir avant rédaction : Lakota [dic], Yocoboué [gud], Guébie [gie] ou Neyo [ney].",NUMBER_0_100,Lecture isolée d’un nombre pour une quantité ou un montant; l’unité et le contexte doivent être ajoutés.,MEDIUM,quatorze,quatorze,,,DRAFT,true,,,NON_TESTE,
PROVISIONAL_FRM_NUMBER_015,,Dida,a-confirmer,"Non précisée — choisir avant rédaction : Lakota [dic], Yocoboué [gud], Guébie [gie] ou Neyo [ney].",NUMBER_0_100,Lecture isolée d’un nombre pour une quantité ou un montant; l’unité et le contexte doivent être ajoutés.,MEDIUM,quinze,quinze,,,DRAFT,true,,,NON_TESTE,
PROVISIONAL_FRM_NUMBER_016,,Dida,a-confirmer,"Non précisée — choisir avant rédaction : Lakota [dic], Yocoboué [gud], Guébie [gie] ou Neyo [ney].",NUMBER_0_100,Lecture isolée d’un nombre pour une quantité ou un montant; l’unité et le contexte doivent être ajoutés.,MEDIUM,seize,seize,,,DRAFT,true,,,NON_TESTE,
PROVISIONAL_FRM_NUMBER_017,,Dida,a-confirmer,"Non précisée — choisir avant rédaction : Lakota [dic], Yocoboué [gud], Guébie [gie] ou Neyo [ney].",NUMBER_0_100,Lecture isolée d’un nombre pour une quantité ou un montant; l’unité et le contexte doivent être ajoutés.,MEDIUM,dix-sept,dix-sept,,,DRAFT,true,,,NON_TESTE,
PROVISIONAL_FRM_NUMBER_018,,Dida,a-confirmer,"Non précisée — choisir avant rédaction : Lakota [dic], Yocoboué [gud], Guébie [gie] ou Neyo [ney].",NUMBER_0_100,Lecture isolée d’un nombre pour une quantité ou un montant; l’unité et le contexte doivent être ajoutés.,MEDIUM,dix-huit,dix-huit,,,DRAFT,true,,,NON_TESTE,
PROVISIONAL_FRM_NUMBER_019,,Dida,a-confirmer,"Non précisée — choisir avant rédaction : Lakota [dic], Yocoboué [gud], Guébie [gie] ou Neyo [ney].",NUMBER_0_100,Lecture isolée d’un nombre pour une quantité ou un montant; l’unité et le contexte doivent être ajoutés.,MEDIUM,dix-neuf,dix-neuf,,,DRAFT,true,,,NON_TESTE,
PROVISIONAL_FRM_NUMBER_020,,Dida,a-confirmer,"Non précisée — choisir avant rédaction : Lakota [dic], Yocoboué [gud], Guébie [gie] ou Neyo [ney].",NUMBER_0_100,Lecture isolée d’un nombre pour une quantité ou un montant; l’unité et le contexte doivent être ajoutés.,MEDIUM,vingt,vingt,,,DRAFT,true,,,NON_TESTE,
PROVISIONAL_FRM_NUMBER_021,,Dida,a-confirmer,"Non précisée — choisir avant rédaction : Lakota [dic], Yocoboué [gud], Guébie [gie] ou Neyo [ney].",NUMBER_0_100,Lecture isolée d’un nombre pour une quantité ou un montant; l’unité et le contexte doivent être ajoutés.,MEDIUM,vingt et un,vingt et un,,,DRAFT,true,,,NON_TESTE,
PROVISIONAL_FRM_NUMBER_022,,Dida,a-confirmer,"Non précisée — choisir avant rédaction : Lakota [dic], Yocoboué [gud], Guébie [gie] ou Neyo [ney].",NUMBER_0_100,Lecture isolée d’un nombre pour une quantité ou un montant; l’unité et le contexte doivent être ajoutés.,MEDIUM,vingt-deux,vingt-deux,,,DRAFT,true,,,NON_TESTE,
PROVISIONAL_FRM_NUMBER_023,,Dida,a-confirmer,"Non précisée — choisir avant rédaction : Lakota [dic], Yocoboué [gud], Guébie [gie] ou Neyo [ney].",NUMBER_0_100,Lecture isolée d’un nombre pour une quantité ou un montant; l’unité et le contexte doivent être ajoutés.,MEDIUM,vingt-trois,vingt-trois,,,DRAFT,true,,,NON_TESTE,
PROVISIONAL_FRM_NUMBER_024,,Dida,a-confirmer,"Non précisée — choisir avant rédaction : Lakota [dic], Yocoboué [gud], Guébie [gie] ou Neyo [ney].",NUMBER_0_100,Lecture isolée d’un nombre pour une quantité ou un montant; l’unité et le contexte doivent être ajoutés.,MEDIUM,vingt-quatre,vingt-quatre,,,DRAFT,true,,,NON_TESTE,
PROVISIONAL_FRM_NUMBER_025,,Dida,a-confirmer,"Non précisée — choisir avant rédaction : Lakota [dic], Yocoboué [gud], Guébie [gie] ou Neyo [ney].",NUMBER_0_100,Lecture isolée d’un nombre pour une quantité ou un montant; l’unité et le contexte doivent être ajoutés.,MEDIUM,vingt-cinq,vingt-cinq,,,DRAFT,true,,,NON_TESTE,
PROVISIONAL_FRM_NUMBER_026,,Dida,a-confirmer,"Non précisée — choisir avant rédaction : Lakota [dic], Yocoboué [gud], Guébie [gie] ou Neyo [ney].",NUMBER_0_100,Lecture isolée d’un nombre pour une quantité ou un montant; l’unité et le contexte doivent être ajoutés.,MEDIUM,vingt-six,vingt-six,,,DRAFT,true,,,NON_TESTE,
PROVISIONAL_FRM_NUMBER_027,,Dida,a-confirmer,"Non précisée — choisir avant rédaction : Lakota [dic], Yocoboué [gud], Guébie [gie] ou Neyo [ney].",NUMBER_0_100,Lecture isolée d’un nombre pour une quantité ou un montant; l’unité et le contexte doivent être ajoutés.,MEDIUM,vingt-sept,vingt-sept,,,DRAFT,true,,,NON_TESTE,
PROVISIONAL_FRM_NUMBER_028,,Dida,a-confirmer,"Non précisée — choisir avant rédaction : Lakota [dic], Yocoboué [gud], Guébie [gie] ou Neyo [ney].",NUMBER_0_100,Lecture isolée d’un nombre pour une quantité ou un montant; l’unité et le contexte doivent être ajoutés.,MEDIUM,vingt-huit,vingt-huit,,,DRAFT,true,,,NON_TESTE,
PROVISIONAL_FRM_NUMBER_029,,Dida,a-confirmer,"Non précisée — choisir avant rédaction : Lakota [dic], Yocoboué [gud], Guébie [gie] ou Neyo [ney].",NUMBER_0_100,Lecture isolée d’un nombre pour une quantité ou un montant; l’unité et le contexte doivent être ajoutés.,MEDIUM,vingt-neuf,vingt-neuf,,,DRAFT,true,,,NON_TESTE,
PROVISIONAL_FRM_NUMBER_030,,Dida,a-confirmer,"Non précisée — choisir avant rédaction : Lakota [dic], Yocoboué [gud], Guébie [gie] ou Neyo [ney].",NUMBER_0_100,Lecture isolée d’un nombre pour une quantité ou un montant; l’unité et le contexte doivent être ajoutés.,MEDIUM,trente,trente,,,DRAFT,true,,,NON_TESTE,
PROVISIONAL_FRM_NUMBER_031,,Dida,a-confirmer,"Non précisée — choisir avant rédaction : Lakota [dic], Yocoboué [gud], Guébie [gie] ou Neyo [ney].",NUMBER_0_100,Lecture isolée d’un nombre pour une quantité ou un montant; l’unité et le contexte doivent être ajoutés.,MEDIUM,trente et un,trente et un,,,DRAFT,true,,,NON_TESTE,
PROVISIONAL_FRM_NUMBER_032,,Dida,a-confirmer,"Non précisée — choisir avant rédaction : Lakota [dic], Yocoboué [gud], Guébie [gie] ou Neyo [ney].",NUMBER_0_100,Lecture isolée d’un nombre pour une quantité ou un montant; l’unité et le contexte doivent être ajoutés.,MEDIUM,trente-deux,trente-deux,,,DRAFT,true,,,NON_TESTE,
PROVISIONAL_FRM_NUMBER_033,,Dida,a-confirmer,"Non précisée — choisir avant rédaction : Lakota [dic], Yocoboué [gud], Guébie [gie] ou Neyo [ney].",NUMBER_0_100,Lecture isolée d’un nombre pour une quantité ou un montant; l’unité et le contexte doivent être ajoutés.,MEDIUM,trente-trois,trente-trois,,,DRAFT,true,,,NON_TESTE,
PROVISIONAL_FRM_NUMBER_034,,Dida,a-confirmer,"Non précisée — choisir avant rédaction : Lakota [dic], Yocoboué [gud], Guébie [gie] ou Neyo [ney].",NUMBER_0_100,Lecture isolée d’un nombre pour une quantité ou un montant; l’unité et le contexte doivent être ajoutés.,MEDIUM,trente-quatre,trente-quatre,,,DRAFT,true,,,NON_TESTE,
PROVISIONAL_FRM_NUMBER_035,,Dida,a-confirmer,"Non précisée — choisir avant rédaction : Lakota [dic], Yocoboué [gud], Guébie [gie] ou Neyo [ney].",NUMBER_0_100,Lecture isolée d’un nombre pour une quantité ou un montant; l’unité et le contexte doivent être ajoutés.,MEDIUM,trente-cinq,trente-cinq,,,DRAFT,true,,,NON_TESTE,
PROVISIONAL_FRM_NUMBER_036,,Dida,a-confirmer,"Non précisée — choisir avant rédaction : Lakota [dic], Yocoboué [gud], Guébie [gie] ou Neyo [ney].",NUMBER_0_100,Lecture isolée d’un nombre pour une quantité ou un montant; l’unité et le contexte doivent être ajoutés.,MEDIUM,trente-six,trente-six,,,DRAFT,true,,,NON_TESTE,
PROVISIONAL_FRM_NUMBER_037,,Dida,a-confirmer,"Non précisée — choisir avant rédaction : Lakota [dic], Yocoboué [gud], Guébie [gie] ou Neyo [ney].",NUMBER_0_100,Lecture isolée d’un nombre pour une quantité ou un montant; l’unité et le contexte doivent être ajoutés.,MEDIUM,trente-sept,trente-sept,,,DRAFT,true,,,NON_TESTE,
PROVISIONAL_FRM_NUMBER_038,,Dida,a-confirmer,"Non précisée — choisir avant rédaction : Lakota [dic], Yocoboué [gud], Guébie [gie] ou Neyo [ney].",NUMBER_0_100,Lecture isolée d’un nombre pour une quantité ou un montant; l’unité et le contexte doivent être ajoutés.,MEDIUM,trente-huit,trente-huit,,,DRAFT,true,,,NON_TESTE,
PROVISIONAL_FRM_NUMBER_039,,Dida,a-confirmer,"Non précisée — choisir avant rédaction : Lakota [dic], Yocoboué [gud], Guébie [gie] ou Neyo [ney].",NUMBER_0_100,Lecture isolée d’un nombre pour une quantité ou un montant; l’unité et le contexte doivent être ajoutés.,MEDIUM,trente-neuf,trente-neuf,,,DRAFT,true,,,NON_TESTE,
PROVISIONAL_FRM_NUMBER_040,,Dida,a-confirmer,"Non précisée — choisir avant rédaction : Lakota [dic], Yocoboué [gud], Guébie [gie] ou Neyo [ney].",NUMBER_0_100,Lecture isolée d’un nombre pour une quantité ou un montant; l’unité et le contexte doivent être ajoutés.,MEDIUM,quarante,quarante,,,DRAFT,true,,,NON_TESTE,
PROVISIONAL_FRM_NUMBER_041,,Dida,a-confirmer,"Non précisée — choisir avant rédaction : Lakota [dic], Yocoboué [gud], Guébie [gie] ou Neyo [ney].",NUMBER_0_100,Lecture isolée d’un nombre pour une quantité ou un montant; l’unité et le contexte doivent être ajoutés.,MEDIUM,quarante et un,quarante et un,,,DRAFT,true,,,NON_TESTE,
PROVISIONAL_FRM_NUMBER_042,,Dida,a-confirmer,"Non précisée — choisir avant rédaction : Lakota [dic], Yocoboué [gud], Guébie [gie] ou Neyo [ney].",NUMBER_0_100,Lecture isolée d’un nombre pour une quantité ou un montant; l’unité et le contexte doivent être ajoutés.,MEDIUM,quarante-deux,quarante-deux,,,DRAFT,true,,,NON_TESTE,
PROVISIONAL_FRM_NUMBER_043,,Dida,a-confirmer,"Non précisée — choisir avant rédaction : Lakota [dic], Yocoboué [gud], Guébie [gie] ou Neyo [ney].",NUMBER_0_100,Lecture isolée d’un nombre pour une quantité ou un montant; l’unité et le contexte doivent être ajoutés.,MEDIUM,quarante-trois,quarante-trois,,,DRAFT,true,,,NON_TESTE,
PROVISIONAL_FRM_NUMBER_044,,Dida,a-confirmer,"Non précisée — choisir avant rédaction : Lakota [dic], Yocoboué [gud], Guébie [gie] ou Neyo [ney].",NUMBER_0_100,Lecture isolée d’un nombre pour une quantité ou un montant; l’unité et le contexte doivent être ajoutés.,MEDIUM,quarante-quatre,quarante-quatre,,,DRAFT,true,,,NON_TESTE,
PROVISIONAL_FRM_NUMBER_045,,Dida,a-confirmer,"Non précisée — choisir avant rédaction : Lakota [dic], Yocoboué [gud], Guébie [gie] ou Neyo [ney].",NUMBER_0_100,Lecture isolée d’un nombre pour une quantité ou un montant; l’unité et le contexte doivent être ajoutés.,MEDIUM,quarante-cinq,quarante-cinq,,,DRAFT,true,,,NON_TESTE,
PROVISIONAL_FRM_NUMBER_046,,Dida,a-confirmer,"Non précisée — choisir avant rédaction : Lakota [dic], Yocoboué [gud], Guébie [gie] ou Neyo [ney].",NUMBER_0_100,Lecture isolée d’un nombre pour une quantité ou un montant; l’unité et le contexte doivent être ajoutés.,MEDIUM,quarante-six,quarante-six,,,DRAFT,true,,,NON_TESTE,
PROVISIONAL_FRM_NUMBER_047,,Dida,a-confirmer,"Non précisée — choisir avant rédaction : Lakota [dic], Yocoboué [gud], Guébie [gie] ou Neyo [ney].",NUMBER_0_100,Lecture isolée d’un nombre pour une quantité ou un montant; l’unité et le contexte doivent être ajoutés.,MEDIUM,quarante-sept,quarante-sept,,,DRAFT,true,,,NON_TESTE,
PROVISIONAL_FRM_NUMBER_048,,Dida,a-confirmer,"Non précisée — choisir avant rédaction : Lakota [dic], Yocoboué [gud], Guébie [gie] ou Neyo [ney].",NUMBER_0_100,Lecture isolée d’un nombre pour une quantité ou un montant; l’unité et le contexte doivent être ajoutés.,MEDIUM,quarante-huit,quarante-huit,,,DRAFT,true,,,NON_TESTE,
PROVISIONAL_FRM_NUMBER_049,,Dida,a-confirmer,"Non précisée — choisir avant rédaction : Lakota [dic], Yocoboué [gud], Guébie [gie] ou Neyo [ney].",NUMBER_0_100,Lecture isolée d’un nombre pour une quantité ou un montant; l’unité et le contexte doivent être ajoutés.,MEDIUM,quarante-neuf,quarante-neuf,,,DRAFT,true,,,NON_TESTE,
PROVISIONAL_FRM_NUMBER_050,,Dida,a-confirmer,"Non précisée — choisir avant rédaction : Lakota [dic], Yocoboué [gud], Guébie [gie] ou Neyo [ney].",NUMBER_0_100,Lecture isolée d’un nombre pour une quantité ou un montant; l’unité et le contexte doivent être ajoutés.,MEDIUM,cinquante,cinquante,,,DRAFT,true,,,NON_TESTE,
PROVISIONAL_FRM_NUMBER_051,,Dida,a-confirmer,"Non précisée — choisir avant rédaction : Lakota [dic], Yocoboué [gud], Guébie [gie] ou Neyo [ney].",NUMBER_0_100,Lecture isolée d’un nombre pour une quantité ou un montant; l’unité et le contexte doivent être ajoutés.,MEDIUM,cinquante et un,cinquante et un,,,DRAFT,true,,,NON_TESTE,
PROVISIONAL_FRM_NUMBER_052,,Dida,a-confirmer,"Non précisée — choisir avant rédaction : Lakota [dic], Yocoboué [gud], Guébie [gie] ou Neyo [ney].",NUMBER_0_100,Lecture isolée d’un nombre pour une quantité ou un montant; l’unité et le contexte doivent être ajoutés.,MEDIUM,cinquante-deux,cinquante-deux,,,DRAFT,true,,,NON_TESTE,
PROVISIONAL_FRM_NUMBER_053,,Dida,a-confirmer,"Non précisée — choisir avant rédaction : Lakota [dic], Yocoboué [gud], Guébie [gie] ou Neyo [ney].",NUMBER_0_100,Lecture isolée d’un nombre pour une quantité ou un montant; l’unité et le contexte doivent être ajoutés.,MEDIUM,cinquante-trois,cinquante-trois,,,DRAFT,true,,,NON_TESTE,
PROVISIONAL_FRM_NUMBER_054,,Dida,a-confirmer,"Non précisée — choisir avant rédaction : Lakota [dic], Yocoboué [gud], Guébie [gie] ou Neyo [ney].",NUMBER_0_100,Lecture isolée d’un nombre pour une quantité ou un montant; l’unité et le contexte doivent être ajoutés.,MEDIUM,cinquante-quatre,cinquante-quatre,,,DRAFT,true,,,NON_TESTE,
PROVISIONAL_FRM_NUMBER_055,,Dida,a-confirmer,"Non précisée — choisir avant rédaction : Lakota [dic], Yocoboué [gud], Guébie [gie] ou Neyo [ney].",NUMBER_0_100,Lecture isolée d’un nombre pour une quantité ou un montant; l’unité et le contexte doivent être ajoutés.,MEDIUM,cinquante-cinq,cinquante-cinq,,,DRAFT,true,,,NON_TESTE,
PROVISIONAL_FRM_NUMBER_056,,Dida,a-confirmer,"Non précisée — choisir avant rédaction : Lakota [dic], Yocoboué [gud], Guébie [gie] ou Neyo [ney].",NUMBER_0_100,Lecture isolée d’un nombre pour une quantité ou un montant; l’unité et le contexte doivent être ajoutés.,MEDIUM,cinquante-six,cinquante-six,,,DRAFT,true,,,NON_TESTE,
PROVISIONAL_FRM_NUMBER_057,,Dida,a-confirmer,"Non précisée — choisir avant rédaction : Lakota [dic], Yocoboué [gud], Guébie [gie] ou Neyo [ney].",NUMBER_0_100,Lecture isolée d’un nombre pour une quantité ou un montant; l’unité et le contexte doivent être ajoutés.,MEDIUM,cinquante-sept,cinquante-sept,,,DRAFT,true,,,NON_TESTE,
PROVISIONAL_FRM_NUMBER_058,,Dida,a-confirmer,"Non précisée — choisir avant rédaction : Lakota [dic], Yocoboué [gud], Guébie [gie] ou Neyo [ney].",NUMBER_0_100,Lecture isolée d’un nombre pour une quantité ou un montant; l’unité et le contexte doivent être ajoutés.,MEDIUM,cinquante-huit,cinquante-huit,,,DRAFT,true,,,NON_TESTE,
PROVISIONAL_FRM_NUMBER_059,,Dida,a-confirmer,"Non précisée — choisir avant rédaction : Lakota [dic], Yocoboué [gud], Guébie [gie] ou Neyo [ney].",NUMBER_0_100,Lecture isolée d’un nombre pour une quantité ou un montant; l’unité et le contexte doivent être ajoutés.,MEDIUM,cinquante-neuf,cinquante-neuf,,,DRAFT,true,,,NON_TESTE,
PROVISIONAL_FRM_NUMBER_060,,Dida,a-confirmer,"Non précisée — choisir avant rédaction : Lakota [dic], Yocoboué [gud], Guébie [gie] ou Neyo [ney].",NUMBER_0_100,Lecture isolée d’un nombre pour une quantité ou un montant; l’unité et le contexte doivent être ajoutés.,MEDIUM,soixante,soixante,,,DRAFT,true,,,NON_TESTE,
PROVISIONAL_FRM_NUMBER_061,,Dida,a-confirmer,"Non précisée — choisir avant rédaction : Lakota [dic], Yocoboué [gud], Guébie [gie] ou Neyo [ney].",NUMBER_0_100,Lecture isolée d’un nombre pour une quantité ou un montant; l’unité et le contexte doivent être ajoutés.,MEDIUM,soixante et un,soixante et un,,,DRAFT,true,,,NON_TESTE,
PROVISIONAL_FRM_NUMBER_062,,Dida,a-confirmer,"Non précisée — choisir avant rédaction : Lakota [dic], Yocoboué [gud], Guébie [gie] ou Neyo [ney].",NUMBER_0_100,Lecture isolée d’un nombre pour une quantité ou un montant; l’unité et le contexte doivent être ajoutés.,MEDIUM,soixante-deux,soixante-deux,,,DRAFT,true,,,NON_TESTE,
PROVISIONAL_FRM_NUMBER_063,,Dida,a-confirmer,"Non précisée — choisir avant rédaction : Lakota [dic], Yocoboué [gud], Guébie [gie] ou Neyo [ney].",NUMBER_0_100,Lecture isolée d’un nombre pour une quantité ou un montant; l’unité et le contexte doivent être ajoutés.,MEDIUM,soixante-trois,soixante-trois,,,DRAFT,true,,,NON_TESTE,
PROVISIONAL_FRM_NUMBER_064,,Dida,a-confirmer,"Non précisée — choisir avant rédaction : Lakota [dic], Yocoboué [gud], Guébie [gie] ou Neyo [ney].",NUMBER_0_100,Lecture isolée d’un nombre pour une quantité ou un montant; l’unité et le contexte doivent être ajoutés.,MEDIUM,soixante-quatre,soixante-quatre,,,DRAFT,true,,,NON_TESTE,
PROVISIONAL_FRM_NUMBER_065,,Dida,a-confirmer,"Non précisée — choisir avant rédaction : Lakota [dic], Yocoboué [gud], Guébie [gie] ou Neyo [ney].",NUMBER_0_100,Lecture isolée d’un nombre pour une quantité ou un montant; l’unité et le contexte doivent être ajoutés.,MEDIUM,soixante-cinq,soixante-cinq,,,DRAFT,true,,,NON_TESTE,
PROVISIONAL_FRM_NUMBER_066,,Dida,a-confirmer,"Non précisée — choisir avant rédaction : Lakota [dic], Yocoboué [gud], Guébie [gie] ou Neyo [ney].",NUMBER_0_100,Lecture isolée d’un nombre pour une quantité ou un montant; l’unité et le contexte doivent être ajoutés.,MEDIUM,soixante-six,soixante-six,,,DRAFT,true,,,NON_TESTE,
PROVISIONAL_FRM_NUMBER_067,,Dida,a-confirmer,"Non précisée — choisir avant rédaction : Lakota [dic], Yocoboué [gud], Guébie [gie] ou Neyo [ney].",NUMBER_0_100,Lecture isolée d’un nombre pour une quantité ou un montant; l’unité et le contexte doivent être ajoutés.,MEDIUM,soixante-sept,soixante-sept,,,DRAFT,true,,,NON_TESTE,
PROVISIONAL_FRM_NUMBER_068,,Dida,a-confirmer,"Non précisée — choisir avant rédaction : Lakota [dic], Yocoboué [gud], Guébie [gie] ou Neyo [ney].",NUMBER_0_100,Lecture isolée d’un nombre pour une quantité ou un montant; l’unité et le contexte doivent être ajoutés.,MEDIUM,soixante-huit,soixante-huit,,,DRAFT,true,,,NON_TESTE,
PROVISIONAL_FRM_NUMBER_069,,Dida,a-confirmer,"Non précisée — choisir avant rédaction : Lakota [dic], Yocoboué [gud], Guébie [gie] ou Neyo [ney].",NUMBER_0_100,Lecture isolée d’un nombre pour une quantité ou un montant; l’unité et le contexte doivent être ajoutés.,MEDIUM,soixante-neuf,soixante-neuf,,,DRAFT,true,,,NON_TESTE,
PROVISIONAL_FRM_NUMBER_070,,Dida,a-confirmer,"Non précisée — choisir avant rédaction : Lakota [dic], Yocoboué [gud], Guébie [gie] ou Neyo [ney].",NUMBER_0_100,Lecture isolée d’un nombre pour une quantité ou un montant; l’unité et le contexte doivent être ajoutés.,MEDIUM,soixante-dix,soixante-dix,,,DRAFT,true,,,NON_TESTE,
PROVISIONAL_FRM_NUMBER_071,,Dida,a-confirmer,"Non précisée — choisir avant rédaction : Lakota [dic], Yocoboué [gud], Guébie [gie] ou Neyo [ney].",NUMBER_0_100,Lecture isolée d’un nombre pour une quantité ou un montant; l’unité et le contexte doivent être ajoutés.,MEDIUM,soixante et onze,soixante et onze,,,DRAFT,true,,,NON_TESTE,
PROVISIONAL_FRM_NUMBER_072,,Dida,a-confirmer,"Non précisée — choisir avant rédaction : Lakota [dic], Yocoboué [gud], Guébie [gie] ou Neyo [ney].",NUMBER_0_100,Lecture isolée d’un nombre pour une quantité ou un montant; l’unité et le contexte doivent être ajoutés.,MEDIUM,soixante-douze,soixante-douze,,,DRAFT,true,,,NON_TESTE,
PROVISIONAL_FRM_NUMBER_073,,Dida,a-confirmer,"Non précisée — choisir avant rédaction : Lakota [dic], Yocoboué [gud], Guébie [gie] ou Neyo [ney].",NUMBER_0_100,Lecture isolée d’un nombre pour une quantité ou un montant; l’unité et le contexte doivent être ajoutés.,MEDIUM,soixante-treize,soixante-treize,,,DRAFT,true,,,NON_TESTE,
PROVISIONAL_FRM_NUMBER_074,,Dida,a-confirmer,"Non précisée — choisir avant rédaction : Lakota [dic], Yocoboué [gud], Guébie [gie] ou Neyo [ney].",NUMBER_0_100,Lecture isolée d’un nombre pour une quantité ou un montant; l’unité et le contexte doivent être ajoutés.,MEDIUM,soixante-quatorze,soixante-quatorze,,,DRAFT,true,,,NON_TESTE,
PROVISIONAL_FRM_NUMBER_075,,Dida,a-confirmer,"Non précisée — choisir avant rédaction : Lakota [dic], Yocoboué [gud], Guébie [gie] ou Neyo [ney].",NUMBER_0_100,Lecture isolée d’un nombre pour une quantité ou un montant; l’unité et le contexte doivent être ajoutés.,MEDIUM,soixante-quinze,soixante-quinze,,,DRAFT,true,,,NON_TESTE,
PROVISIONAL_FRM_NUMBER_076,,Dida,a-confirmer,"Non précisée — choisir avant rédaction : Lakota [dic], Yocoboué [gud], Guébie [gie] ou Neyo [ney].",NUMBER_0_100,Lecture isolée d’un nombre pour une quantité ou un montant; l’unité et le contexte doivent être ajoutés.,MEDIUM,soixante-seize,soixante-seize,,,DRAFT,true,,,NON_TESTE,
PROVISIONAL_FRM_NUMBER_077,,Dida,a-confirmer,"Non précisée — choisir avant rédaction : Lakota [dic], Yocoboué [gud], Guébie [gie] ou Neyo [ney].",NUMBER_0_100,Lecture isolée d’un nombre pour une quantité ou un montant; l’unité et le contexte doivent être ajoutés.,MEDIUM,soixante-dix-sept,soixante-dix-sept,,,DRAFT,true,,,NON_TESTE,
PROVISIONAL_FRM_NUMBER_078,,Dida,a-confirmer,"Non précisée — choisir avant rédaction : Lakota [dic], Yocoboué [gud], Guébie [gie] ou Neyo [ney].",NUMBER_0_100,Lecture isolée d’un nombre pour une quantité ou un montant; l’unité et le contexte doivent être ajoutés.,MEDIUM,soixante-dix-huit,soixante-dix-huit,,,DRAFT,true,,,NON_TESTE,
PROVISIONAL_FRM_NUMBER_079,,Dida,a-confirmer,"Non précisée — choisir avant rédaction : Lakota [dic], Yocoboué [gud], Guébie [gie] ou Neyo [ney].",NUMBER_0_100,Lecture isolée d’un nombre pour une quantité ou un montant; l’unité et le contexte doivent être ajoutés.,MEDIUM,soixante-dix-neuf,soixante-dix-neuf,,,DRAFT,true,,,NON_TESTE,
PROVISIONAL_FRM_NUMBER_080,,Dida,a-confirmer,"Non précisée — choisir avant rédaction : Lakota [dic], Yocoboué [gud], Guébie [gie] ou Neyo [ney].",NUMBER_0_100,Lecture isolée d’un nombre pour une quantité ou un montant; l’unité et le contexte doivent être ajoutés.,MEDIUM,quatre-vingts,quatre-vingts,,,DRAFT,true,,,NON_TESTE,
PROVISIONAL_FRM_NUMBER_081,,Dida,a-confirmer,"Non précisée — choisir avant rédaction : Lakota [dic], Yocoboué [gud], Guébie [gie] ou Neyo [ney].",NUMBER_0_100,Lecture isolée d’un nombre pour une quantité ou un montant; l’unité et le contexte doivent être ajoutés.,MEDIUM,quatre-vingt-un,quatre-vingt-un,,,DRAFT,true,,,NON_TESTE,
PROVISIONAL_FRM_NUMBER_082,,Dida,a-confirmer,"Non précisée — choisir avant rédaction : Lakota [dic], Yocoboué [gud], Guébie [gie] ou Neyo [ney].",NUMBER_0_100,Lecture isolée d’un nombre pour une quantité ou un montant; l’unité et le contexte doivent être ajoutés.,MEDIUM,quatre-vingt-deux,quatre-vingt-deux,,,DRAFT,true,,,NON_TESTE,
PROVISIONAL_FRM_NUMBER_083,,Dida,a-confirmer,"Non précisée — choisir avant rédaction : Lakota [dic], Yocoboué [gud], Guébie [gie] ou Neyo [ney].",NUMBER_0_100,Lecture isolée d’un nombre pour une quantité ou un montant; l’unité et le contexte doivent être ajoutés.,MEDIUM,quatre-vingt-trois,quatre-vingt-trois,,,DRAFT,true,,,NON_TESTE,
PROVISIONAL_FRM_NUMBER_084,,Dida,a-confirmer,"Non précisée — choisir avant rédaction : Lakota [dic], Yocoboué [gud], Guébie [gie] ou Neyo [ney].",NUMBER_0_100,Lecture isolée d’un nombre pour une quantité ou un montant; l’unité et le contexte doivent être ajoutés.,MEDIUM,quatre-vingt-quatre,quatre-vingt-quatre,,,DRAFT,true,,,NON_TESTE,
PROVISIONAL_FRM_NUMBER_085,,Dida,a-confirmer,"Non précisée — choisir avant rédaction : Lakota [dic], Yocoboué [gud], Guébie [gie] ou Neyo [ney].",NUMBER_0_100,Lecture isolée d’un nombre pour une quantité ou un montant; l’unité et le contexte doivent être ajoutés.,MEDIUM,quatre-vingt-cinq,quatre-vingt-cinq,,,DRAFT,true,,,NON_TESTE,
PROVISIONAL_FRM_NUMBER_086,,Dida,a-confirmer,"Non précisée — choisir avant rédaction : Lakota [dic], Yocoboué [gud], Guébie [gie] ou Neyo [ney].",NUMBER_0_100,Lecture isolée d’un nombre pour une quantité ou un montant; l’unité et le contexte doivent être ajoutés.,MEDIUM,quatre-vingt-six,quatre-vingt-six,,,DRAFT,true,,,NON_TESTE,
PROVISIONAL_FRM_NUMBER_087,,Dida,a-confirmer,"Non précisée — choisir avant rédaction : Lakota [dic], Yocoboué [gud], Guébie [gie] ou Neyo [ney].",NUMBER_0_100,Lecture isolée d’un nombre pour une quantité ou un montant; l’unité et le contexte doivent être ajoutés.,MEDIUM,quatre-vingt-sept,quatre-vingt-sept,,,DRAFT,true,,,NON_TESTE,
PROVISIONAL_FRM_NUMBER_088,,Dida,a-confirmer,"Non précisée — choisir avant rédaction : Lakota [dic], Yocoboué [gud], Guébie [gie] ou Neyo [ney].",NUMBER_0_100,Lecture isolée d’un nombre pour une quantité ou un montant; l’unité et le contexte doivent être ajoutés.,MEDIUM,quatre-vingt-huit,quatre-vingt-huit,,,DRAFT,true,,,NON_TESTE,
PROVISIONAL_FRM_NUMBER_089,,Dida,a-confirmer,"Non précisée — choisir avant rédaction : Lakota [dic], Yocoboué [gud], Guébie [gie] ou Neyo [ney].",NUMBER_0_100,Lecture isolée d’un nombre pour une quantité ou un montant; l’unité et le contexte doivent être ajoutés.,MEDIUM,quatre-vingt-neuf,quatre-vingt-neuf,,,DRAFT,true,,,NON_TESTE,
PROVISIONAL_FRM_NUMBER_090,,Dida,a-confirmer,"Non précisée — choisir avant rédaction : Lakota [dic], Yocoboué [gud], Guébie [gie] ou Neyo [ney].",NUMBER_0_100,Lecture isolée d’un nombre pour une quantité ou un montant; l’unité et le contexte doivent être ajoutés.,MEDIUM,quatre-vingt-dix,quatre-vingt-dix,,,DRAFT,true,,,NON_TESTE,
PROVISIONAL_FRM_NUMBER_091,,Dida,a-confirmer,"Non précisée — choisir avant rédaction : Lakota [dic], Yocoboué [gud], Guébie [gie] ou Neyo [ney].",NUMBER_0_100,Lecture isolée d’un nombre pour une quantité ou un montant; l’unité et le contexte doivent être ajoutés.,MEDIUM,quatre-vingt-onze,quatre-vingt-onze,,,DRAFT,true,,,NON_TESTE,
PROVISIONAL_FRM_NUMBER_092,,Dida,a-confirmer,"Non précisée — choisir avant rédaction : Lakota [dic], Yocoboué [gud], Guébie [gie] ou Neyo [ney].",NUMBER_0_100,Lecture isolée d’un nombre pour une quantité ou un montant; l’unité et le contexte doivent être ajoutés.,MEDIUM,quatre-vingt-douze,quatre-vingt-douze,,,DRAFT,true,,,NON_TESTE,
PROVISIONAL_FRM_NUMBER_093,,Dida,a-confirmer,"Non précisée — choisir avant rédaction : Lakota [dic], Yocoboué [gud], Guébie [gie] ou Neyo [ney].",NUMBER_0_100,Lecture isolée d’un nombre pour une quantité ou un montant; l’unité et le contexte doivent être ajoutés.,MEDIUM,quatre-vingt-treize,quatre-vingt-treize,,,DRAFT,true,,,NON_TESTE,
PROVISIONAL_FRM_NUMBER_094,,Dida,a-confirmer,"Non précisée — choisir avant rédaction : Lakota [dic], Yocoboué [gud], Guébie [gie] ou Neyo [ney].",NUMBER_0_100,Lecture isolée d’un nombre pour une quantité ou un montant; l’unité et le contexte doivent être ajoutés.,MEDIUM,quatre-vingt-quatorze,quatre-vingt-quatorze,,,DRAFT,true,,,NON_TESTE,
PROVISIONAL_FRM_NUMBER_095,,Dida,a-confirmer,"Non précisée — choisir avant rédaction : Lakota [dic], Yocoboué [gud], Guébie [gie] ou Neyo [ney].",NUMBER_0_100,Lecture isolée d’un nombre pour une quantité ou un montant; l’unité et le contexte doivent être ajoutés.,MEDIUM,quatre-vingt-quinze,quatre-vingt-quinze,,,DRAFT,true,,,NON_TESTE,
PROVISIONAL_FRM_NUMBER_096,,Dida,a-confirmer,"Non précisée — choisir avant rédaction : Lakota [dic], Yocoboué [gud], Guébie [gie] ou Neyo [ney].",NUMBER_0_100,Lecture isolée d’un nombre pour une quantité ou un montant; l’unité et le contexte doivent être ajoutés.,MEDIUM,quatre-vingt-seize,quatre-vingt-seize,,,DRAFT,true,,,NON_TESTE,
PROVISIONAL_FRM_NUMBER_097,,Dida,a-confirmer,"Non précisée — choisir avant rédaction : Lakota [dic], Yocoboué [gud], Guébie [gie] ou Neyo [ney].",NUMBER_0_100,Lecture isolée d’un nombre pour une quantité ou un montant; l’unité et le contexte doivent être ajoutés.,MEDIUM,quatre-vingt-dix-sept,quatre-vingt-dix-sept,,,DRAFT,true,,,NON_TESTE,
PROVISIONAL_FRM_NUMBER_098,,Dida,a-confirmer,"Non précisée — choisir avant rédaction : Lakota [dic], Yocoboué [gud], Guébie [gie] ou Neyo [ney].",NUMBER_0_100,Lecture isolée d’un nombre pour une quantité ou un montant; l’unité et le contexte doivent être ajoutés.,MEDIUM,quatre-vingt-dix-huit,quatre-vingt-dix-huit,,,DRAFT,true,,,NON_TESTE,
PROVISIONAL_FRM_NUMBER_099,,Dida,a-confirmer,"Non précisée — choisir avant rédaction : Lakota [dic], Yocoboué [gud], Guébie [gie] ou Neyo [ney].",NUMBER_0_100,Lecture isolée d’un nombre pour une quantité ou un montant; l’unité et le contexte doivent être ajoutés.,MEDIUM,quatre-vingt-dix-neuf,quatre-vingt-dix-neuf,,,DRAFT,true,,,NON_TESTE,
PROVISIONAL_FRM_NUMBER_100,,Dida,a-confirmer,"Non précisée — choisir avant rédaction : Lakota [dic], Yocoboué [gud], Guébie [gie] ou Neyo [ney].",NUMBER_0_100,Lecture isolée d’un nombre pour une quantité ou un montant; l’unité et le contexte doivent être ajoutés.,MEDIUM,cent,cent,,,DRAFT,true,,,NON_TESTE,
PROVISIONAL_FRM_NUMBER_HUNDRED_200,,Dida,a-confirmer,"Non précisée — choisir avant rédaction : Lakota [dic], Yocoboué [gud], Guébie [gie] ou Neyo [ney].",NUMBER_HUNDREDS,Lecture isolée d’une centaine ou de mille; l’unité et le contexte doivent être ajoutés.,MEDIUM,deux cents,deux cents,,,DRAFT,true,,,NON_TESTE,
PROVISIONAL_FRM_NUMBER_HUNDRED_300,,Dida,a-confirmer,"Non précisée — choisir avant rédaction : Lakota [dic], Yocoboué [gud], Guébie [gie] ou Neyo [ney].",NUMBER_HUNDREDS,Lecture isolée d’une centaine ou de mille; l’unité et le contexte doivent être ajoutés.,MEDIUM,trois cents,trois cents,,,DRAFT,true,,,NON_TESTE,
PROVISIONAL_FRM_NUMBER_HUNDRED_400,,Dida,a-confirmer,"Non précisée — choisir avant rédaction : Lakota [dic], Yocoboué [gud], Guébie [gie] ou Neyo [ney].",NUMBER_HUNDREDS,Lecture isolée d’une centaine ou de mille; l’unité et le contexte doivent être ajoutés.,MEDIUM,quatre cents,quatre cents,,,DRAFT,true,,,NON_TESTE,
PROVISIONAL_FRM_NUMBER_HUNDRED_500,,Dida,a-confirmer,"Non précisée — choisir avant rédaction : Lakota [dic], Yocoboué [gud], Guébie [gie] ou Neyo [ney].",NUMBER_HUNDREDS,Lecture isolée d’une centaine ou de mille; l’unité et le contexte doivent être ajoutés.,MEDIUM,cinq cents,cinq cents,,,DRAFT,true,,,NON_TESTE,
PROVISIONAL_FRM_NUMBER_HUNDRED_600,,Dida,a-confirmer,"Non précisée — choisir avant rédaction : Lakota [dic], Yocoboué [gud], Guébie [gie] ou Neyo [ney].",NUMBER_HUNDREDS,Lecture isolée d’une centaine ou de mille; l’unité et le contexte doivent être ajoutés.,MEDIUM,six cents,six cents,,,DRAFT,true,,,NON_TESTE,
PROVISIONAL_FRM_NUMBER_HUNDRED_700,,Dida,a-confirmer,"Non précisée — choisir avant rédaction : Lakota [dic], Yocoboué [gud], Guébie [gie] ou Neyo [ney].",NUMBER_HUNDREDS,Lecture isolée d’une centaine ou de mille; l’unité et le contexte doivent être ajoutés.,MEDIUM,sept cents,sept cents,,,DRAFT,true,,,NON_TESTE,
PROVISIONAL_FRM_NUMBER_HUNDRED_800,,Dida,a-confirmer,"Non précisée — choisir avant rédaction : Lakota [dic], Yocoboué [gud], Guébie [gie] ou Neyo [ney].",NUMBER_HUNDREDS,Lecture isolée d’une centaine ou de mille; l’unité et le contexte doivent être ajoutés.,MEDIUM,huit cents,huit cents,,,DRAFT,true,,,NON_TESTE,
PROVISIONAL_FRM_NUMBER_HUNDRED_900,,Dida,a-confirmer,"Non précisée — choisir avant rédaction : Lakota [dic], Yocoboué [gud], Guébie [gie] ou Neyo [ney].",NUMBER_HUNDREDS,Lecture isolée d’une centaine ou de mille; l’unité et le contexte doivent être ajoutés.,MEDIUM,neuf cents,neuf cents,,,DRAFT,true,,,NON_TESTE,
PROVISIONAL_FRM_NUMBER_THOUSAND_1000,,Dida,a-confirmer,"Non précisée — choisir avant rédaction : Lakota [dic], Yocoboué [gud], Guébie [gie] ou Neyo [ney].",NUMBER_THOUSAND,Lecture isolée d’une centaine ou de mille; l’unité et le contexte doivent être ajoutés.,MEDIUM,mille,mille,,,DRAFT,true,,,NON_TESTE,
PROVISIONAL_FRM_UNIT_01_UNITE,,Dida,a-confirmer,"Non précisée — choisir avant rédaction : Lakota [dic], Yocoboué [gud], Guébie [gie] ou Neyo [ney].",UNIT,Unité de vente orale.,LOW,unité,à l’unité,,,DRAFT,true,,,NON_TESTE,
PROVISIONAL_FRM_UNIT_02_TAS,,Dida,a-confirmer,"Non précisée — choisir avant rédaction : Lakota [dic], Yocoboué [gud], Guébie [gie] ou Neyo [ney].",UNIT,Unité de vente orale.,LOW,tas,tas,,,DRAFT,true,,,NON_TESTE,
PROVISIONAL_FRM_UNIT_03_SAC,,Dida,a-confirmer,"Non précisée — choisir avant rédaction : Lakota [dic], Yocoboué [gud], Guébie [gie] ou Neyo [ney].",UNIT,Unité de vente orale.,LOW,sac,sac,,,DRAFT,true,,,NON_TESTE,
PROVISIONAL_FRM_UNIT_04_KILO,,Dida,a-confirmer,"Non précisée — choisir avant rédaction : Lakota [dic], Yocoboué [gud], Guébie [gie] ou Neyo [ney].",UNIT,Unité de vente orale.,LOW,kilo,kilo,,,DRAFT,true,,,NON_TESTE,
PROVISIONAL_FRM_UNIT_05_BOTTE,,Dida,a-confirmer,"Non précisée — choisir avant rédaction : Lakota [dic], Yocoboué [gud], Guébie [gie] ou Neyo [ney].",UNIT,Unité de vente orale.,LOW,botte,botte,,,DRAFT,true,,,NON_TESTE,
PROVISIONAL_FRM_UNIT_06_BIDON,,Dida,a-confirmer,"Non précisée — choisir avant rédaction : Lakota [dic], Yocoboué [gud], Guébie [gie] ou Neyo [ney].",UNIT,Unité de vente orale.,LOW,bidon,bidon,,,DRAFT,true,,,NON_TESTE,
PROVISIONAL_FRM_UNIT_07_SACHET,,Dida,a-confirmer,"Non précisée — choisir avant rédaction : Lakota [dic], Yocoboué [gud], Guébie [gie] ou Neyo [ney].",UNIT,Unité de vente orale.,LOW,sachet,sachet,,,DRAFT,true,,,NON_TESTE,
PROVISIONAL_FRM_UNIT_08_PAQUET,,Dida,a-confirmer,"Non précisée — choisir avant rédaction : Lakota [dic], Yocoboué [gud], Guébie [gie] ou Neyo [ney].",UNIT,Unité de vente orale.,LOW,paquet,paquet,,,DRAFT,true,,,NON_TESTE,
PROVISIONAL_FRM_UNIT_09_MORCEAU,,Dida,a-confirmer,"Non précisée — choisir avant rédaction : Lakota [dic], Yocoboué [gud], Guébie [gie] ou Neyo [ney].",UNIT,Unité de vente orale.,LOW,morceau,morceau,,,DRAFT,true,,,NON_TESTE,
PROVISIONAL_FRM_UNIT_10_LITRE,,Dida,a-confirmer,"Non précisée — choisir avant rédaction : Lakota [dic], Yocoboué [gud], Guébie [gie] ou Neyo [ney].",UNIT,Unité de vente orale.,LOW,litre,litre,,,DRAFT,true,,,NON_TESTE,
PROVISIONAL_FRM_UNIT_11_REGIME,,Dida,a-confirmer,"Non précisée — choisir avant rédaction : Lakota [dic], Yocoboué [gud], Guébie [gie] ou Neyo [ney].",UNIT,Unité de vente orale.,LOW,régime,régime,,,DRAFT,true,,,NON_TESTE,
PROVISIONAL_FRM_UNIT_12_CARTON,,Dida,a-confirmer,"Non précisée — choisir avant rédaction : Lakota [dic], Yocoboué [gud], Guébie [gie] ou Neyo [ney].",UNIT,Unité de vente orale.,LOW,carton,carton,,,DRAFT,true,,,NON_TESTE,
PROVISIONAL_FRM_UNIT_13_CAISSE,,Dida,a-confirmer,"Non précisée — choisir avant rédaction : Lakota [dic], Yocoboué [gud], Guébie [gie] ou Neyo [ney].",UNIT,Unité de vente orale.,LOW,caisse,caisse,,,DRAFT,true,,,NON_TESTE,
PROVISIONAL_FRM_UNIT_14_BOUTEILLE,,Dida,a-confirmer,"Non précisée — choisir avant rédaction : Lakota [dic], Yocoboué [gud], Guébie [gie] ou Neyo [ney].",UNIT,Unité de vente orale.,LOW,bouteille,bouteille,,,DRAFT,true,,,NON_TESTE,
PROVISIONAL_FRM_UNIT_15_PANIER,,Dida,a-confirmer,"Non précisée — choisir avant rédaction : Lakota [dic], Yocoboué [gud], Guébie [gie] ou Neyo [ney].",UNIT,Unité de vente orale.,LOW,panier,panier,,,DRAFT,true,,,NON_TESTE,
PROVISIONAL_FRM_UNIT_16_FRANC,,Dida,a-confirmer,"Non précisée — choisir avant rédaction : Lakota [dic], Yocoboué [gud], Guébie [gie] ou Neyo [ney].",UNIT,Dénomination monétaire orale; à associer à un nombre et au contexte.,HIGH,franc,franc,,,DRAFT,true,,,NON_TESTE,
PROVISIONAL_FRM_UNIT_17_FCFA,,Dida,a-confirmer,"Non précisée — choisir avant rédaction : Lakota [dic], Yocoboué [gud], Guébie [gie] ou Neyo [ney].",UNIT,Dénomination monétaire orale; à associer à un nombre et au contexte.,HIGH,FCFA,franc CFA,,,DRAFT,true,,,NON_TESTE,
PROVISIONAL_FRM_PRODUCT_01_TOMATE,,Dida,a-confirmer,"Non précisée — choisir avant rédaction : Lakota [dic], Yocoboué [gud], Guébie [gie] ou Neyo [ney].",PRODUCT,Nom de produit à annoncer ou saisir dans une vente; aucun identifiant produit métier n’est créé.,LOW,tomate,tomate,,,DRAFT,true,,,NON_TESTE,
PROVISIONAL_FRM_PRODUCT_02_PIMENT,,Dida,a-confirmer,"Non précisée — choisir avant rédaction : Lakota [dic], Yocoboué [gud], Guébie [gie] ou Neyo [ney].",PRODUCT,Nom de produit à annoncer ou saisir dans une vente; aucun identifiant produit métier n’est créé.,LOW,piment,piment,,,DRAFT,true,,,NON_TESTE,
PROVISIONAL_FRM_PRODUCT_03_GOMBO,,Dida,a-confirmer,"Non précisée — choisir avant rédaction : Lakota [dic], Yocoboué [gud], Guébie [gie] ou Neyo [ney].",PRODUCT,Nom de produit à annoncer ou saisir dans une vente; aucun identifiant produit métier n’est créé.,LOW,gombo,gombo,,,DRAFT,true,,,NON_TESTE,
PROVISIONAL_FRM_PRODUCT_04_ATTIEKE,,Dida,a-confirmer,"Non précisée — choisir avant rédaction : Lakota [dic], Yocoboué [gud], Guébie [gie] ou Neyo [ney].",PRODUCT,Nom de produit à annoncer ou saisir dans une vente; aucun identifiant produit métier n’est créé.,LOW,attiéké,attiéké,,,DRAFT,true,,,NON_TESTE,
PROVISIONAL_FRM_PRODUCT_05_BANANE,,Dida,a-confirmer,"Non précisée — choisir avant rédaction : Lakota [dic], Yocoboué [gud], Guébie [gie] ou Neyo [ney].",PRODUCT,Nom de produit à annoncer ou saisir dans une vente; aucun identifiant produit métier n’est créé.,LOW,banane,banane,,,DRAFT,true,,,NON_TESTE,
PROVISIONAL_FRM_PRODUCT_06_PLANTAIN,,Dida,a-confirmer,"Non précisée — choisir avant rédaction : Lakota [dic], Yocoboué [gud], Guébie [gie] ou Neyo [ney].",PRODUCT,Nom de produit à annoncer ou saisir dans une vente; aucun identifiant produit métier n’est créé.,LOW,plantain,plantain,,,DRAFT,true,,,NON_TESTE,
PROVISIONAL_FRM_PRODUCT_07_IGNAME,,Dida,a-confirmer,"Non précisée — choisir avant rédaction : Lakota [dic], Yocoboué [gud], Guébie [gie] ou Neyo [ney].",PRODUCT,Nom de produit à annoncer ou saisir dans une vente; aucun identifiant produit métier n’est créé.,LOW,igname,igname,,,DRAFT,true,,,NON_TESTE,
PROVISIONAL_FRM_PRODUCT_08_MANIOC,,Dida,a-confirmer,"Non précisée — choisir avant rédaction : Lakota [dic], Yocoboué [gud], Guébie [gie] ou Neyo [ney].",PRODUCT,Nom de produit à annoncer ou saisir dans une vente; aucun identifiant produit métier n’est créé.,LOW,manioc,manioc,,,DRAFT,true,,,NON_TESTE,
PROVISIONAL_FRM_PRODUCT_09_AUBERGINE,,Dida,a-confirmer,"Non précisée — choisir avant rédaction : Lakota [dic], Yocoboué [gud], Guébie [gie] ou Neyo [ney].",PRODUCT,Nom de produit à annoncer ou saisir dans une vente; aucun identifiant produit métier n’est créé.,LOW,aubergine,aubergine,,,DRAFT,true,,,NON_TESTE,
PROVISIONAL_FRM_PRODUCT_10_OIGNON,,Dida,a-confirmer,"Non précisée — choisir avant rédaction : Lakota [dic], Yocoboué [gud], Guébie [gie] ou Neyo [ney].",PRODUCT,Nom de produit à annoncer ou saisir dans une vente; aucun identifiant produit métier n’est créé.,LOW,oignon,oignon,,,DRAFT,true,,,NON_TESTE,
PROVISIONAL_FRM_PRODUCT_11_AIL,,Dida,a-confirmer,"Non précisée — choisir avant rédaction : Lakota [dic], Yocoboué [gud], Guébie [gie] ou Neyo [ney].",PRODUCT,Nom de produit à annoncer ou saisir dans une vente; aucun identifiant produit métier n’est créé.,LOW,ail,ail,,,DRAFT,true,,,NON_TESTE,
PROVISIONAL_FRM_PRODUCT_12_POISSON,,Dida,a-confirmer,"Non précisée — choisir avant rédaction : Lakota [dic], Yocoboué [gud], Guébie [gie] ou Neyo [ney].",PRODUCT,Nom de produit à annoncer ou saisir dans une vente; aucun identifiant produit métier n’est créé.,LOW,poisson,poisson,,,DRAFT,true,,,NON_TESTE,
PROVISIONAL_FRM_PRODUCT_13_VIANDE,,Dida,a-confirmer,"Non précisée — choisir avant rédaction : Lakota [dic], Yocoboué [gud], Guébie [gie] ou Neyo [ney].",PRODUCT,Nom de produit à annoncer ou saisir dans une vente; aucun identifiant produit métier n’est créé.,LOW,viande,viande,,,DRAFT,true,,,NON_TESTE,
PROVISIONAL_FRM_PRODUCT_14_POULET,,Dida,a-confirmer,"Non précisée — choisir avant rédaction : Lakota [dic], Yocoboué [gud], Guébie [gie] ou Neyo [ney].",PRODUCT,Nom de produit à annoncer ou saisir dans une vente; aucun identifiant produit métier n’est créé.,LOW,poulet,poulet,,,DRAFT,true,,,NON_TESTE,
PROVISIONAL_FRM_PRODUCT_15_HUILE,,Dida,a-confirmer,"Non précisée — choisir avant rédaction : Lakota [dic], Yocoboué [gud], Guébie [gie] ou Neyo [ney].",PRODUCT,Nom de produit à annoncer ou saisir dans une vente; aucun identifiant produit métier n’est créé.,LOW,huile,huile,,,DRAFT,true,,,NON_TESTE,
PROVISIONAL_FRM_PRODUCT_16_SEL,,Dida,a-confirmer,"Non précisée — choisir avant rédaction : Lakota [dic], Yocoboué [gud], Guébie [gie] ou Neyo [ney].",PRODUCT,Nom de produit à annoncer ou saisir dans une vente; aucun identifiant produit métier n’est créé.,LOW,sel,sel,,,DRAFT,true,,,NON_TESTE,
PROVISIONAL_FRM_PRODUCT_17_SUCRE,,Dida,a-confirmer,"Non précisée — choisir avant rédaction : Lakota [dic], Yocoboué [gud], Guébie [gie] ou Neyo [ney].",PRODUCT,Nom de produit à annoncer ou saisir dans une vente; aucun identifiant produit métier n’est créé.,LOW,sucre,sucre,,,DRAFT,true,,,NON_TESTE,
PROVISIONAL_FRM_PRODUCT_18_RIZ,,Dida,a-confirmer,"Non précisée — choisir avant rédaction : Lakota [dic], Yocoboué [gud], Guébie [gie] ou Neyo [ney].",PRODUCT,Nom de produit à annoncer ou saisir dans une vente; aucun identifiant produit métier n’est créé.,LOW,riz,riz,,,DRAFT,true,,,NON_TESTE,
PROVISIONAL_FRM_PRODUCT_19_HARICOT,,Dida,a-confirmer,"Non précisée — choisir avant rédaction : Lakota [dic], Yocoboué [gud], Guébie [gie] ou Neyo [ney].",PRODUCT,Nom de produit à annoncer ou saisir dans une vente; aucun identifiant produit métier n’est créé.,LOW,haricot,haricot,,,DRAFT,true,,,NON_TESTE,
PROVISIONAL_FRM_PRODUCT_20_MAIS,,Dida,a-confirmer,"Non précisée — choisir avant rédaction : Lakota [dic], Yocoboué [gud], Guébie [gie] ou Neyo [ney].",PRODUCT,Nom de produit à annoncer ou saisir dans une vente; aucun identifiant produit métier n’est créé.,LOW,maïs,maïs,,,DRAFT,true,,,NON_TESTE,
PROVISIONAL_FRM_PRODUCT_21_FOUTOU,,Dida,a-confirmer,"Non précisée — choisir avant rédaction : Lakota [dic], Yocoboué [gud], Guébie [gie] ou Neyo [ney].",PRODUCT,Nom de produit à annoncer ou saisir dans une vente; aucun identifiant produit métier n’est créé.,LOW,foutou,foutou,,,DRAFT,true,,,NON_TESTE,
PROVISIONAL_FRM_PRODUCT_22_ORANGE,,Dida,a-confirmer,"Non précisée — choisir avant rédaction : Lakota [dic], Yocoboué [gud], Guébie [gie] ou Neyo [ney].",PRODUCT,Nom de produit à annoncer ou saisir dans une vente; aucun identifiant produit métier n’est créé.,LOW,orange,orange,,,DRAFT,true,,,NON_TESTE,
PROVISIONAL_FRM_PRODUCT_23_SAVON,,Dida,a-confirmer,"Non précisée — choisir avant rédaction : Lakota [dic], Yocoboué [gud], Guébie [gie] ou Neyo [ney].",PRODUCT,Nom de produit à annoncer ou saisir dans une vente; aucun identifiant produit métier n’est créé.,LOW,savon,savon,,,DRAFT,true,,,NON_TESTE,
PROVISIONAL_FRM_PRODUCT_24_FARINE,,Dida,a-confirmer,"Non précisée — choisir avant rédaction : Lakota [dic], Yocoboué [gud], Guébie [gie] ou Neyo [ney].",PRODUCT,Nom de produit à annoncer ou saisir dans une vente; aucun identifiant produit métier n’est créé.,LOW,farine,farine,,,DRAFT,true,,,NON_TESTE,
PROVISIONAL_FRM_PRODUCT_25_JUS,,Dida,a-confirmer,"Non précisée — choisir avant rédaction : Lakota [dic], Yocoboué [gud], Guébie [gie] ou Neyo [ney].",PRODUCT,Nom de produit à annoncer ou saisir dans une vente; aucun identifiant produit métier n’est créé.,LOW,jus,jus,,,DRAFT,true,,,NON_TESTE,
PROVISIONAL_FRM_PRODUCT_26_LAIT,,Dida,a-confirmer,"Non précisée — choisir avant rédaction : Lakota [dic], Yocoboué [gud], Guébie [gie] ou Neyo [ney].",PRODUCT,Nom de produit à annoncer ou saisir dans une vente; aucun identifiant produit métier n’est créé.,LOW,lait,lait,,,DRAFT,true,,,NON_TESTE,
PROVISIONAL_FRM_INTENT_01,,Gouro,goa,Gouro de Zuénoula (goa) ; variantes Sinfra/Vavoua/Nord/Sud exclues sauf mention explicite,FINANCIAL_PRIORITY_INTENT,Commande orale d’encaissement; elle ne vaut pas confirmation métier du paiement.,CRITICAL,Encaisse.,Encaisse ça.,,,DRAFT,true,,,NON_TESTE,
PROVISIONAL_FRM_INTENT_02,,Gouro,goa,Gouro de Zuénoula (goa) ; variantes Sinfra/Vavoua/Nord/Sud exclues sauf mention explicite,FINANCIAL_PRIORITY_INTENT,Demande du montant encore dû par une cliente.,CRITICAL,Combien elle doit ?,Elle doit combien ?,,,DRAFT,true,,,NON_TESTE,
PROVISIONAL_FRM_INTENT_03,,Gouro,goa,Gouro de Zuénoula (goa) ; variantes Sinfra/Vavoua/Nord/Sud exclues sauf mention explicite,FINANCIAL_PRIORITY_INTENT,Accord oral avant une validation; la confirmation métier reste distincte.,CRITICAL,"Oui, valide.","Oui, tu peux valider.",,,DRAFT,true,,,NON_TESTE,
PROVISIONAL_FRM_INTENT_04,,Gouro,goa,Gouro de Zuénoula (goa) ; variantes Sinfra/Vavoua/Nord/Sud exclues sauf mention explicite,FINANCIAL_PRIORITY_INTENT,Refus ou demande d’annulation avant confirmation métier.,CRITICAL,Non / annule.,"Non, annule.",,,DRAFT,true,,,NON_TESTE,
PROVISIONAL_FRM_INTENT_05,,Gouro,goa,Gouro de Zuénoula (goa) ; variantes Sinfra/Vavoua/Nord/Sud exclues sauf mention explicite,FINANCIAL_PRIORITY_INTENT,Annonce d’un montant manquant dans le paiement.,CRITICAL,Il manque {montant} francs.,Il manque {montant} francs.,,,DRAFT,true,,,NON_TESTE,
PROVISIONAL_FRM_INTENT_06,,Gouro,goa,Gouro de Zuénoula (goa) ; variantes Sinfra/Vavoua/Nord/Sud exclues sauf mention explicite,FINANCIAL_PRIORITY_INTENT,Demande de vérifier le calcul ou le compte avant la suite.,CRITICAL,Compte juste.,Vérifie bien le compte.,,,DRAFT,true,,,NON_TESTE,
PROVISIONAL_FRM_INTENT_07,,Gouro,goa,Gouro de Zuénoula (goa) ; variantes Sinfra/Vavoua/Nord/Sud exclues sauf mention explicite,FINANCIAL_PRIORITY_INTENT,Annonce du montant effectivement remis par la cliente.,CRITICAL,Elle a donné {recu} francs.,Elle a donné {recu} francs.,,,DRAFT,true,,,NON_TESTE,
PROVISIONAL_FRM_INTENT_08,,Gouro,goa,Gouro de Zuénoula (goa) ; variantes Sinfra/Vavoua/Nord/Sud exclues sauf mention explicite,FINANCIAL_PRIORITY_INTENT,Annonce de la monnaie à rendre à la cliente.,CRITICAL,Tu rends {monnaie} francs.,Tu lui rends {monnaie} francs.,,,DRAFT,true,,,NON_TESTE,
PROVISIONAL_FRM_INTENT_09,,Gouro,goa,Gouro de Zuénoula (goa) ; variantes Sinfra/Vavoua/Nord/Sud exclues sauf mention explicite,FINANCIAL_PRIORITY_INTENT,Annonce du total dû par la cliente.,CRITICAL,Elle doit {total} francs.,Elle doit {total} francs.,,,DRAFT,true,,,NON_TESTE,
PROVISIONAL_FRM_INTENT_10,,Gouro,goa,Gouro de Zuénoula (goa) ; variantes Sinfra/Vavoua/Nord/Sud exclues sauf mention explicite,FINANCIAL_PRIORITY_INTENT,Demande orale de validation avant l’action métier.,CRITICAL,Je valide ?,Je valide ça ?,,,DRAFT,true,,,NON_TESTE,
PROVISIONAL_FRM_INTENT_11,,Gouro,goa,Gouro de Zuénoula (goa) ; variantes Sinfra/Vavoua/Nord/Sud exclues sauf mention explicite,FINANCIAL_PRIORITY_INTENT,Question sur le prix d’un seul article.,HIGH,Prix d’un seul.,"Un seul, c’est combien ?",,,DRAFT,true,,,NON_TESTE,
PROVISIONAL_FRM_INTENT_12,,Gouro,goa,Gouro de Zuénoula (goa) ; variantes Sinfra/Vavoua/Nord/Sud exclues sauf mention explicite,FINANCIAL_PRIORITY_INTENT,Question sur le prix total de l’ensemble présenté.,HIGH,Prix du tout.,"Tout ça, c’est combien ?",,,DRAFT,true,,,NON_TESTE,
PROVISIONAL_FRM_INTENT_13,,Gouro,goa,Gouro de Zuénoula (goa) ; variantes Sinfra/Vavoua/Nord/Sud exclues sauf mention explicite,FINANCIAL_PRIORITY_INTENT,Question générale sur le montant à payer ou le total.,HIGH,Combien ?,Ça fait combien ?,,,DRAFT,true,,,NON_TESTE,
PROVISIONAL_FRM_INTENT_14,,Gouro,goa,Gouro de Zuénoula (goa) ; variantes Sinfra/Vavoua/Nord/Sud exclues sauf mention explicite,FINANCIAL_PRIORITY_INTENT,Question sur le prix d’un produit ou d’une quantité montrée.,HIGH,C’est à combien ?,C’est à combien ?,,,DRAFT,true,,,NON_TESTE,
PROVISIONAL_FRM_INTENT_15,,Gouro,goa,Gouro de Zuénoula (goa) ; variantes Sinfra/Vavoua/Nord/Sud exclues sauf mention explicite,FINANCIAL_PRIORITY_INTENT,Question ouverte sur le produit ou l’article vendu.,LOW,Tu as vendu quoi ?,Tu as vendu quoi ?,,,DRAFT,true,,,NON_TESTE,
PROVISIONAL_FRM_NUMBER_000,,Gouro,goa,Gouro de Zuénoula (goa) ; variantes Sinfra/Vavoua/Nord/Sud exclues sauf mention explicite,NUMBER_0_100,Lecture isolée d’un nombre pour une quantité ou un montant; l’unité et le contexte doivent être ajoutés.,MEDIUM,zéro,zéro,,,DRAFT,true,,,NON_TESTE,
PROVISIONAL_FRM_NUMBER_001,,Gouro,goa,Gouro de Zuénoula (goa) ; variantes Sinfra/Vavoua/Nord/Sud exclues sauf mention explicite,NUMBER_0_100,Lecture isolée d’un nombre pour une quantité ou un montant; l’unité et le contexte doivent être ajoutés.,MEDIUM,un,un,dʋ,dʋ,DRAFT,true,,,NON_TESTE,
PROVISIONAL_FRM_NUMBER_002,,Gouro,goa,Gouro de Zuénoula (goa) ; variantes Sinfra/Vavoua/Nord/Sud exclues sauf mention explicite,NUMBER_0_100,Lecture isolée d’un nombre pour une quantité ou un montant; l’unité et le contexte doivent être ajoutés.,MEDIUM,deux,deux,fíé,fíé,DRAFT,true,,,NON_TESTE,
PROVISIONAL_FRM_NUMBER_003,,Gouro,goa,Gouro de Zuénoula (goa) ; variantes Sinfra/Vavoua/Nord/Sud exclues sauf mention explicite,NUMBER_0_100,Lecture isolée d’un nombre pour une quantité ou un montant; l’unité et le contexte doivent être ajoutés.,MEDIUM,trois,trois,yaá,yaá,DRAFT,true,,,NON_TESTE,
PROVISIONAL_FRM_NUMBER_004,,Gouro,goa,Gouro de Zuénoula (goa) ; variantes Sinfra/Vavoua/Nord/Sud exclues sauf mention explicite,NUMBER_0_100,Lecture isolée d’un nombre pour une quantité ou un montant; l’unité et le contexte doivent être ajoutés.,MEDIUM,quatre,quatre,zìɛ́n,zìɛ́n,DRAFT,true,,,NON_TESTE,
PROVISIONAL_FRM_NUMBER_005,,Gouro,goa,Gouro de Zuénoula (goa) ; variantes Sinfra/Vavoua/Nord/Sud exclues sauf mention explicite,NUMBER_0_100,Lecture isolée d’un nombre pour une quantité ou un montant; l’unité et le contexte doivent être ajoutés.,MEDIUM,cinq,cinq,sólú,sólú,DRAFT,true,,,NON_TESTE,
PROVISIONAL_FRM_NUMBER_006,,Gouro,goa,Gouro de Zuénoula (goa) ; variantes Sinfra/Vavoua/Nord/Sud exclues sauf mention explicite,NUMBER_0_100,Lecture isolée d’un nombre pour une quantité ou un montant; l’unité et le contexte doivent être ajoutés.,MEDIUM,six,six,suɛdʋ,suɛdʋ | suɛlʋ,DRAFT,true,,,NON_TESTE,
PROVISIONAL_FRM_NUMBER_007,,Gouro,goa,Gouro de Zuénoula (goa) ; variantes Sinfra/Vavoua/Nord/Sud exclues sauf mention explicite,NUMBER_0_100,Lecture isolée d’un nombre pour une quantité ou un montant; l’unité et le contexte doivent être ajoutés.,MEDIUM,sept,sept,,,DRAFT,true,,,NON_TESTE,
PROVISIONAL_FRM_NUMBER_008,,Gouro,goa,Gouro de Zuénoula (goa) ; variantes Sinfra/Vavoua/Nord/Sud exclues sauf mention explicite,NUMBER_0_100,Lecture isolée d’un nombre pour une quantité ou un montant; l’unité et le contexte doivent être ajoutés.,MEDIUM,huit,huit,sʋlaá,sʋlaá,DRAFT,true,,,NON_TESTE,
PROVISIONAL_FRM_NUMBER_009,,Gouro,goa,Gouro de Zuénoula (goa) ; variantes Sinfra/Vavoua/Nord/Sud exclues sauf mention explicite,NUMBER_0_100,Lecture isolée d’un nombre pour une quantité ou un montant; l’unité et le contexte doivent être ajoutés.,MEDIUM,neuf,neuf,sʋlàzìɛ́n,sʋlàzìɛ́n,DRAFT,true,,,NON_TESTE,
PROVISIONAL_FRM_NUMBER_010,,Gouro,goa,Gouro de Zuénoula (goa) ; variantes Sinfra/Vavoua/Nord/Sud exclues sauf mention explicite,NUMBER_0_100,Lecture isolée d’un nombre pour une quantité ou un montant; l’unité et le contexte doivent être ajoutés.,MEDIUM,dix,dix,vu,vu,DRAFT,true,,,NON_TESTE,
PROVISIONAL_FRM_NUMBER_011,,Gouro,goa,Gouro de Zuénoula (goa) ; variantes Sinfra/Vavoua/Nord/Sud exclues sauf mention explicite,NUMBER_0_100,Lecture isolée d’un nombre pour une quantité ou un montant; l’unité et le contexte doivent être ajoutés.,MEDIUM,onze,onze,,,DRAFT,true,,,NON_TESTE,
PROVISIONAL_FRM_NUMBER_012,,Gouro,goa,Gouro de Zuénoula (goa) ; variantes Sinfra/Vavoua/Nord/Sud exclues sauf mention explicite,NUMBER_0_100,Lecture isolée d’un nombre pour une quantité ou un montant; l’unité et le contexte doivent être ajoutés.,MEDIUM,douze,douze,,,DRAFT,true,,,NON_TESTE,
PROVISIONAL_FRM_NUMBER_013,,Gouro,goa,Gouro de Zuénoula (goa) ; variantes Sinfra/Vavoua/Nord/Sud exclues sauf mention explicite,NUMBER_0_100,Lecture isolée d’un nombre pour une quantité ou un montant; l’unité et le contexte doivent être ajoutés.,MEDIUM,treize,treize,,,DRAFT,true,,,NON_TESTE,
PROVISIONAL_FRM_NUMBER_014,,Gouro,goa,Gouro de Zuénoula (goa) ; variantes Sinfra/Vavoua/Nord/Sud exclues sauf mention explicite,NUMBER_0_100,Lecture isolée d’un nombre pour une quantité ou un montant; l’unité et le contexte doivent être ajoutés.,MEDIUM,quatorze,quatorze,,,DRAFT,true,,,NON_TESTE,
PROVISIONAL_FRM_NUMBER_015,,Gouro,goa,Gouro de Zuénoula (goa) ; variantes Sinfra/Vavoua/Nord/Sud exclues sauf mention explicite,NUMBER_0_100,Lecture isolée d’un nombre pour une quantité ou un montant; l’unité et le contexte doivent être ajoutés.,MEDIUM,quinze,quinze,,,DRAFT,true,,,NON_TESTE,
PROVISIONAL_FRM_NUMBER_016,,Gouro,goa,Gouro de Zuénoula (goa) ; variantes Sinfra/Vavoua/Nord/Sud exclues sauf mention explicite,NUMBER_0_100,Lecture isolée d’un nombre pour une quantité ou un montant; l’unité et le contexte doivent être ajoutés.,MEDIUM,seize,seize,,,DRAFT,true,,,NON_TESTE,
PROVISIONAL_FRM_NUMBER_017,,Gouro,goa,Gouro de Zuénoula (goa) ; variantes Sinfra/Vavoua/Nord/Sud exclues sauf mention explicite,NUMBER_0_100,Lecture isolée d’un nombre pour une quantité ou un montant; l’unité et le contexte doivent être ajoutés.,MEDIUM,dix-sept,dix-sept,,,DRAFT,true,,,NON_TESTE,
PROVISIONAL_FRM_NUMBER_018,,Gouro,goa,Gouro de Zuénoula (goa) ; variantes Sinfra/Vavoua/Nord/Sud exclues sauf mention explicite,NUMBER_0_100,Lecture isolée d’un nombre pour une quantité ou un montant; l’unité et le contexte doivent être ajoutés.,MEDIUM,dix-huit,dix-huit,,,DRAFT,true,,,NON_TESTE,
PROVISIONAL_FRM_NUMBER_019,,Gouro,goa,Gouro de Zuénoula (goa) ; variantes Sinfra/Vavoua/Nord/Sud exclues sauf mention explicite,NUMBER_0_100,Lecture isolée d’un nombre pour une quantité ou un montant; l’unité et le contexte doivent être ajoutés.,MEDIUM,dix-neuf,dix-neuf,,,DRAFT,true,,,NON_TESTE,
PROVISIONAL_FRM_NUMBER_020,,Gouro,goa,Gouro de Zuénoula (goa) ; variantes Sinfra/Vavoua/Nord/Sud exclues sauf mention explicite,NUMBER_0_100,Lecture isolée d’un nombre pour une quantité ou un montant; l’unité et le contexte doivent être ajoutés.,MEDIUM,vingt,vingt,yɔ dʋ,yɔ dʋ,DRAFT,true,,,NON_TESTE,
PROVISIONAL_FRM_NUMBER_021,,Gouro,goa,Gouro de Zuénoula (goa) ; variantes Sinfra/Vavoua/Nord/Sud exclues sauf mention explicite,NUMBER_0_100,Lecture isolée d’un nombre pour une quantité ou un montant; l’unité et le contexte doivent être ajoutés.,MEDIUM,vingt et un,vingt et un,,,DRAFT,true,,,NON_TESTE,
PROVISIONAL_FRM_NUMBER_022,,Gouro,goa,Gouro de Zuénoula (goa) ; variantes Sinfra/Vavoua/Nord/Sud exclues sauf mention explicite,NUMBER_0_100,Lecture isolée d’un nombre pour une quantité ou un montant; l’unité et le contexte doivent être ajoutés.,MEDIUM,vingt-deux,vingt-deux,,,DRAFT,true,,,NON_TESTE,
PROVISIONAL_FRM_NUMBER_023,,Gouro,goa,Gouro de Zuénoula (goa) ; variantes Sinfra/Vavoua/Nord/Sud exclues sauf mention explicite,NUMBER_0_100,Lecture isolée d’un nombre pour une quantité ou un montant; l’unité et le contexte doivent être ajoutés.,MEDIUM,vingt-trois,vingt-trois,,,DRAFT,true,,,NON_TESTE,
PROVISIONAL_FRM_NUMBER_024,,Gouro,goa,Gouro de Zuénoula (goa) ; variantes Sinfra/Vavoua/Nord/Sud exclues sauf mention explicite,NUMBER_0_100,Lecture isolée d’un nombre pour une quantité ou un montant; l’unité et le contexte doivent être ajoutés.,MEDIUM,vingt-quatre,vingt-quatre,,,DRAFT,true,,,NON_TESTE,
PROVISIONAL_FRM_NUMBER_025,,Gouro,goa,Gouro de Zuénoula (goa) ; variantes Sinfra/Vavoua/Nord/Sud exclues sauf mention explicite,NUMBER_0_100,Lecture isolée d’un nombre pour une quantité ou un montant; l’unité et le contexte doivent être ajoutés.,MEDIUM,vingt-cinq,vingt-cinq,,,DRAFT,true,,,NON_TESTE,
PROVISIONAL_FRM_NUMBER_026,,Gouro,goa,Gouro de Zuénoula (goa) ; variantes Sinfra/Vavoua/Nord/Sud exclues sauf mention explicite,NUMBER_0_100,Lecture isolée d’un nombre pour une quantité ou un montant; l’unité et le contexte doivent être ajoutés.,MEDIUM,vingt-six,vingt-six,,,DRAFT,true,,,NON_TESTE,
PROVISIONAL_FRM_NUMBER_027,,Gouro,goa,Gouro de Zuénoula (goa) ; variantes Sinfra/Vavoua/Nord/Sud exclues sauf mention explicite,NUMBER_0_100,Lecture isolée d’un nombre pour une quantité ou un montant; l’unité et le contexte doivent être ajoutés.,MEDIUM,vingt-sept,vingt-sept,,,DRAFT,true,,,NON_TESTE,
PROVISIONAL_FRM_NUMBER_028,,Gouro,goa,Gouro de Zuénoula (goa) ; variantes Sinfra/Vavoua/Nord/Sud exclues sauf mention explicite,NUMBER_0_100,Lecture isolée d’un nombre pour une quantité ou un montant; l’unité et le contexte doivent être ajoutés.,MEDIUM,vingt-huit,vingt-huit,,,DRAFT,true,,,NON_TESTE,
PROVISIONAL_FRM_NUMBER_029,,Gouro,goa,Gouro de Zuénoula (goa) ; variantes Sinfra/Vavoua/Nord/Sud exclues sauf mention explicite,NUMBER_0_100,Lecture isolée d’un nombre pour une quantité ou un montant; l’unité et le contexte doivent être ajoutés.,MEDIUM,vingt-neuf,vingt-neuf,,,DRAFT,true,,,NON_TESTE,
PROVISIONAL_FRM_NUMBER_030,,Gouro,goa,Gouro de Zuénoula (goa) ; variantes Sinfra/Vavoua/Nord/Sud exclues sauf mention explicite,NUMBER_0_100,Lecture isolée d’un nombre pour une quantité ou un montant; l’unité et le contexte doivent être ajoutés.,MEDIUM,trente,trente,yɔ dʋ wɔ́lɛ́ vu,yɔ dʋ wɔ́lɛ́ vu,DRAFT,true,,,NON_TESTE,
PROVISIONAL_FRM_NUMBER_031,,Gouro,goa,Gouro de Zuénoula (goa) ; variantes Sinfra/Vavoua/Nord/Sud exclues sauf mention explicite,NUMBER_0_100,Lecture isolée d’un nombre pour une quantité ou un montant; l’unité et le contexte doivent être ajoutés.,MEDIUM,trente et un,trente et un,,,DRAFT,true,,,NON_TESTE,
PROVISIONAL_FRM_NUMBER_032,,Gouro,goa,Gouro de Zuénoula (goa) ; variantes Sinfra/Vavoua/Nord/Sud exclues sauf mention explicite,NUMBER_0_100,Lecture isolée d’un nombre pour une quantité ou un montant; l’unité et le contexte doivent être ajoutés.,MEDIUM,trente-deux,trente-deux,,,DRAFT,true,,,NON_TESTE,
PROVISIONAL_FRM_NUMBER_033,,Gouro,goa,Gouro de Zuénoula (goa) ; variantes Sinfra/Vavoua/Nord/Sud exclues sauf mention explicite,NUMBER_0_100,Lecture isolée d’un nombre pour une quantité ou un montant; l’unité et le contexte doivent être ajoutés.,MEDIUM,trente-trois,trente-trois,,,DRAFT,true,,,NON_TESTE,
PROVISIONAL_FRM_NUMBER_034,,Gouro,goa,Gouro de Zuénoula (goa) ; variantes Sinfra/Vavoua/Nord/Sud exclues sauf mention explicite,NUMBER_0_100,Lecture isolée d’un nombre pour une quantité ou un montant; l’unité et le contexte doivent être ajoutés.,MEDIUM,trente-quatre,trente-quatre,,,DRAFT,true,,,NON_TESTE,
PROVISIONAL_FRM_NUMBER_035,,Gouro,goa,Gouro de Zuénoula (goa) ; variantes Sinfra/Vavoua/Nord/Sud exclues sauf mention explicite,NUMBER_0_100,Lecture isolée d’un nombre pour une quantité ou un montant; l’unité et le contexte doivent être ajoutés.,MEDIUM,trente-cinq,trente-cinq,,,DRAFT,true,,,NON_TESTE,
PROVISIONAL_FRM_NUMBER_036,,Gouro,goa,Gouro de Zuénoula (goa) ; variantes Sinfra/Vavoua/Nord/Sud exclues sauf mention explicite,NUMBER_0_100,Lecture isolée d’un nombre pour une quantité ou un montant; l’unité et le contexte doivent être ajoutés.,MEDIUM,trente-six,trente-six,,,DRAFT,true,,,NON_TESTE,
PROVISIONAL_FRM_NUMBER_037,,Gouro,goa,Gouro de Zuénoula (goa) ; variantes Sinfra/Vavoua/Nord/Sud exclues sauf mention explicite,NUMBER_0_100,Lecture isolée d’un nombre pour une quantité ou un montant; l’unité et le contexte doivent être ajoutés.,MEDIUM,trente-sept,trente-sept,,,DRAFT,true,,,NON_TESTE,
PROVISIONAL_FRM_NUMBER_038,,Gouro,goa,Gouro de Zuénoula (goa) ; variantes Sinfra/Vavoua/Nord/Sud exclues sauf mention explicite,NUMBER_0_100,Lecture isolée d’un nombre pour une quantité ou un montant; l’unité et le contexte doivent être ajoutés.,MEDIUM,trente-huit,trente-huit,,,DRAFT,true,,,NON_TESTE,
PROVISIONAL_FRM_NUMBER_039,,Gouro,goa,Gouro de Zuénoula (goa) ; variantes Sinfra/Vavoua/Nord/Sud exclues sauf mention explicite,NUMBER_0_100,Lecture isolée d’un nombre pour une quantité ou un montant; l’unité et le contexte doivent être ajoutés.,MEDIUM,trente-neuf,trente-neuf,,,DRAFT,true,,,NON_TESTE,
PROVISIONAL_FRM_NUMBER_040,,Gouro,goa,Gouro de Zuénoula (goa) ; variantes Sinfra/Vavoua/Nord/Sud exclues sauf mention explicite,NUMBER_0_100,Lecture isolée d’un nombre pour une quantité ou un montant; l’unité et le contexte doivent être ajoutés.,MEDIUM,quarante,quarante,,,DRAFT,true,,,NON_TESTE,
PROVISIONAL_FRM_NUMBER_041,,Gouro,goa,Gouro de Zuénoula (goa) ; variantes Sinfra/Vavoua/Nord/Sud exclues sauf mention explicite,NUMBER_0_100,Lecture isolée d’un nombre pour une quantité ou un montant; l’unité et le contexte doivent être ajoutés.,MEDIUM,quarante et un,quarante et un,,,DRAFT,true,,,NON_TESTE,
PROVISIONAL_FRM_NUMBER_042,,Gouro,goa,Gouro de Zuénoula (goa) ; variantes Sinfra/Vavoua/Nord/Sud exclues sauf mention explicite,NUMBER_0_100,Lecture isolée d’un nombre pour une quantité ou un montant; l’unité et le contexte doivent être ajoutés.,MEDIUM,quarante-deux,quarante-deux,,,DRAFT,true,,,NON_TESTE,
PROVISIONAL_FRM_NUMBER_043,,Gouro,goa,Gouro de Zuénoula (goa) ; variantes Sinfra/Vavoua/Nord/Sud exclues sauf mention explicite,NUMBER_0_100,Lecture isolée d’un nombre pour une quantité ou un montant; l’unité et le contexte doivent être ajoutés.,MEDIUM,quarante-trois,quarante-trois,,,DRAFT,true,,,NON_TESTE,
PROVISIONAL_FRM_NUMBER_044,,Gouro,goa,Gouro de Zuénoula (goa) ; variantes Sinfra/Vavoua/Nord/Sud exclues sauf mention explicite,NUMBER_0_100,Lecture isolée d’un nombre pour une quantité ou un montant; l’unité et le contexte doivent être ajoutés.,MEDIUM,quarante-quatre,quarante-quatre,,,DRAFT,true,,,NON_TESTE,
PROVISIONAL_FRM_NUMBER_045,,Gouro,goa,Gouro de Zuénoula (goa) ; variantes Sinfra/Vavoua/Nord/Sud exclues sauf mention explicite,NUMBER_0_100,Lecture isolée d’un nombre pour une quantité ou un montant; l’unité et le contexte doivent être ajoutés.,MEDIUM,quarante-cinq,quarante-cinq,,,DRAFT,true,,,NON_TESTE,
PROVISIONAL_FRM_NUMBER_046,,Gouro,goa,Gouro de Zuénoula (goa) ; variantes Sinfra/Vavoua/Nord/Sud exclues sauf mention explicite,NUMBER_0_100,Lecture isolée d’un nombre pour une quantité ou un montant; l’unité et le contexte doivent être ajoutés.,MEDIUM,quarante-six,quarante-six,,,DRAFT,true,,,NON_TESTE,
PROVISIONAL_FRM_NUMBER_047,,Gouro,goa,Gouro de Zuénoula (goa) ; variantes Sinfra/Vavoua/Nord/Sud exclues sauf mention explicite,NUMBER_0_100,Lecture isolée d’un nombre pour une quantité ou un montant; l’unité et le contexte doivent être ajoutés.,MEDIUM,quarante-sept,quarante-sept,,,DRAFT,true,,,NON_TESTE,
PROVISIONAL_FRM_NUMBER_048,,Gouro,goa,Gouro de Zuénoula (goa) ; variantes Sinfra/Vavoua/Nord/Sud exclues sauf mention explicite,NUMBER_0_100,Lecture isolée d’un nombre pour une quantité ou un montant; l’unité et le contexte doivent être ajoutés.,MEDIUM,quarante-huit,quarante-huit,,,DRAFT,true,,,NON_TESTE,
PROVISIONAL_FRM_NUMBER_049,,Gouro,goa,Gouro de Zuénoula (goa) ; variantes Sinfra/Vavoua/Nord/Sud exclues sauf mention explicite,NUMBER_0_100,Lecture isolée d’un nombre pour une quantité ou un montant; l’unité et le contexte doivent être ajoutés.,MEDIUM,quarante-neuf,quarante-neuf,,,DRAFT,true,,,NON_TESTE,
PROVISIONAL_FRM_NUMBER_050,,Gouro,goa,Gouro de Zuénoula (goa) ; variantes Sinfra/Vavoua/Nord/Sud exclues sauf mention explicite,NUMBER_0_100,Lecture isolée d’un nombre pour une quantité ou un montant; l’unité et le contexte doivent être ajoutés.,MEDIUM,cinquante,cinquante,,,DRAFT,true,,,NON_TESTE,
PROVISIONAL_FRM_NUMBER_051,,Gouro,goa,Gouro de Zuénoula (goa) ; variantes Sinfra/Vavoua/Nord/Sud exclues sauf mention explicite,NUMBER_0_100,Lecture isolée d’un nombre pour une quantité ou un montant; l’unité et le contexte doivent être ajoutés.,MEDIUM,cinquante et un,cinquante et un,,,DRAFT,true,,,NON_TESTE,
PROVISIONAL_FRM_NUMBER_052,,Gouro,goa,Gouro de Zuénoula (goa) ; variantes Sinfra/Vavoua/Nord/Sud exclues sauf mention explicite,NUMBER_0_100,Lecture isolée d’un nombre pour une quantité ou un montant; l’unité et le contexte doivent être ajoutés.,MEDIUM,cinquante-deux,cinquante-deux,,,DRAFT,true,,,NON_TESTE,
PROVISIONAL_FRM_NUMBER_053,,Gouro,goa,Gouro de Zuénoula (goa) ; variantes Sinfra/Vavoua/Nord/Sud exclues sauf mention explicite,NUMBER_0_100,Lecture isolée d’un nombre pour une quantité ou un montant; l’unité et le contexte doivent être ajoutés.,MEDIUM,cinquante-trois,cinquante-trois,,,DRAFT,true,,,NON_TESTE,
PROVISIONAL_FRM_NUMBER_054,,Gouro,goa,Gouro de Zuénoula (goa) ; variantes Sinfra/Vavoua/Nord/Sud exclues sauf mention explicite,NUMBER_0_100,Lecture isolée d’un nombre pour une quantité ou un montant; l’unité et le contexte doivent être ajoutés.,MEDIUM,cinquante-quatre,cinquante-quatre,,,DRAFT,true,,,NON_TESTE,
PROVISIONAL_FRM_NUMBER_055,,Gouro,goa,Gouro de Zuénoula (goa) ; variantes Sinfra/Vavoua/Nord/Sud exclues sauf mention explicite,NUMBER_0_100,Lecture isolée d’un nombre pour une quantité ou un montant; l’unité et le contexte doivent être ajoutés.,MEDIUM,cinquante-cinq,cinquante-cinq,,,DRAFT,true,,,NON_TESTE,
PROVISIONAL_FRM_NUMBER_056,,Gouro,goa,Gouro de Zuénoula (goa) ; variantes Sinfra/Vavoua/Nord/Sud exclues sauf mention explicite,NUMBER_0_100,Lecture isolée d’un nombre pour une quantité ou un montant; l’unité et le contexte doivent être ajoutés.,MEDIUM,cinquante-six,cinquante-six,,,DRAFT,true,,,NON_TESTE,
PROVISIONAL_FRM_NUMBER_057,,Gouro,goa,Gouro de Zuénoula (goa) ; variantes Sinfra/Vavoua/Nord/Sud exclues sauf mention explicite,NUMBER_0_100,Lecture isolée d’un nombre pour une quantité ou un montant; l’unité et le contexte doivent être ajoutés.,MEDIUM,cinquante-sept,cinquante-sept,,,DRAFT,true,,,NON_TESTE,
PROVISIONAL_FRM_NUMBER_058,,Gouro,goa,Gouro de Zuénoula (goa) ; variantes Sinfra/Vavoua/Nord/Sud exclues sauf mention explicite,NUMBER_0_100,Lecture isolée d’un nombre pour une quantité ou un montant; l’unité et le contexte doivent être ajoutés.,MEDIUM,cinquante-huit,cinquante-huit,,,DRAFT,true,,,NON_TESTE,
PROVISIONAL_FRM_NUMBER_059,,Gouro,goa,Gouro de Zuénoula (goa) ; variantes Sinfra/Vavoua/Nord/Sud exclues sauf mention explicite,NUMBER_0_100,Lecture isolée d’un nombre pour une quantité ou un montant; l’unité et le contexte doivent être ajoutés.,MEDIUM,cinquante-neuf,cinquante-neuf,,,DRAFT,true,,,NON_TESTE,
PROVISIONAL_FRM_NUMBER_060,,Gouro,goa,Gouro de Zuénoula (goa) ; variantes Sinfra/Vavoua/Nord/Sud exclues sauf mention explicite,NUMBER_0_100,Lecture isolée d’un nombre pour une quantité ou un montant; l’unité et le contexte doivent être ajoutés.,MEDIUM,soixante,soixante,,,DRAFT,true,,,NON_TESTE,
PROVISIONAL_FRM_NUMBER_061,,Gouro,goa,Gouro de Zuénoula (goa) ; variantes Sinfra/Vavoua/Nord/Sud exclues sauf mention explicite,NUMBER_0_100,Lecture isolée d’un nombre pour une quantité ou un montant; l’unité et le contexte doivent être ajoutés.,MEDIUM,soixante et un,soixante et un,,,DRAFT,true,,,NON_TESTE,
PROVISIONAL_FRM_NUMBER_062,,Gouro,goa,Gouro de Zuénoula (goa) ; variantes Sinfra/Vavoua/Nord/Sud exclues sauf mention explicite,NUMBER_0_100,Lecture isolée d’un nombre pour une quantité ou un montant; l’unité et le contexte doivent être ajoutés.,MEDIUM,soixante-deux,soixante-deux,,,DRAFT,true,,,NON_TESTE,
PROVISIONAL_FRM_NUMBER_063,,Gouro,goa,Gouro de Zuénoula (goa) ; variantes Sinfra/Vavoua/Nord/Sud exclues sauf mention explicite,NUMBER_0_100,Lecture isolée d’un nombre pour une quantité ou un montant; l’unité et le contexte doivent être ajoutés.,MEDIUM,soixante-trois,soixante-trois,,,DRAFT,true,,,NON_TESTE,
PROVISIONAL_FRM_NUMBER_064,,Gouro,goa,Gouro de Zuénoula (goa) ; variantes Sinfra/Vavoua/Nord/Sud exclues sauf mention explicite,NUMBER_0_100,Lecture isolée d’un nombre pour une quantité ou un montant; l’unité et le contexte doivent être ajoutés.,MEDIUM,soixante-quatre,soixante-quatre,,,DRAFT,true,,,NON_TESTE,
PROVISIONAL_FRM_NUMBER_065,,Gouro,goa,Gouro de Zuénoula (goa) ; variantes Sinfra/Vavoua/Nord/Sud exclues sauf mention explicite,NUMBER_0_100,Lecture isolée d’un nombre pour une quantité ou un montant; l’unité et le contexte doivent être ajoutés.,MEDIUM,soixante-cinq,soixante-cinq,,,DRAFT,true,,,NON_TESTE,
PROVISIONAL_FRM_NUMBER_066,,Gouro,goa,Gouro de Zuénoula (goa) ; variantes Sinfra/Vavoua/Nord/Sud exclues sauf mention explicite,NUMBER_0_100,Lecture isolée d’un nombre pour une quantité ou un montant; l’unité et le contexte doivent être ajoutés.,MEDIUM,soixante-six,soixante-six,,,DRAFT,true,,,NON_TESTE,
PROVISIONAL_FRM_NUMBER_067,,Gouro,goa,Gouro de Zuénoula (goa) ; variantes Sinfra/Vavoua/Nord/Sud exclues sauf mention explicite,NUMBER_0_100,Lecture isolée d’un nombre pour une quantité ou un montant; l’unité et le contexte doivent être ajoutés.,MEDIUM,soixante-sept,soixante-sept,,,DRAFT,true,,,NON_TESTE,
PROVISIONAL_FRM_NUMBER_068,,Gouro,goa,Gouro de Zuénoula (goa) ; variantes Sinfra/Vavoua/Nord/Sud exclues sauf mention explicite,NUMBER_0_100,Lecture isolée d’un nombre pour une quantité ou un montant; l’unité et le contexte doivent être ajoutés.,MEDIUM,soixante-huit,soixante-huit,,,DRAFT,true,,,NON_TESTE,
PROVISIONAL_FRM_NUMBER_069,,Gouro,goa,Gouro de Zuénoula (goa) ; variantes Sinfra/Vavoua/Nord/Sud exclues sauf mention explicite,NUMBER_0_100,Lecture isolée d’un nombre pour une quantité ou un montant; l’unité et le contexte doivent être ajoutés.,MEDIUM,soixante-neuf,soixante-neuf,,,DRAFT,true,,,NON_TESTE,
PROVISIONAL_FRM_NUMBER_070,,Gouro,goa,Gouro de Zuénoula (goa) ; variantes Sinfra/Vavoua/Nord/Sud exclues sauf mention explicite,NUMBER_0_100,Lecture isolée d’un nombre pour une quantité ou un montant; l’unité et le contexte doivent être ajoutés.,MEDIUM,soixante-dix,soixante-dix,,,DRAFT,true,,,NON_TESTE,
PROVISIONAL_FRM_NUMBER_071,,Gouro,goa,Gouro de Zuénoula (goa) ; variantes Sinfra/Vavoua/Nord/Sud exclues sauf mention explicite,NUMBER_0_100,Lecture isolée d’un nombre pour une quantité ou un montant; l’unité et le contexte doivent être ajoutés.,MEDIUM,soixante et onze,soixante et onze,,,DRAFT,true,,,NON_TESTE,
PROVISIONAL_FRM_NUMBER_072,,Gouro,goa,Gouro de Zuénoula (goa) ; variantes Sinfra/Vavoua/Nord/Sud exclues sauf mention explicite,NUMBER_0_100,Lecture isolée d’un nombre pour une quantité ou un montant; l’unité et le contexte doivent être ajoutés.,MEDIUM,soixante-douze,soixante-douze,,,DRAFT,true,,,NON_TESTE,
PROVISIONAL_FRM_NUMBER_073,,Gouro,goa,Gouro de Zuénoula (goa) ; variantes Sinfra/Vavoua/Nord/Sud exclues sauf mention explicite,NUMBER_0_100,Lecture isolée d’un nombre pour une quantité ou un montant; l’unité et le contexte doivent être ajoutés.,MEDIUM,soixante-treize,soixante-treize,,,DRAFT,true,,,NON_TESTE,
PROVISIONAL_FRM_NUMBER_074,,Gouro,goa,Gouro de Zuénoula (goa) ; variantes Sinfra/Vavoua/Nord/Sud exclues sauf mention explicite,NUMBER_0_100,Lecture isolée d’un nombre pour une quantité ou un montant; l’unité et le contexte doivent être ajoutés.,MEDIUM,soixante-quatorze,soixante-quatorze,,,DRAFT,true,,,NON_TESTE,
PROVISIONAL_FRM_NUMBER_075,,Gouro,goa,Gouro de Zuénoula (goa) ; variantes Sinfra/Vavoua/Nord/Sud exclues sauf mention explicite,NUMBER_0_100,Lecture isolée d’un nombre pour une quantité ou un montant; l’unité et le contexte doivent être ajoutés.,MEDIUM,soixante-quinze,soixante-quinze,,,DRAFT,true,,,NON_TESTE,
PROVISIONAL_FRM_NUMBER_076,,Gouro,goa,Gouro de Zuénoula (goa) ; variantes Sinfra/Vavoua/Nord/Sud exclues sauf mention explicite,NUMBER_0_100,Lecture isolée d’un nombre pour une quantité ou un montant; l’unité et le contexte doivent être ajoutés.,MEDIUM,soixante-seize,soixante-seize,,,DRAFT,true,,,NON_TESTE,
PROVISIONAL_FRM_NUMBER_077,,Gouro,goa,Gouro de Zuénoula (goa) ; variantes Sinfra/Vavoua/Nord/Sud exclues sauf mention explicite,NUMBER_0_100,Lecture isolée d’un nombre pour une quantité ou un montant; l’unité et le contexte doivent être ajoutés.,MEDIUM,soixante-dix-sept,soixante-dix-sept,,,DRAFT,true,,,NON_TESTE,
PROVISIONAL_FRM_NUMBER_078,,Gouro,goa,Gouro de Zuénoula (goa) ; variantes Sinfra/Vavoua/Nord/Sud exclues sauf mention explicite,NUMBER_0_100,Lecture isolée d’un nombre pour une quantité ou un montant; l’unité et le contexte doivent être ajoutés.,MEDIUM,soixante-dix-huit,soixante-dix-huit,,,DRAFT,true,,,NON_TESTE,
PROVISIONAL_FRM_NUMBER_079,,Gouro,goa,Gouro de Zuénoula (goa) ; variantes Sinfra/Vavoua/Nord/Sud exclues sauf mention explicite,NUMBER_0_100,Lecture isolée d’un nombre pour une quantité ou un montant; l’unité et le contexte doivent être ajoutés.,MEDIUM,soixante-dix-neuf,soixante-dix-neuf,,,DRAFT,true,,,NON_TESTE,
PROVISIONAL_FRM_NUMBER_080,,Gouro,goa,Gouro de Zuénoula (goa) ; variantes Sinfra/Vavoua/Nord/Sud exclues sauf mention explicite,NUMBER_0_100,Lecture isolée d’un nombre pour une quantité ou un montant; l’unité et le contexte doivent être ajoutés.,MEDIUM,quatre-vingts,quatre-vingts,,,DRAFT,true,,,NON_TESTE,
PROVISIONAL_FRM_NUMBER_081,,Gouro,goa,Gouro de Zuénoula (goa) ; variantes Sinfra/Vavoua/Nord/Sud exclues sauf mention explicite,NUMBER_0_100,Lecture isolée d’un nombre pour une quantité ou un montant; l’unité et le contexte doivent être ajoutés.,MEDIUM,quatre-vingt-un,quatre-vingt-un,,,DRAFT,true,,,NON_TESTE,
PROVISIONAL_FRM_NUMBER_082,,Gouro,goa,Gouro de Zuénoula (goa) ; variantes Sinfra/Vavoua/Nord/Sud exclues sauf mention explicite,NUMBER_0_100,Lecture isolée d’un nombre pour une quantité ou un montant; l’unité et le contexte doivent être ajoutés.,MEDIUM,quatre-vingt-deux,quatre-vingt-deux,,,DRAFT,true,,,NON_TESTE,
PROVISIONAL_FRM_NUMBER_083,,Gouro,goa,Gouro de Zuénoula (goa) ; variantes Sinfra/Vavoua/Nord/Sud exclues sauf mention explicite,NUMBER_0_100,Lecture isolée d’un nombre pour une quantité ou un montant; l’unité et le contexte doivent être ajoutés.,MEDIUM,quatre-vingt-trois,quatre-vingt-trois,,,DRAFT,true,,,NON_TESTE,
PROVISIONAL_FRM_NUMBER_084,,Gouro,goa,Gouro de Zuénoula (goa) ; variantes Sinfra/Vavoua/Nord/Sud exclues sauf mention explicite,NUMBER_0_100,Lecture isolée d’un nombre pour une quantité ou un montant; l’unité et le contexte doivent être ajoutés.,MEDIUM,quatre-vingt-quatre,quatre-vingt-quatre,,,DRAFT,true,,,NON_TESTE,
PROVISIONAL_FRM_NUMBER_085,,Gouro,goa,Gouro de Zuénoula (goa) ; variantes Sinfra/Vavoua/Nord/Sud exclues sauf mention explicite,NUMBER_0_100,Lecture isolée d’un nombre pour une quantité ou un montant; l’unité et le contexte doivent être ajoutés.,MEDIUM,quatre-vingt-cinq,quatre-vingt-cinq,,,DRAFT,true,,,NON_TESTE,
PROVISIONAL_FRM_NUMBER_086,,Gouro,goa,Gouro de Zuénoula (goa) ; variantes Sinfra/Vavoua/Nord/Sud exclues sauf mention explicite,NUMBER_0_100,Lecture isolée d’un nombre pour une quantité ou un montant; l’unité et le contexte doivent être ajoutés.,MEDIUM,quatre-vingt-six,quatre-vingt-six,,,DRAFT,true,,,NON_TESTE,
PROVISIONAL_FRM_NUMBER_087,,Gouro,goa,Gouro de Zuénoula (goa) ; variantes Sinfra/Vavoua/Nord/Sud exclues sauf mention explicite,NUMBER_0_100,Lecture isolée d’un nombre pour une quantité ou un montant; l’unité et le contexte doivent être ajoutés.,MEDIUM,quatre-vingt-sept,quatre-vingt-sept,,,DRAFT,true,,,NON_TESTE,
PROVISIONAL_FRM_NUMBER_088,,Gouro,goa,Gouro de Zuénoula (goa) ; variantes Sinfra/Vavoua/Nord/Sud exclues sauf mention explicite,NUMBER_0_100,Lecture isolée d’un nombre pour une quantité ou un montant; l’unité et le contexte doivent être ajoutés.,MEDIUM,quatre-vingt-huit,quatre-vingt-huit,,,DRAFT,true,,,NON_TESTE,
PROVISIONAL_FRM_NUMBER_089,,Gouro,goa,Gouro de Zuénoula (goa) ; variantes Sinfra/Vavoua/Nord/Sud exclues sauf mention explicite,NUMBER_0_100,Lecture isolée d’un nombre pour une quantité ou un montant; l’unité et le contexte doivent être ajoutés.,MEDIUM,quatre-vingt-neuf,quatre-vingt-neuf,,,DRAFT,true,,,NON_TESTE,
PROVISIONAL_FRM_NUMBER_090,,Gouro,goa,Gouro de Zuénoula (goa) ; variantes Sinfra/Vavoua/Nord/Sud exclues sauf mention explicite,NUMBER_0_100,Lecture isolée d’un nombre pour une quantité ou un montant; l’unité et le contexte doivent être ajoutés.,MEDIUM,quatre-vingt-dix,quatre-vingt-dix,,,DRAFT,true,,,NON_TESTE,
PROVISIONAL_FRM_NUMBER_091,,Gouro,goa,Gouro de Zuénoula (goa) ; variantes Sinfra/Vavoua/Nord/Sud exclues sauf mention explicite,NUMBER_0_100,Lecture isolée d’un nombre pour une quantité ou un montant; l’unité et le contexte doivent être ajoutés.,MEDIUM,quatre-vingt-onze,quatre-vingt-onze,,,DRAFT,true,,,NON_TESTE,
PROVISIONAL_FRM_NUMBER_092,,Gouro,goa,Gouro de Zuénoula (goa) ; variantes Sinfra/Vavoua/Nord/Sud exclues sauf mention explicite,NUMBER_0_100,Lecture isolée d’un nombre pour une quantité ou un montant; l’unité et le contexte doivent être ajoutés.,MEDIUM,quatre-vingt-douze,quatre-vingt-douze,,,DRAFT,true,,,NON_TESTE,
PROVISIONAL_FRM_NUMBER_093,,Gouro,goa,Gouro de Zuénoula (goa) ; variantes Sinfra/Vavoua/Nord/Sud exclues sauf mention explicite,NUMBER_0_100,Lecture isolée d’un nombre pour une quantité ou un montant; l’unité et le contexte doivent être ajoutés.,MEDIUM,quatre-vingt-treize,quatre-vingt-treize,,,DRAFT,true,,,NON_TESTE,
PROVISIONAL_FRM_NUMBER_094,,Gouro,goa,Gouro de Zuénoula (goa) ; variantes Sinfra/Vavoua/Nord/Sud exclues sauf mention explicite,NUMBER_0_100,Lecture isolée d’un nombre pour une quantité ou un montant; l’unité et le contexte doivent être ajoutés.,MEDIUM,quatre-vingt-quatorze,quatre-vingt-quatorze,,,DRAFT,true,,,NON_TESTE,
PROVISIONAL_FRM_NUMBER_095,,Gouro,goa,Gouro de Zuénoula (goa) ; variantes Sinfra/Vavoua/Nord/Sud exclues sauf mention explicite,NUMBER_0_100,Lecture isolée d’un nombre pour une quantité ou un montant; l’unité et le contexte doivent être ajoutés.,MEDIUM,quatre-vingt-quinze,quatre-vingt-quinze,,,DRAFT,true,,,NON_TESTE,
PROVISIONAL_FRM_NUMBER_096,,Gouro,goa,Gouro de Zuénoula (goa) ; variantes Sinfra/Vavoua/Nord/Sud exclues sauf mention explicite,NUMBER_0_100,Lecture isolée d’un nombre pour une quantité ou un montant; l’unité et le contexte doivent être ajoutés.,MEDIUM,quatre-vingt-seize,quatre-vingt-seize,,,DRAFT,true,,,NON_TESTE,
PROVISIONAL_FRM_NUMBER_097,,Gouro,goa,Gouro de Zuénoula (goa) ; variantes Sinfra/Vavoua/Nord/Sud exclues sauf mention explicite,NUMBER_0_100,Lecture isolée d’un nombre pour une quantité ou un montant; l’unité et le contexte doivent être ajoutés.,MEDIUM,quatre-vingt-dix-sept,quatre-vingt-dix-sept,,,DRAFT,true,,,NON_TESTE,
PROVISIONAL_FRM_NUMBER_098,,Gouro,goa,Gouro de Zuénoula (goa) ; variantes Sinfra/Vavoua/Nord/Sud exclues sauf mention explicite,NUMBER_0_100,Lecture isolée d’un nombre pour une quantité ou un montant; l’unité et le contexte doivent être ajoutés.,MEDIUM,quatre-vingt-dix-huit,quatre-vingt-dix-huit,,,DRAFT,true,,,NON_TESTE,
PROVISIONAL_FRM_NUMBER_099,,Gouro,goa,Gouro de Zuénoula (goa) ; variantes Sinfra/Vavoua/Nord/Sud exclues sauf mention explicite,NUMBER_0_100,Lecture isolée d’un nombre pour une quantité ou un montant; l’unité et le contexte doivent être ajoutés.,MEDIUM,quatre-vingt-dix-neuf,quatre-vingt-dix-neuf,,,DRAFT,true,,,NON_TESTE,
PROVISIONAL_FRM_NUMBER_100,,Gouro,goa,Gouro de Zuénoula (goa) ; variantes Sinfra/Vavoua/Nord/Sud exclues sauf mention explicite,NUMBER_0_100,Lecture isolée d’un nombre pour une quantité ou un montant; l’unité et le contexte doivent être ajoutés.,MEDIUM,cent,cent,,,DRAFT,true,,,NON_TESTE,
PROVISIONAL_FRM_NUMBER_HUNDRED_200,,Gouro,goa,Gouro de Zuénoula (goa) ; variantes Sinfra/Vavoua/Nord/Sud exclues sauf mention explicite,NUMBER_HUNDREDS,Lecture isolée d’une centaine ou de mille; l’unité et le contexte doivent être ajoutés.,MEDIUM,deux cents,deux cents,wúlù,wúlù | wúlû,DRAFT,true,,,NON_TESTE,
PROVISIONAL_FRM_NUMBER_HUNDRED_300,,Gouro,goa,Gouro de Zuénoula (goa) ; variantes Sinfra/Vavoua/Nord/Sud exclues sauf mention explicite,NUMBER_HUNDREDS,Lecture isolée d’une centaine ou de mille; l’unité et le contexte doivent être ajoutés.,MEDIUM,trois cents,trois cents,,,DRAFT,true,,,NON_TESTE,
PROVISIONAL_FRM_NUMBER_HUNDRED_400,,Gouro,goa,Gouro de Zuénoula (goa) ; variantes Sinfra/Vavoua/Nord/Sud exclues sauf mention explicite,NUMBER_HUNDREDS,Lecture isolée d’une centaine ou de mille; l’unité et le contexte doivent être ajoutés.,MEDIUM,quatre cents,quatre cents,,,DRAFT,true,,,NON_TESTE,
PROVISIONAL_FRM_NUMBER_HUNDRED_500,,Gouro,goa,Gouro de Zuénoula (goa) ; variantes Sinfra/Vavoua/Nord/Sud exclues sauf mention explicite,NUMBER_HUNDREDS,Lecture isolée d’une centaine ou de mille; l’unité et le contexte doivent être ajoutés.,MEDIUM,cinq cents,cinq cents,,,DRAFT,true,,,NON_TESTE,
PROVISIONAL_FRM_NUMBER_HUNDRED_600,,Gouro,goa,Gouro de Zuénoula (goa) ; variantes Sinfra/Vavoua/Nord/Sud exclues sauf mention explicite,NUMBER_HUNDREDS,Lecture isolée d’une centaine ou de mille; l’unité et le contexte doivent être ajoutés.,MEDIUM,six cents,six cents,,,DRAFT,true,,,NON_TESTE,
PROVISIONAL_FRM_NUMBER_HUNDRED_700,,Gouro,goa,Gouro de Zuénoula (goa) ; variantes Sinfra/Vavoua/Nord/Sud exclues sauf mention explicite,NUMBER_HUNDREDS,Lecture isolée d’une centaine ou de mille; l’unité et le contexte doivent être ajoutés.,MEDIUM,sept cents,sept cents,,,DRAFT,true,,,NON_TESTE,
PROVISIONAL_FRM_NUMBER_HUNDRED_800,,Gouro,goa,Gouro de Zuénoula (goa) ; variantes Sinfra/Vavoua/Nord/Sud exclues sauf mention explicite,NUMBER_HUNDREDS,Lecture isolée d’une centaine ou de mille; l’unité et le contexte doivent être ajoutés.,MEDIUM,huit cents,huit cents,,,DRAFT,true,,,NON_TESTE,
PROVISIONAL_FRM_NUMBER_HUNDRED_900,,Gouro,goa,Gouro de Zuénoula (goa) ; variantes Sinfra/Vavoua/Nord/Sud exclues sauf mention explicite,NUMBER_HUNDREDS,Lecture isolée d’une centaine ou de mille; l’unité et le contexte doivent être ajoutés.,MEDIUM,neuf cents,neuf cents,,,DRAFT,true,,,NON_TESTE,
PROVISIONAL_FRM_NUMBER_THOUSAND_1000,,Gouro,goa,Gouro de Zuénoula (goa) ; variantes Sinfra/Vavoua/Nord/Sud exclues sauf mention explicite,NUMBER_THOUSAND,Lecture isolée d’une centaine ou de mille; l’unité et le contexte doivent être ajoutés.,MEDIUM,mille,mille,,,DRAFT,true,,,NON_TESTE,
PROVISIONAL_FRM_UNIT_01_UNITE,,Gouro,goa,Gouro de Zuénoula (goa) ; variantes Sinfra/Vavoua/Nord/Sud exclues sauf mention explicite,UNIT,Unité de vente orale.,LOW,unité,à l’unité,,,DRAFT,true,,,NON_TESTE,
PROVISIONAL_FRM_UNIT_02_TAS,,Gouro,goa,Gouro de Zuénoula (goa) ; variantes Sinfra/Vavoua/Nord/Sud exclues sauf mention explicite,UNIT,Unité de vente orale.,LOW,tas,tas,,,DRAFT,true,,,NON_TESTE,
PROVISIONAL_FRM_UNIT_03_SAC,,Gouro,goa,Gouro de Zuénoula (goa) ; variantes Sinfra/Vavoua/Nord/Sud exclues sauf mention explicite,UNIT,Unité de vente orale.,LOW,sac,sac,,,DRAFT,true,,,NON_TESTE,
PROVISIONAL_FRM_UNIT_04_KILO,,Gouro,goa,Gouro de Zuénoula (goa) ; variantes Sinfra/Vavoua/Nord/Sud exclues sauf mention explicite,UNIT,Unité de vente orale.,LOW,kilo,kilo,,,DRAFT,true,,,NON_TESTE,
PROVISIONAL_FRM_UNIT_05_BOTTE,,Gouro,goa,Gouro de Zuénoula (goa) ; variantes Sinfra/Vavoua/Nord/Sud exclues sauf mention explicite,UNIT,Unité de vente orale.,LOW,botte,botte,dìn,dìn,DRAFT,true,,,NON_TESTE,
PROVISIONAL_FRM_UNIT_06_BIDON,,Gouro,goa,Gouro de Zuénoula (goa) ; variantes Sinfra/Vavoua/Nord/Sud exclues sauf mention explicite,UNIT,Unité de vente orale.,LOW,bidon,bidon,,,DRAFT,true,,,NON_TESTE,
PROVISIONAL_FRM_UNIT_07_SACHET,,Gouro,goa,Gouro de Zuénoula (goa) ; variantes Sinfra/Vavoua/Nord/Sud exclues sauf mention explicite,UNIT,Unité de vente orale.,LOW,sachet,sachet,mana,mana,DRAFT,true,,,NON_TESTE,
PROVISIONAL_FRM_UNIT_08_PAQUET,,Gouro,goa,Gouro de Zuénoula (goa) ; variantes Sinfra/Vavoua/Nord/Sud exclues sauf mention explicite,UNIT,Unité de vente orale.,LOW,paquet,paquet,dìlì,dìlì,DRAFT,true,,,NON_TESTE,
PROVISIONAL_FRM_UNIT_09_MORCEAU,,Gouro,goa,Gouro de Zuénoula (goa) ; variantes Sinfra/Vavoua/Nord/Sud exclues sauf mention explicite,UNIT,Unité de vente orale.,LOW,morceau,morceau,bùú,bùú,DRAFT,true,,,NON_TESTE,
PROVISIONAL_FRM_UNIT_10_LITRE,,Gouro,goa,Gouro de Zuénoula (goa) ; variantes Sinfra/Vavoua/Nord/Sud exclues sauf mention explicite,UNIT,Unité de vente orale.,LOW,litre,litre,,,DRAFT,true,,,NON_TESTE,
PROVISIONAL_FRM_UNIT_11_REGIME,,Gouro,goa,Gouro de Zuénoula (goa) ; variantes Sinfra/Vavoua/Nord/Sud exclues sauf mention explicite,UNIT,Unité de vente orale.,LOW,régime,régime,dìn,dìn,DRAFT,true,,,NON_TESTE,
PROVISIONAL_FRM_UNIT_12_CARTON,,Gouro,goa,Gouro de Zuénoula (goa) ; variantes Sinfra/Vavoua/Nord/Sud exclues sauf mention explicite,UNIT,Unité de vente orale.,LOW,carton,carton,,,DRAFT,true,,,NON_TESTE,
PROVISIONAL_FRM_UNIT_13_CAISSE,,Gouro,goa,Gouro de Zuénoula (goa) ; variantes Sinfra/Vavoua/Nord/Sud exclues sauf mention explicite,UNIT,Unité de vente orale.,LOW,caisse,caisse,gbò,gbò,DRAFT,true,,,NON_TESTE,
PROVISIONAL_FRM_UNIT_14_BOUTEILLE,,Gouro,goa,Gouro de Zuénoula (goa) ; variantes Sinfra/Vavoua/Nord/Sud exclues sauf mention explicite,UNIT,Unité de vente orale.,LOW,bouteille,bouteille,bútêlí,bútêlí,DRAFT,true,,,NON_TESTE,
PROVISIONAL_FRM_UNIT_15_PANIER,,Gouro,goa,Gouro de Zuénoula (goa) ; variantes Sinfra/Vavoua/Nord/Sud exclues sauf mention explicite,UNIT,Unité de vente orale.,LOW,panier,panier,cɛɛ̀,cɛɛ̀,DRAFT,true,,,NON_TESTE,
PROVISIONAL_FRM_UNIT_16_FRANC,,Gouro,goa,Gouro de Zuénoula (goa) ; variantes Sinfra/Vavoua/Nord/Sud exclues sauf mention explicite,UNIT,Dénomination monétaire orale; à associer à un nombre et au contexte.,HIGH,franc,franc,,,DRAFT,true,,,NON_TESTE,
PROVISIONAL_FRM_UNIT_17_FCFA,,Gouro,goa,Gouro de Zuénoula (goa) ; variantes Sinfra/Vavoua/Nord/Sud exclues sauf mention explicite,UNIT,Dénomination monétaire orale; à associer à un nombre et au contexte.,HIGH,FCFA,franc CFA,,,DRAFT,true,,,NON_TESTE,
PROVISIONAL_FRM_PRODUCT_01_TOMATE,,Gouro,goa,Gouro de Zuénoula (goa) ; variantes Sinfra/Vavoua/Nord/Sud exclues sauf mention explicite,PRODUCT,Nom de produit à annoncer ou saisir dans une vente; aucun identifiant produit métier n’est créé.,LOW,tomate,tomate,tɔmàtí,tɔmàtí,DRAFT,true,,,NON_TESTE,
PROVISIONAL_FRM_PRODUCT_02_PIMENT,,Gouro,goa,Gouro de Zuénoula (goa) ; variantes Sinfra/Vavoua/Nord/Sud exclues sauf mention explicite,PRODUCT,Nom de produit à annoncer ou saisir dans une vente; aucun identifiant produit métier n’est créé.,LOW,piment,piment,,,DRAFT,true,,,NON_TESTE,
PROVISIONAL_FRM_PRODUCT_03_GOMBO,,Gouro,goa,Gouro de Zuénoula (goa) ; variantes Sinfra/Vavoua/Nord/Sud exclues sauf mention explicite,PRODUCT,Nom de produit à annoncer ou saisir dans une vente; aucun identifiant produit métier n’est créé.,LOW,gombo,gombo,zìàn-bhɛɛ yìlì,zìàn-bhɛɛ yìlì | zìàn yìlì,DRAFT,true,,,NON_TESTE,
PROVISIONAL_FRM_PRODUCT_04_ATTIEKE,,Gouro,goa,Gouro de Zuénoula (goa) ; variantes Sinfra/Vavoua/Nord/Sud exclues sauf mention explicite,PRODUCT,Nom de produit à annoncer ou saisir dans une vente; aucun identifiant produit métier n’est créé.,LOW,attiéké,attiéké,cɛ̂kɛ́,cɛ̂kɛ́ | cɛɛ̌,DRAFT,true,,,NON_TESTE,
PROVISIONAL_FRM_PRODUCT_05_BANANE,,Gouro,goa,Gouro de Zuénoula (goa) ; variantes Sinfra/Vavoua/Nord/Sud exclues sauf mention explicite,PRODUCT,Nom de produit à annoncer ou saisir dans une vente; aucun identifiant produit métier n’est créé.,LOW,banane,banane,,,DRAFT,true,,,NON_TESTE,
PROVISIONAL_FRM_PRODUCT_06_PLANTAIN,,Gouro,goa,Gouro de Zuénoula (goa) ; variantes Sinfra/Vavoua/Nord/Sud exclues sauf mention explicite,PRODUCT,Nom de produit à annoncer ou saisir dans une vente; aucun identifiant produit métier n’est créé.,LOW,plantain,plantain,bɔ'ùn,bɔ'ùn,DRAFT,true,,,NON_TESTE,
PROVISIONAL_FRM_PRODUCT_07_IGNAME,,Gouro,goa,Gouro de Zuénoula (goa) ; variantes Sinfra/Vavoua/Nord/Sud exclues sauf mention explicite,PRODUCT,Nom de produit à annoncer ou saisir dans une vente; aucun identifiant produit métier n’est créé.,LOW,igname,igname,yá,yá,DRAFT,true,,,NON_TESTE,
PROVISIONAL_FRM_PRODUCT_08_MANIOC,,Gouro,goa,Gouro de Zuénoula (goa) ; variantes Sinfra/Vavoua/Nord/Sud exclues sauf mention explicite,PRODUCT,Nom de produit à annoncer ou saisir dans une vente; aucun identifiant produit métier n’est créé.,LOW,manioc,manioc,buù,buù,DRAFT,true,,,NON_TESTE,
PROVISIONAL_FRM_PRODUCT_09_AUBERGINE,,Gouro,goa,Gouro de Zuénoula (goa) ; variantes Sinfra/Vavoua/Nord/Sud exclues sauf mention explicite,PRODUCT,Nom de produit à annoncer ou saisir dans une vente; aucun identifiant produit métier n’est créé.,LOW,aubergine,aubergine,,,DRAFT,true,,,NON_TESTE,
PROVISIONAL_FRM_PRODUCT_10_OIGNON,,Gouro,goa,Gouro de Zuénoula (goa) ; variantes Sinfra/Vavoua/Nord/Sud exclues sauf mention explicite,PRODUCT,Nom de produit à annoncer ou saisir dans une vente; aucun identifiant produit métier n’est créé.,LOW,oignon,oignon,jàbhá,jàbhá | jàbá,DRAFT,true,,,NON_TESTE,
PROVISIONAL_FRM_PRODUCT_11_AIL,,Gouro,goa,Gouro de Zuénoula (goa) ; variantes Sinfra/Vavoua/Nord/Sud exclues sauf mention explicite,PRODUCT,Nom de produit à annoncer ou saisir dans une vente; aucun identifiant produit métier n’est créé.,LOW,ail,ail,,,DRAFT,true,,,NON_TESTE,
PROVISIONAL_FRM_PRODUCT_12_POISSON,,Gouro,goa,Gouro de Zuénoula (goa) ; variantes Sinfra/Vavoua/Nord/Sud exclues sauf mention explicite,PRODUCT,Nom de produit à annoncer ou saisir dans une vente; aucun identifiant produit métier n’est créé.,LOW,poisson,poisson,pɔ,pɔ,DRAFT,true,,,NON_TESTE,
PROVISIONAL_FRM_PRODUCT_13_VIANDE,,Gouro,goa,Gouro de Zuénoula (goa) ; variantes Sinfra/Vavoua/Nord/Sud exclues sauf mention explicite,PRODUCT,Nom de produit à annoncer ou saisir dans une vente; aucun identifiant produit métier n’est créé.,LOW,viande,viande,wi,wi,DRAFT,true,,,NON_TESTE,
PROVISIONAL_FRM_PRODUCT_14_POULET,,Gouro,goa,Gouro de Zuénoula (goa) ; variantes Sinfra/Vavoua/Nord/Sud exclues sauf mention explicite,PRODUCT,Nom de produit à annoncer ou saisir dans une vente; aucun identifiant produit métier n’est créé.,LOW,poulet,poulet,manɛ,manɛ,DRAFT,true,,,NON_TESTE,
PROVISIONAL_FRM_PRODUCT_15_HUILE,,Gouro,goa,Gouro de Zuénoula (goa) ; variantes Sinfra/Vavoua/Nord/Sud exclues sauf mention explicite,PRODUCT,Nom de produit à annoncer ou saisir dans une vente; aucun identifiant produit métier n’est créé.,LOW,huile,huile,nyɔ́nɔ́,nyɔ́nɔ́,DRAFT,true,,,NON_TESTE,
PROVISIONAL_FRM_PRODUCT_16_SEL,,Gouro,goa,Gouro de Zuénoula (goa) ; variantes Sinfra/Vavoua/Nord/Sud exclues sauf mention explicite,PRODUCT,Nom de produit à annoncer ou saisir dans une vente; aucun identifiant produit métier n’est créé.,LOW,sel,sel,,,DRAFT,true,,,NON_TESTE,
PROVISIONAL_FRM_PRODUCT_17_SUCRE,,Gouro,goa,Gouro de Zuénoula (goa) ; variantes Sinfra/Vavoua/Nord/Sud exclues sauf mention explicite,PRODUCT,Nom de produit à annoncer ou saisir dans une vente; aucun identifiant produit métier n’est créé.,LOW,sucre,sucre,sukálo,sukálo,DRAFT,true,,,NON_TESTE,
PROVISIONAL_FRM_PRODUCT_18_RIZ,,Gouro,goa,Gouro de Zuénoula (goa) ; variantes Sinfra/Vavoua/Nord/Sud exclues sauf mention explicite,PRODUCT,Nom de produit à annoncer ou saisir dans une vente; aucun identifiant produit métier n’est créé.,LOW,riz,riz,sáá,sáá,DRAFT,true,,,NON_TESTE,
PROVISIONAL_FRM_PRODUCT_19_HARICOT,,Gouro,goa,Gouro de Zuénoula (goa) ; variantes Sinfra/Vavoua/Nord/Sud exclues sauf mention explicite,PRODUCT,Nom de produit à annoncer ou saisir dans une vente; aucun identifiant produit métier n’est créé.,LOW,haricot,haricot,zɔ̀lɛ́,zɔ̀lɛ́,DRAFT,true,,,NON_TESTE,
PROVISIONAL_FRM_PRODUCT_20_MAIS,,Gouro,goa,Gouro de Zuénoula (goa) ; variantes Sinfra/Vavoua/Nord/Sud exclues sauf mention explicite,PRODUCT,Nom de produit à annoncer ou saisir dans une vente; aucun identifiant produit métier n’est créé.,LOW,maïs,maïs,gòò,gòò,DRAFT,true,,,NON_TESTE,
PROVISIONAL_FRM_PRODUCT_21_FOUTOU,,Gouro,goa,Gouro de Zuénoula (goa) ; variantes Sinfra/Vavoua/Nord/Sud exclues sauf mention explicite,PRODUCT,Nom de produit à annoncer ou saisir dans une vente; aucun identifiant produit métier n’est créé.,LOW,foutou,foutou,fɔn,fɔn,DRAFT,true,,,NON_TESTE,
PROVISIONAL_FRM_PRODUCT_22_ORANGE,,Gouro,goa,Gouro de Zuénoula (goa) ; variantes Sinfra/Vavoua/Nord/Sud exclues sauf mention explicite,PRODUCT,Nom de produit à annoncer ou saisir dans une vente; aucun identifiant produit métier n’est créé.,LOW,orange,orange,lôwuò pʋlʋ,lôwuò pʋlʋ,DRAFT,true,,,NON_TESTE,
PROVISIONAL_FRM_PRODUCT_23_SAVON,,Gouro,goa,Gouro de Zuénoula (goa) ; variantes Sinfra/Vavoua/Nord/Sud exclues sauf mention explicite,PRODUCT,Nom de produit à annoncer ou saisir dans une vente; aucun identifiant produit métier n’est créé.,LOW,savon,savon,sabhílí,sabhílí,DRAFT,true,,,NON_TESTE,
PROVISIONAL_FRM_PRODUCT_24_FARINE,,Gouro,goa,Gouro de Zuénoula (goa) ; variantes Sinfra/Vavoua/Nord/Sud exclues sauf mention explicite,PRODUCT,Nom de produit à annoncer ou saisir dans une vente; aucun identifiant produit métier n’est créé.,LOW,farine,farine,,,DRAFT,true,,,NON_TESTE,
PROVISIONAL_FRM_PRODUCT_25_JUS,,Gouro,goa,Gouro de Zuénoula (goa) ; variantes Sinfra/Vavoua/Nord/Sud exclues sauf mention explicite,PRODUCT,Nom de produit à annoncer ou saisir dans une vente; aucun identifiant produit métier n’est créé.,LOW,jus,jus,yí,yí,DRAFT,true,,,NON_TESTE,
PROVISIONAL_FRM_PRODUCT_26_LAIT,,Gouro,goa,Gouro de Zuénoula (goa) ; variantes Sinfra/Vavoua/Nord/Sud exclues sauf mention explicite,PRODUCT,Nom de produit à annoncer ou saisir dans une vente; aucun identifiant produit métier n’est créé.,LOW,lait,lait,,,DRAFT,true,,,NON_TESTE,
PROVISIONAL_FRM_INTENT_01,,Avikam,avi,Localité ou communauté Avikam à confirmer,FINANCIAL_PRIORITY_INTENT,Commande orale d’encaissement; elle ne vaut pas confirmation métier du paiement.,CRITICAL,Encaisse.,Encaisse ça.,,,DRAFT,true,,,NON_TESTE,
PROVISIONAL_FRM_INTENT_02,,Avikam,avi,Localité ou communauté Avikam à confirmer,FINANCIAL_PRIORITY_INTENT,Demande du montant encore dû par une cliente.,CRITICAL,Combien elle doit ?,Elle doit combien ?,,,DRAFT,true,,,NON_TESTE,
PROVISIONAL_FRM_INTENT_03,,Avikam,avi,Localité ou communauté Avikam à confirmer,FINANCIAL_PRIORITY_INTENT,Accord oral avant une validation; la confirmation métier reste distincte.,CRITICAL,"Oui, valide.","Oui, tu peux valider.",,,DRAFT,true,,,NON_TESTE,
PROVISIONAL_FRM_INTENT_04,,Avikam,avi,Localité ou communauté Avikam à confirmer,FINANCIAL_PRIORITY_INTENT,Refus ou demande d’annulation avant confirmation métier.,CRITICAL,Non / annule.,"Non, annule.",,,DRAFT,true,,,NON_TESTE,
PROVISIONAL_FRM_INTENT_05,,Avikam,avi,Localité ou communauté Avikam à confirmer,FINANCIAL_PRIORITY_INTENT,Annonce d’un montant manquant dans le paiement.,CRITICAL,Il manque {montant} francs.,Il manque {montant} francs.,,,DRAFT,true,,,NON_TESTE,
PROVISIONAL_FRM_INTENT_06,,Avikam,avi,Localité ou communauté Avikam à confirmer,FINANCIAL_PRIORITY_INTENT,Demande de vérifier le calcul ou le compte avant la suite.,CRITICAL,Compte juste.,Vérifie bien le compte.,,,DRAFT,true,,,NON_TESTE,
PROVISIONAL_FRM_INTENT_07,,Avikam,avi,Localité ou communauté Avikam à confirmer,FINANCIAL_PRIORITY_INTENT,Annonce du montant effectivement remis par la cliente.,CRITICAL,Elle a donné {recu} francs.,Elle a donné {recu} francs.,,,DRAFT,true,,,NON_TESTE,
PROVISIONAL_FRM_INTENT_08,,Avikam,avi,Localité ou communauté Avikam à confirmer,FINANCIAL_PRIORITY_INTENT,Annonce de la monnaie à rendre à la cliente.,CRITICAL,Tu rends {monnaie} francs.,Tu lui rends {monnaie} francs.,,,DRAFT,true,,,NON_TESTE,
PROVISIONAL_FRM_INTENT_09,,Avikam,avi,Localité ou communauté Avikam à confirmer,FINANCIAL_PRIORITY_INTENT,Annonce du total dû par la cliente.,CRITICAL,Elle doit {total} francs.,Elle doit {total} francs.,,,DRAFT,true,,,NON_TESTE,
PROVISIONAL_FRM_INTENT_10,,Avikam,avi,Localité ou communauté Avikam à confirmer,FINANCIAL_PRIORITY_INTENT,Demande orale de validation avant l’action métier.,CRITICAL,Je valide ?,Je valide ça ?,,,DRAFT,true,,,NON_TESTE,
PROVISIONAL_FRM_INTENT_11,,Avikam,avi,Localité ou communauté Avikam à confirmer,FINANCIAL_PRIORITY_INTENT,Question sur le prix d’un seul article.,HIGH,Prix d’un seul.,"Un seul, c’est combien ?",,,DRAFT,true,,,NON_TESTE,
PROVISIONAL_FRM_INTENT_12,,Avikam,avi,Localité ou communauté Avikam à confirmer,FINANCIAL_PRIORITY_INTENT,Question sur le prix total de l’ensemble présenté.,HIGH,Prix du tout.,"Tout ça, c’est combien ?",,,DRAFT,true,,,NON_TESTE,
PROVISIONAL_FRM_INTENT_13,,Avikam,avi,Localité ou communauté Avikam à confirmer,FINANCIAL_PRIORITY_INTENT,Question générale sur le montant à payer ou le total.,HIGH,Combien ?,Ça fait combien ?,,,DRAFT,true,,,NON_TESTE,
PROVISIONAL_FRM_INTENT_14,,Avikam,avi,Localité ou communauté Avikam à confirmer,FINANCIAL_PRIORITY_INTENT,Question sur le prix d’un produit ou d’une quantité montrée.,HIGH,C’est à combien ?,C’est à combien ?,,,DRAFT,true,,,NON_TESTE,
PROVISIONAL_FRM_INTENT_15,,Avikam,avi,Localité ou communauté Avikam à confirmer,FINANCIAL_PRIORITY_INTENT,Question ouverte sur le produit ou l’article vendu.,LOW,Tu as vendu quoi ?,Tu as vendu quoi ?,,,DRAFT,true,,,NON_TESTE,
PROVISIONAL_FRM_NUMBER_000,,Avikam,avi,Localité ou communauté Avikam à confirmer,NUMBER_0_100,Lecture isolée d’un nombre pour une quantité ou un montant; l’unité et le contexte doivent être ajoutés.,MEDIUM,zéro,zéro,,,DRAFT,true,,,NON_TESTE,
PROVISIONAL_FRM_NUMBER_001,,Avikam,avi,Localité ou communauté Avikam à confirmer,NUMBER_0_100,Lecture isolée d’un nombre pour une quantité ou un montant; l’unité et le contexte doivent être ajoutés.,MEDIUM,un,un,,,DRAFT,true,,,NON_TESTE,
PROVISIONAL_FRM_NUMBER_002,,Avikam,avi,Localité ou communauté Avikam à confirmer,NUMBER_0_100,Lecture isolée d’un nombre pour une quantité ou un montant; l’unité et le contexte doivent être ajoutés.,MEDIUM,deux,deux,,,DRAFT,true,,,NON_TESTE,
PROVISIONAL_FRM_NUMBER_003,,Avikam,avi,Localité ou communauté Avikam à confirmer,NUMBER_0_100,Lecture isolée d’un nombre pour une quantité ou un montant; l’unité et le contexte doivent être ajoutés.,MEDIUM,trois,trois,,,DRAFT,true,,,NON_TESTE,
PROVISIONAL_FRM_NUMBER_004,,Avikam,avi,Localité ou communauté Avikam à confirmer,NUMBER_0_100,Lecture isolée d’un nombre pour une quantité ou un montant; l’unité et le contexte doivent être ajoutés.,MEDIUM,quatre,quatre,,,DRAFT,true,,,NON_TESTE,
PROVISIONAL_FRM_NUMBER_005,,Avikam,avi,Localité ou communauté Avikam à confirmer,NUMBER_0_100,Lecture isolée d’un nombre pour une quantité ou un montant; l’unité et le contexte doivent être ajoutés.,MEDIUM,cinq,cinq,,,DRAFT,true,,,NON_TESTE,
PROVISIONAL_FRM_NUMBER_006,,Avikam,avi,Localité ou communauté Avikam à confirmer,NUMBER_0_100,Lecture isolée d’un nombre pour une quantité ou un montant; l’unité et le contexte doivent être ajoutés.,MEDIUM,six,six,,,DRAFT,true,,,NON_TESTE,
PROVISIONAL_FRM_NUMBER_007,,Avikam,avi,Localité ou communauté Avikam à confirmer,NUMBER_0_100,Lecture isolée d’un nombre pour une quantité ou un montant; l’unité et le contexte doivent être ajoutés.,MEDIUM,sept,sept,,,DRAFT,true,,,NON_TESTE,
PROVISIONAL_FRM_NUMBER_008,,Avikam,avi,Localité ou communauté Avikam à confirmer,NUMBER_0_100,Lecture isolée d’un nombre pour une quantité ou un montant; l’unité et le contexte doivent être ajoutés.,MEDIUM,huit,huit,,,DRAFT,true,,,NON_TESTE,
PROVISIONAL_FRM_NUMBER_009,,Avikam,avi,Localité ou communauté Avikam à confirmer,NUMBER_0_100,Lecture isolée d’un nombre pour une quantité ou un montant; l’unité et le contexte doivent être ajoutés.,MEDIUM,neuf,neuf,,,DRAFT,true,,,NON_TESTE,
PROVISIONAL_FRM_NUMBER_010,,Avikam,avi,Localité ou communauté Avikam à confirmer,NUMBER_0_100,Lecture isolée d’un nombre pour une quantité ou un montant; l’unité et le contexte doivent être ajoutés.,MEDIUM,dix,dix,,,DRAFT,true,,,NON_TESTE,
PROVISIONAL_FRM_NUMBER_011,,Avikam,avi,Localité ou communauté Avikam à confirmer,NUMBER_0_100,Lecture isolée d’un nombre pour une quantité ou un montant; l’unité et le contexte doivent être ajoutés.,MEDIUM,onze,onze,,,DRAFT,true,,,NON_TESTE,
PROVISIONAL_FRM_NUMBER_012,,Avikam,avi,Localité ou communauté Avikam à confirmer,NUMBER_0_100,Lecture isolée d’un nombre pour une quantité ou un montant; l’unité et le contexte doivent être ajoutés.,MEDIUM,douze,douze,,,DRAFT,true,,,NON_TESTE,
PROVISIONAL_FRM_NUMBER_013,,Avikam,avi,Localité ou communauté Avikam à confirmer,NUMBER_0_100,Lecture isolée d’un nombre pour une quantité ou un montant; l’unité et le contexte doivent être ajoutés.,MEDIUM,treize,treize,,,DRAFT,true,,,NON_TESTE,
PROVISIONAL_FRM_NUMBER_014,,Avikam,avi,Localité ou communauté Avikam à confirmer,NUMBER_0_100,Lecture isolée d’un nombre pour une quantité ou un montant; l’unité et le contexte doivent être ajoutés.,MEDIUM,quatorze,quatorze,,,DRAFT,true,,,NON_TESTE,
PROVISIONAL_FRM_NUMBER_015,,Avikam,avi,Localité ou communauté Avikam à confirmer,NUMBER_0_100,Lecture isolée d’un nombre pour une quantité ou un montant; l’unité et le contexte doivent être ajoutés.,MEDIUM,quinze,quinze,,,DRAFT,true,,,NON_TESTE,
PROVISIONAL_FRM_NUMBER_016,,Avikam,avi,Localité ou communauté Avikam à confirmer,NUMBER_0_100,Lecture isolée d’un nombre pour une quantité ou un montant; l’unité et le contexte doivent être ajoutés.,MEDIUM,seize,seize,,,DRAFT,true,,,NON_TESTE,
PROVISIONAL_FRM_NUMBER_017,,Avikam,avi,Localité ou communauté Avikam à confirmer,NUMBER_0_100,Lecture isolée d’un nombre pour une quantité ou un montant; l’unité et le contexte doivent être ajoutés.,MEDIUM,dix-sept,dix-sept,,,DRAFT,true,,,NON_TESTE,
PROVISIONAL_FRM_NUMBER_018,,Avikam,avi,Localité ou communauté Avikam à confirmer,NUMBER_0_100,Lecture isolée d’un nombre pour une quantité ou un montant; l’unité et le contexte doivent être ajoutés.,MEDIUM,dix-huit,dix-huit,,,DRAFT,true,,,NON_TESTE,
PROVISIONAL_FRM_NUMBER_019,,Avikam,avi,Localité ou communauté Avikam à confirmer,NUMBER_0_100,Lecture isolée d’un nombre pour une quantité ou un montant; l’unité et le contexte doivent être ajoutés.,MEDIUM,dix-neuf,dix-neuf,,,DRAFT,true,,,NON_TESTE,
PROVISIONAL_FRM_NUMBER_020,,Avikam,avi,Localité ou communauté Avikam à confirmer,NUMBER_0_100,Lecture isolée d’un nombre pour une quantité ou un montant; l’unité et le contexte doivent être ajoutés.,MEDIUM,vingt,vingt,,,DRAFT,true,,,NON_TESTE,
PROVISIONAL_FRM_NUMBER_021,,Avikam,avi,Localité ou communauté Avikam à confirmer,NUMBER_0_100,Lecture isolée d’un nombre pour une quantité ou un montant; l’unité et le contexte doivent être ajoutés.,MEDIUM,vingt et un,vingt et un,,,DRAFT,true,,,NON_TESTE,
PROVISIONAL_FRM_NUMBER_022,,Avikam,avi,Localité ou communauté Avikam à confirmer,NUMBER_0_100,Lecture isolée d’un nombre pour une quantité ou un montant; l’unité et le contexte doivent être ajoutés.,MEDIUM,vingt-deux,vingt-deux,,,DRAFT,true,,,NON_TESTE,
PROVISIONAL_FRM_NUMBER_023,,Avikam,avi,Localité ou communauté Avikam à confirmer,NUMBER_0_100,Lecture isolée d’un nombre pour une quantité ou un montant; l’unité et le contexte doivent être ajoutés.,MEDIUM,vingt-trois,vingt-trois,,,DRAFT,true,,,NON_TESTE,
PROVISIONAL_FRM_NUMBER_024,,Avikam,avi,Localité ou communauté Avikam à confirmer,NUMBER_0_100,Lecture isolée d’un nombre pour une quantité ou un montant; l’unité et le contexte doivent être ajoutés.,MEDIUM,vingt-quatre,vingt-quatre,,,DRAFT,true,,,NON_TESTE,
PROVISIONAL_FRM_NUMBER_025,,Avikam,avi,Localité ou communauté Avikam à confirmer,NUMBER_0_100,Lecture isolée d’un nombre pour une quantité ou un montant; l’unité et le contexte doivent être ajoutés.,MEDIUM,vingt-cinq,vingt-cinq,,,DRAFT,true,,,NON_TESTE,
PROVISIONAL_FRM_NUMBER_026,,Avikam,avi,Localité ou communauté Avikam à confirmer,NUMBER_0_100,Lecture isolée d’un nombre pour une quantité ou un montant; l’unité et le contexte doivent être ajoutés.,MEDIUM,vingt-six,vingt-six,,,DRAFT,true,,,NON_TESTE,
PROVISIONAL_FRM_NUMBER_027,,Avikam,avi,Localité ou communauté Avikam à confirmer,NUMBER_0_100,Lecture isolée d’un nombre pour une quantité ou un montant; l’unité et le contexte doivent être ajoutés.,MEDIUM,vingt-sept,vingt-sept,,,DRAFT,true,,,NON_TESTE,
PROVISIONAL_FRM_NUMBER_028,,Avikam,avi,Localité ou communauté Avikam à confirmer,NUMBER_0_100,Lecture isolée d’un nombre pour une quantité ou un montant; l’unité et le contexte doivent être ajoutés.,MEDIUM,vingt-huit,vingt-huit,,,DRAFT,true,,,NON_TESTE,
PROVISIONAL_FRM_NUMBER_029,,Avikam,avi,Localité ou communauté Avikam à confirmer,NUMBER_0_100,Lecture isolée d’un nombre pour une quantité ou un montant; l’unité et le contexte doivent être ajoutés.,MEDIUM,vingt-neuf,vingt-neuf,,,DRAFT,true,,,NON_TESTE,
PROVISIONAL_FRM_NUMBER_030,,Avikam,avi,Localité ou communauté Avikam à confirmer,NUMBER_0_100,Lecture isolée d’un nombre pour une quantité ou un montant; l’unité et le contexte doivent être ajoutés.,MEDIUM,trente,trente,,,DRAFT,true,,,NON_TESTE,
PROVISIONAL_FRM_NUMBER_031,,Avikam,avi,Localité ou communauté Avikam à confirmer,NUMBER_0_100,Lecture isolée d’un nombre pour une quantité ou un montant; l’unité et le contexte doivent être ajoutés.,MEDIUM,trente et un,trente et un,,,DRAFT,true,,,NON_TESTE,
PROVISIONAL_FRM_NUMBER_032,,Avikam,avi,Localité ou communauté Avikam à confirmer,NUMBER_0_100,Lecture isolée d’un nombre pour une quantité ou un montant; l’unité et le contexte doivent être ajoutés.,MEDIUM,trente-deux,trente-deux,,,DRAFT,true,,,NON_TESTE,
PROVISIONAL_FRM_NUMBER_033,,Avikam,avi,Localité ou communauté Avikam à confirmer,NUMBER_0_100,Lecture isolée d’un nombre pour une quantité ou un montant; l’unité et le contexte doivent être ajoutés.,MEDIUM,trente-trois,trente-trois,,,DRAFT,true,,,NON_TESTE,
PROVISIONAL_FRM_NUMBER_034,,Avikam,avi,Localité ou communauté Avikam à confirmer,NUMBER_0_100,Lecture isolée d’un nombre pour une quantité ou un montant; l’unité et le contexte doivent être ajoutés.,MEDIUM,trente-quatre,trente-quatre,,,DRAFT,true,,,NON_TESTE,
PROVISIONAL_FRM_NUMBER_035,,Avikam,avi,Localité ou communauté Avikam à confirmer,NUMBER_0_100,Lecture isolée d’un nombre pour une quantité ou un montant; l’unité et le contexte doivent être ajoutés.,MEDIUM,trente-cinq,trente-cinq,,,DRAFT,true,,,NON_TESTE,
PROVISIONAL_FRM_NUMBER_036,,Avikam,avi,Localité ou communauté Avikam à confirmer,NUMBER_0_100,Lecture isolée d’un nombre pour une quantité ou un montant; l’unité et le contexte doivent être ajoutés.,MEDIUM,trente-six,trente-six,,,DRAFT,true,,,NON_TESTE,
PROVISIONAL_FRM_NUMBER_037,,Avikam,avi,Localité ou communauté Avikam à confirmer,NUMBER_0_100,Lecture isolée d’un nombre pour une quantité ou un montant; l’unité et le contexte doivent être ajoutés.,MEDIUM,trente-sept,trente-sept,,,DRAFT,true,,,NON_TESTE,
PROVISIONAL_FRM_NUMBER_038,,Avikam,avi,Localité ou communauté Avikam à confirmer,NUMBER_0_100,Lecture isolée d’un nombre pour une quantité ou un montant; l’unité et le contexte doivent être ajoutés.,MEDIUM,trente-huit,trente-huit,,,DRAFT,true,,,NON_TESTE,
PROVISIONAL_FRM_NUMBER_039,,Avikam,avi,Localité ou communauté Avikam à confirmer,NUMBER_0_100,Lecture isolée d’un nombre pour une quantité ou un montant; l’unité et le contexte doivent être ajoutés.,MEDIUM,trente-neuf,trente-neuf,,,DRAFT,true,,,NON_TESTE,
PROVISIONAL_FRM_NUMBER_040,,Avikam,avi,Localité ou communauté Avikam à confirmer,NUMBER_0_100,Lecture isolée d’un nombre pour une quantité ou un montant; l’unité et le contexte doivent être ajoutés.,MEDIUM,quarante,quarante,,,DRAFT,true,,,NON_TESTE,
PROVISIONAL_FRM_NUMBER_041,,Avikam,avi,Localité ou communauté Avikam à confirmer,NUMBER_0_100,Lecture isolée d’un nombre pour une quantité ou un montant; l’unité et le contexte doivent être ajoutés.,MEDIUM,quarante et un,quarante et un,,,DRAFT,true,,,NON_TESTE,
PROVISIONAL_FRM_NUMBER_042,,Avikam,avi,Localité ou communauté Avikam à confirmer,NUMBER_0_100,Lecture isolée d’un nombre pour une quantité ou un montant; l’unité et le contexte doivent être ajoutés.,MEDIUM,quarante-deux,quarante-deux,,,DRAFT,true,,,NON_TESTE,
PROVISIONAL_FRM_NUMBER_043,,Avikam,avi,Localité ou communauté Avikam à confirmer,NUMBER_0_100,Lecture isolée d’un nombre pour une quantité ou un montant; l’unité et le contexte doivent être ajoutés.,MEDIUM,quarante-trois,quarante-trois,,,DRAFT,true,,,NON_TESTE,
PROVISIONAL_FRM_NUMBER_044,,Avikam,avi,Localité ou communauté Avikam à confirmer,NUMBER_0_100,Lecture isolée d’un nombre pour une quantité ou un montant; l’unité et le contexte doivent être ajoutés.,MEDIUM,quarante-quatre,quarante-quatre,,,DRAFT,true,,,NON_TESTE,
PROVISIONAL_FRM_NUMBER_045,,Avikam,avi,Localité ou communauté Avikam à confirmer,NUMBER_0_100,Lecture isolée d’un nombre pour une quantité ou un montant; l’unité et le contexte doivent être ajoutés.,MEDIUM,quarante-cinq,quarante-cinq,,,DRAFT,true,,,NON_TESTE,
PROVISIONAL_FRM_NUMBER_046,,Avikam,avi,Localité ou communauté Avikam à confirmer,NUMBER_0_100,Lecture isolée d’un nombre pour une quantité ou un montant; l’unité et le contexte doivent être ajoutés.,MEDIUM,quarante-six,quarante-six,,,DRAFT,true,,,NON_TESTE,
PROVISIONAL_FRM_NUMBER_047,,Avikam,avi,Localité ou communauté Avikam à confirmer,NUMBER_0_100,Lecture isolée d’un nombre pour une quantité ou un montant; l’unité et le contexte doivent être ajoutés.,MEDIUM,quarante-sept,quarante-sept,,,DRAFT,true,,,NON_TESTE,
PROVISIONAL_FRM_NUMBER_048,,Avikam,avi,Localité ou communauté Avikam à confirmer,NUMBER_0_100,Lecture isolée d’un nombre pour une quantité ou un montant; l’unité et le contexte doivent être ajoutés.,MEDIUM,quarante-huit,quarante-huit,,,DRAFT,true,,,NON_TESTE,
PROVISIONAL_FRM_NUMBER_049,,Avikam,avi,Localité ou communauté Avikam à confirmer,NUMBER_0_100,Lecture isolée d’un nombre pour une quantité ou un montant; l’unité et le contexte doivent être ajoutés.,MEDIUM,quarante-neuf,quarante-neuf,,,DRAFT,true,,,NON_TESTE,
PROVISIONAL_FRM_NUMBER_050,,Avikam,avi,Localité ou communauté Avikam à confirmer,NUMBER_0_100,Lecture isolée d’un nombre pour une quantité ou un montant; l’unité et le contexte doivent être ajoutés.,MEDIUM,cinquante,cinquante,,,DRAFT,true,,,NON_TESTE,
PROVISIONAL_FRM_NUMBER_051,,Avikam,avi,Localité ou communauté Avikam à confirmer,NUMBER_0_100,Lecture isolée d’un nombre pour une quantité ou un montant; l’unité et le contexte doivent être ajoutés.,MEDIUM,cinquante et un,cinquante et un,,,DRAFT,true,,,NON_TESTE,
PROVISIONAL_FRM_NUMBER_052,,Avikam,avi,Localité ou communauté Avikam à confirmer,NUMBER_0_100,Lecture isolée d’un nombre pour une quantité ou un montant; l’unité et le contexte doivent être ajoutés.,MEDIUM,cinquante-deux,cinquante-deux,,,DRAFT,true,,,NON_TESTE,
PROVISIONAL_FRM_NUMBER_053,,Avikam,avi,Localité ou communauté Avikam à confirmer,NUMBER_0_100,Lecture isolée d’un nombre pour une quantité ou un montant; l’unité et le contexte doivent être ajoutés.,MEDIUM,cinquante-trois,cinquante-trois,,,DRAFT,true,,,NON_TESTE,
PROVISIONAL_FRM_NUMBER_054,,Avikam,avi,Localité ou communauté Avikam à confirmer,NUMBER_0_100,Lecture isolée d’un nombre pour une quantité ou un montant; l’unité et le contexte doivent être ajoutés.,MEDIUM,cinquante-quatre,cinquante-quatre,,,DRAFT,true,,,NON_TESTE,
PROVISIONAL_FRM_NUMBER_055,,Avikam,avi,Localité ou communauté Avikam à confirmer,NUMBER_0_100,Lecture isolée d’un nombre pour une quantité ou un montant; l’unité et le contexte doivent être ajoutés.,MEDIUM,cinquante-cinq,cinquante-cinq,,,DRAFT,true,,,NON_TESTE,
PROVISIONAL_FRM_NUMBER_056,,Avikam,avi,Localité ou communauté Avikam à confirmer,NUMBER_0_100,Lecture isolée d’un nombre pour une quantité ou un montant; l’unité et le contexte doivent être ajoutés.,MEDIUM,cinquante-six,cinquante-six,,,DRAFT,true,,,NON_TESTE,
PROVISIONAL_FRM_NUMBER_057,,Avikam,avi,Localité ou communauté Avikam à confirmer,NUMBER_0_100,Lecture isolée d’un nombre pour une quantité ou un montant; l’unité et le contexte doivent être ajoutés.,MEDIUM,cinquante-sept,cinquante-sept,,,DRAFT,true,,,NON_TESTE,
PROVISIONAL_FRM_NUMBER_058,,Avikam,avi,Localité ou communauté Avikam à confirmer,NUMBER_0_100,Lecture isolée d’un nombre pour une quantité ou un montant; l’unité et le contexte doivent être ajoutés.,MEDIUM,cinquante-huit,cinquante-huit,,,DRAFT,true,,,NON_TESTE,
PROVISIONAL_FRM_NUMBER_059,,Avikam,avi,Localité ou communauté Avikam à confirmer,NUMBER_0_100,Lecture isolée d’un nombre pour une quantité ou un montant; l’unité et le contexte doivent être ajoutés.,MEDIUM,cinquante-neuf,cinquante-neuf,,,DRAFT,true,,,NON_TESTE,
PROVISIONAL_FRM_NUMBER_060,,Avikam,avi,Localité ou communauté Avikam à confirmer,NUMBER_0_100,Lecture isolée d’un nombre pour une quantité ou un montant; l’unité et le contexte doivent être ajoutés.,MEDIUM,soixante,soixante,,,DRAFT,true,,,NON_TESTE,
PROVISIONAL_FRM_NUMBER_061,,Avikam,avi,Localité ou communauté Avikam à confirmer,NUMBER_0_100,Lecture isolée d’un nombre pour une quantité ou un montant; l’unité et le contexte doivent être ajoutés.,MEDIUM,soixante et un,soixante et un,,,DRAFT,true,,,NON_TESTE,
PROVISIONAL_FRM_NUMBER_062,,Avikam,avi,Localité ou communauté Avikam à confirmer,NUMBER_0_100,Lecture isolée d’un nombre pour une quantité ou un montant; l’unité et le contexte doivent être ajoutés.,MEDIUM,soixante-deux,soixante-deux,,,DRAFT,true,,,NON_TESTE,
PROVISIONAL_FRM_NUMBER_063,,Avikam,avi,Localité ou communauté Avikam à confirmer,NUMBER_0_100,Lecture isolée d’un nombre pour une quantité ou un montant; l’unité et le contexte doivent être ajoutés.,MEDIUM,soixante-trois,soixante-trois,,,DRAFT,true,,,NON_TESTE,
PROVISIONAL_FRM_NUMBER_064,,Avikam,avi,Localité ou communauté Avikam à confirmer,NUMBER_0_100,Lecture isolée d’un nombre pour une quantité ou un montant; l’unité et le contexte doivent être ajoutés.,MEDIUM,soixante-quatre,soixante-quatre,,,DRAFT,true,,,NON_TESTE,
PROVISIONAL_FRM_NUMBER_065,,Avikam,avi,Localité ou communauté Avikam à confirmer,NUMBER_0_100,Lecture isolée d’un nombre pour une quantité ou un montant; l’unité et le contexte doivent être ajoutés.,MEDIUM,soixante-cinq,soixante-cinq,,,DRAFT,true,,,NON_TESTE,
PROVISIONAL_FRM_NUMBER_066,,Avikam,avi,Localité ou communauté Avikam à confirmer,NUMBER_0_100,Lecture isolée d’un nombre pour une quantité ou un montant; l’unité et le contexte doivent être ajoutés.,MEDIUM,soixante-six,soixante-six,,,DRAFT,true,,,NON_TESTE,
PROVISIONAL_FRM_NUMBER_067,,Avikam,avi,Localité ou communauté Avikam à confirmer,NUMBER_0_100,Lecture isolée d’un nombre pour une quantité ou un montant; l’unité et le contexte doivent être ajoutés.,MEDIUM,soixante-sept,soixante-sept,,,DRAFT,true,,,NON_TESTE,
PROVISIONAL_FRM_NUMBER_068,,Avikam,avi,Localité ou communauté Avikam à confirmer,NUMBER_0_100,Lecture isolée d’un nombre pour une quantité ou un montant; l’unité et le contexte doivent être ajoutés.,MEDIUM,soixante-huit,soixante-huit,,,DRAFT,true,,,NON_TESTE,
PROVISIONAL_FRM_NUMBER_069,,Avikam,avi,Localité ou communauté Avikam à confirmer,NUMBER_0_100,Lecture isolée d’un nombre pour une quantité ou un montant; l’unité et le contexte doivent être ajoutés.,MEDIUM,soixante-neuf,soixante-neuf,,,DRAFT,true,,,NON_TESTE,
PROVISIONAL_FRM_NUMBER_070,,Avikam,avi,Localité ou communauté Avikam à confirmer,NUMBER_0_100,Lecture isolée d’un nombre pour une quantité ou un montant; l’unité et le contexte doivent être ajoutés.,MEDIUM,soixante-dix,soixante-dix,,,DRAFT,true,,,NON_TESTE,
PROVISIONAL_FRM_NUMBER_071,,Avikam,avi,Localité ou communauté Avikam à confirmer,NUMBER_0_100,Lecture isolée d’un nombre pour une quantité ou un montant; l’unité et le contexte doivent être ajoutés.,MEDIUM,soixante et onze,soixante et onze,,,DRAFT,true,,,NON_TESTE,
PROVISIONAL_FRM_NUMBER_072,,Avikam,avi,Localité ou communauté Avikam à confirmer,NUMBER_0_100,Lecture isolée d’un nombre pour une quantité ou un montant; l’unité et le contexte doivent être ajoutés.,MEDIUM,soixante-douze,soixante-douze,,,DRAFT,true,,,NON_TESTE,
PROVISIONAL_FRM_NUMBER_073,,Avikam,avi,Localité ou communauté Avikam à confirmer,NUMBER_0_100,Lecture isolée d’un nombre pour une quantité ou un montant; l’unité et le contexte doivent être ajoutés.,MEDIUM,soixante-treize,soixante-treize,,,DRAFT,true,,,NON_TESTE,
PROVISIONAL_FRM_NUMBER_074,,Avikam,avi,Localité ou communauté Avikam à confirmer,NUMBER_0_100,Lecture isolée d’un nombre pour une quantité ou un montant; l’unité et le contexte doivent être ajoutés.,MEDIUM,soixante-quatorze,soixante-quatorze,,,DRAFT,true,,,NON_TESTE,
PROVISIONAL_FRM_NUMBER_075,,Avikam,avi,Localité ou communauté Avikam à confirmer,NUMBER_0_100,Lecture isolée d’un nombre pour une quantité ou un montant; l’unité et le contexte doivent être ajoutés.,MEDIUM,soixante-quinze,soixante-quinze,,,DRAFT,true,,,NON_TESTE,
PROVISIONAL_FRM_NUMBER_076,,Avikam,avi,Localité ou communauté Avikam à confirmer,NUMBER_0_100,Lecture isolée d’un nombre pour une quantité ou un montant; l’unité et le contexte doivent être ajoutés.,MEDIUM,soixante-seize,soixante-seize,,,DRAFT,true,,,NON_TESTE,
PROVISIONAL_FRM_NUMBER_077,,Avikam,avi,Localité ou communauté Avikam à confirmer,NUMBER_0_100,Lecture isolée d’un nombre pour une quantité ou un montant; l’unité et le contexte doivent être ajoutés.,MEDIUM,soixante-dix-sept,soixante-dix-sept,,,DRAFT,true,,,NON_TESTE,
PROVISIONAL_FRM_NUMBER_078,,Avikam,avi,Localité ou communauté Avikam à confirmer,NUMBER_0_100,Lecture isolée d’un nombre pour une quantité ou un montant; l’unité et le contexte doivent être ajoutés.,MEDIUM,soixante-dix-huit,soixante-dix-huit,,,DRAFT,true,,,NON_TESTE,
PROVISIONAL_FRM_NUMBER_079,,Avikam,avi,Localité ou communauté Avikam à confirmer,NUMBER_0_100,Lecture isolée d’un nombre pour une quantité ou un montant; l’unité et le contexte doivent être ajoutés.,MEDIUM,soixante-dix-neuf,soixante-dix-neuf,,,DRAFT,true,,,NON_TESTE,
PROVISIONAL_FRM_NUMBER_080,,Avikam,avi,Localité ou communauté Avikam à confirmer,NUMBER_0_100,Lecture isolée d’un nombre pour une quantité ou un montant; l’unité et le contexte doivent être ajoutés.,MEDIUM,quatre-vingts,quatre-vingts,,,DRAFT,true,,,NON_TESTE,
PROVISIONAL_FRM_NUMBER_081,,Avikam,avi,Localité ou communauté Avikam à confirmer,NUMBER_0_100,Lecture isolée d’un nombre pour une quantité ou un montant; l’unité et le contexte doivent être ajoutés.,MEDIUM,quatre-vingt-un,quatre-vingt-un,,,DRAFT,true,,,NON_TESTE,
PROVISIONAL_FRM_NUMBER_082,,Avikam,avi,Localité ou communauté Avikam à confirmer,NUMBER_0_100,Lecture isolée d’un nombre pour une quantité ou un montant; l’unité et le contexte doivent être ajoutés.,MEDIUM,quatre-vingt-deux,quatre-vingt-deux,,,DRAFT,true,,,NON_TESTE,
PROVISIONAL_FRM_NUMBER_083,,Avikam,avi,Localité ou communauté Avikam à confirmer,NUMBER_0_100,Lecture isolée d’un nombre pour une quantité ou un montant; l’unité et le contexte doivent être ajoutés.,MEDIUM,quatre-vingt-trois,quatre-vingt-trois,,,DRAFT,true,,,NON_TESTE,
PROVISIONAL_FRM_NUMBER_084,,Avikam,avi,Localité ou communauté Avikam à confirmer,NUMBER_0_100,Lecture isolée d’un nombre pour une quantité ou un montant; l’unité et le contexte doivent être ajoutés.,MEDIUM,quatre-vingt-quatre,quatre-vingt-quatre,,,DRAFT,true,,,NON_TESTE,
PROVISIONAL_FRM_NUMBER_085,,Avikam,avi,Localité ou communauté Avikam à confirmer,NUMBER_0_100,Lecture isolée d’un nombre pour une quantité ou un montant; l’unité et le contexte doivent être ajoutés.,MEDIUM,quatre-vingt-cinq,quatre-vingt-cinq,,,DRAFT,true,,,NON_TESTE,
PROVISIONAL_FRM_NUMBER_086,,Avikam,avi,Localité ou communauté Avikam à confirmer,NUMBER_0_100,Lecture isolée d’un nombre pour une quantité ou un montant; l’unité et le contexte doivent être ajoutés.,MEDIUM,quatre-vingt-six,quatre-vingt-six,,,DRAFT,true,,,NON_TESTE,
PROVISIONAL_FRM_NUMBER_087,,Avikam,avi,Localité ou communauté Avikam à confirmer,NUMBER_0_100,Lecture isolée d’un nombre pour une quantité ou un montant; l’unité et le contexte doivent être ajoutés.,MEDIUM,quatre-vingt-sept,quatre-vingt-sept,,,DRAFT,true,,,NON_TESTE,
PROVISIONAL_FRM_NUMBER_088,,Avikam,avi,Localité ou communauté Avikam à confirmer,NUMBER_0_100,Lecture isolée d’un nombre pour une quantité ou un montant; l’unité et le contexte doivent être ajoutés.,MEDIUM,quatre-vingt-huit,quatre-vingt-huit,,,DRAFT,true,,,NON_TESTE,
PROVISIONAL_FRM_NUMBER_089,,Avikam,avi,Localité ou communauté Avikam à confirmer,NUMBER_0_100,Lecture isolée d’un nombre pour une quantité ou un montant; l’unité et le contexte doivent être ajoutés.,MEDIUM,quatre-vingt-neuf,quatre-vingt-neuf,,,DRAFT,true,,,NON_TESTE,
PROVISIONAL_FRM_NUMBER_090,,Avikam,avi,Localité ou communauté Avikam à confirmer,NUMBER_0_100,Lecture isolée d’un nombre pour une quantité ou un montant; l’unité et le contexte doivent être ajoutés.,MEDIUM,quatre-vingt-dix,quatre-vingt-dix,,,DRAFT,true,,,NON_TESTE,
PROVISIONAL_FRM_NUMBER_091,,Avikam,avi,Localité ou communauté Avikam à confirmer,NUMBER_0_100,Lecture isolée d’un nombre pour une quantité ou un montant; l’unité et le contexte doivent être ajoutés.,MEDIUM,quatre-vingt-onze,quatre-vingt-onze,,,DRAFT,true,,,NON_TESTE,
PROVISIONAL_FRM_NUMBER_092,,Avikam,avi,Localité ou communauté Avikam à confirmer,NUMBER_0_100,Lecture isolée d’un nombre pour une quantité ou un montant; l’unité et le contexte doivent être ajoutés.,MEDIUM,quatre-vingt-douze,quatre-vingt-douze,,,DRAFT,true,,,NON_TESTE,
PROVISIONAL_FRM_NUMBER_093,,Avikam,avi,Localité ou communauté Avikam à confirmer,NUMBER_0_100,Lecture isolée d’un nombre pour une quantité ou un montant; l’unité et le contexte doivent être ajoutés.,MEDIUM,quatre-vingt-treize,quatre-vingt-treize,,,DRAFT,true,,,NON_TESTE,
PROVISIONAL_FRM_NUMBER_094,,Avikam,avi,Localité ou communauté Avikam à confirmer,NUMBER_0_100,Lecture isolée d’un nombre pour une quantité ou un montant; l’unité et le contexte doivent être ajoutés.,MEDIUM,quatre-vingt-quatorze,quatre-vingt-quatorze,,,DRAFT,true,,,NON_TESTE,
PROVISIONAL_FRM_NUMBER_095,,Avikam,avi,Localité ou communauté Avikam à confirmer,NUMBER_0_100,Lecture isolée d’un nombre pour une quantité ou un montant; l’unité et le contexte doivent être ajoutés.,MEDIUM,quatre-vingt-quinze,quatre-vingt-quinze,,,DRAFT,true,,,NON_TESTE,
PROVISIONAL_FRM_NUMBER_096,,Avikam,avi,Localité ou communauté Avikam à confirmer,NUMBER_0_100,Lecture isolée d’un nombre pour une quantité ou un montant; l’unité et le contexte doivent être ajoutés.,MEDIUM,quatre-vingt-seize,quatre-vingt-seize,,,DRAFT,true,,,NON_TESTE,
PROVISIONAL_FRM_NUMBER_097,,Avikam,avi,Localité ou communauté Avikam à confirmer,NUMBER_0_100,Lecture isolée d’un nombre pour une quantité ou un montant; l’unité et le contexte doivent être ajoutés.,MEDIUM,quatre-vingt-dix-sept,quatre-vingt-dix-sept,,,DRAFT,true,,,NON_TESTE,
PROVISIONAL_FRM_NUMBER_098,,Avikam,avi,Localité ou communauté Avikam à confirmer,NUMBER_0_100,Lecture isolée d’un nombre pour une quantité ou un montant; l’unité et le contexte doivent être ajoutés.,MEDIUM,quatre-vingt-dix-huit,quatre-vingt-dix-huit,,,DRAFT,true,,,NON_TESTE,
PROVISIONAL_FRM_NUMBER_099,,Avikam,avi,Localité ou communauté Avikam à confirmer,NUMBER_0_100,Lecture isolée d’un nombre pour une quantité ou un montant; l’unité et le contexte doivent être ajoutés.,MEDIUM,quatre-vingt-dix-neuf,quatre-vingt-dix-neuf,,,DRAFT,true,,,NON_TESTE,
PROVISIONAL_FRM_NUMBER_100,,Avikam,avi,Localité ou communauté Avikam à confirmer,NUMBER_0_100,Lecture isolée d’un nombre pour une quantité ou un montant; l’unité et le contexte doivent être ajoutés.,MEDIUM,cent,cent,,,DRAFT,true,,,NON_TESTE,
PROVISIONAL_FRM_NUMBER_HUNDRED_200,,Avikam,avi,Localité ou communauté Avikam à confirmer,NUMBER_HUNDREDS,Lecture isolée d’une centaine ou de mille; l’unité et le contexte doivent être ajoutés.,MEDIUM,deux cents,deux cents,,,DRAFT,true,,,NON_TESTE,
PROVISIONAL_FRM_NUMBER_HUNDRED_300,,Avikam,avi,Localité ou communauté Avikam à confirmer,NUMBER_HUNDREDS,Lecture isolée d’une centaine ou de mille; l’unité et le contexte doivent être ajoutés.,MEDIUM,trois cents,trois cents,,,DRAFT,true,,,NON_TESTE,
PROVISIONAL_FRM_NUMBER_HUNDRED_400,,Avikam,avi,Localité ou communauté Avikam à confirmer,NUMBER_HUNDREDS,Lecture isolée d’une centaine ou de mille; l’unité et le contexte doivent être ajoutés.,MEDIUM,quatre cents,quatre cents,,,DRAFT,true,,,NON_TESTE,
PROVISIONAL_FRM_NUMBER_HUNDRED_500,,Avikam,avi,Localité ou communauté Avikam à confirmer,NUMBER_HUNDREDS,Lecture isolée d’une centaine ou de mille; l’unité et le contexte doivent être ajoutés.,MEDIUM,cinq cents,cinq cents,,,DRAFT,true,,,NON_TESTE,
PROVISIONAL_FRM_NUMBER_HUNDRED_600,,Avikam,avi,Localité ou communauté Avikam à confirmer,NUMBER_HUNDREDS,Lecture isolée d’une centaine ou de mille; l’unité et le contexte doivent être ajoutés.,MEDIUM,six cents,six cents,,,DRAFT,true,,,NON_TESTE,
PROVISIONAL_FRM_NUMBER_HUNDRED_700,,Avikam,avi,Localité ou communauté Avikam à confirmer,NUMBER_HUNDREDS,Lecture isolée d’une centaine ou de mille; l’unité et le contexte doivent être ajoutés.,MEDIUM,sept cents,sept cents,,,DRAFT,true,,,NON_TESTE,
PROVISIONAL_FRM_NUMBER_HUNDRED_800,,Avikam,avi,Localité ou communauté Avikam à confirmer,NUMBER_HUNDREDS,Lecture isolée d’une centaine ou de mille; l’unité et le contexte doivent être ajoutés.,MEDIUM,huit cents,huit cents,,,DRAFT,true,,,NON_TESTE,
PROVISIONAL_FRM_NUMBER_HUNDRED_900,,Avikam,avi,Localité ou communauté Avikam à confirmer,NUMBER_HUNDREDS,Lecture isolée d’une centaine ou de mille; l’unité et le contexte doivent être ajoutés.,MEDIUM,neuf cents,neuf cents,,,DRAFT,true,,,NON_TESTE,
PROVISIONAL_FRM_NUMBER_THOUSAND_1000,,Avikam,avi,Localité ou communauté Avikam à confirmer,NUMBER_THOUSAND,Lecture isolée d’une centaine ou de mille; l’unité et le contexte doivent être ajoutés.,MEDIUM,mille,mille,,,DRAFT,true,,,NON_TESTE,
PROVISIONAL_FRM_UNIT_01_UNITE,,Avikam,avi,Localité ou communauté Avikam à confirmer,UNIT,Unité de vente orale.,LOW,unité,à l’unité,,,DRAFT,true,,,NON_TESTE,
PROVISIONAL_FRM_UNIT_02_TAS,,Avikam,avi,Localité ou communauté Avikam à confirmer,UNIT,Unité de vente orale.,LOW,tas,tas,,,DRAFT,true,,,NON_TESTE,
PROVISIONAL_FRM_UNIT_03_SAC,,Avikam,avi,Localité ou communauté Avikam à confirmer,UNIT,Unité de vente orale.,LOW,sac,sac,,,DRAFT,true,,,NON_TESTE,
PROVISIONAL_FRM_UNIT_04_KILO,,Avikam,avi,Localité ou communauté Avikam à confirmer,UNIT,Unité de vente orale.,LOW,kilo,kilo,,,DRAFT,true,,,NON_TESTE,
PROVISIONAL_FRM_UNIT_05_BOTTE,,Avikam,avi,Localité ou communauté Avikam à confirmer,UNIT,Unité de vente orale.,LOW,botte,botte,,,DRAFT,true,,,NON_TESTE,
PROVISIONAL_FRM_UNIT_06_BIDON,,Avikam,avi,Localité ou communauté Avikam à confirmer,UNIT,Unité de vente orale.,LOW,bidon,bidon,,,DRAFT,true,,,NON_TESTE,
PROVISIONAL_FRM_UNIT_07_SACHET,,Avikam,avi,Localité ou communauté Avikam à confirmer,UNIT,Unité de vente orale.,LOW,sachet,sachet,,,DRAFT,true,,,NON_TESTE,
PROVISIONAL_FRM_UNIT_08_PAQUET,,Avikam,avi,Localité ou communauté Avikam à confirmer,UNIT,Unité de vente orale.,LOW,paquet,paquet,,,DRAFT,true,,,NON_TESTE,
PROVISIONAL_FRM_UNIT_09_MORCEAU,,Avikam,avi,Localité ou communauté Avikam à confirmer,UNIT,Unité de vente orale.,LOW,morceau,morceau,,,DRAFT,true,,,NON_TESTE,
PROVISIONAL_FRM_UNIT_10_LITRE,,Avikam,avi,Localité ou communauté Avikam à confirmer,UNIT,Unité de vente orale.,LOW,litre,litre,,,DRAFT,true,,,NON_TESTE,
PROVISIONAL_FRM_UNIT_11_REGIME,,Avikam,avi,Localité ou communauté Avikam à confirmer,UNIT,Unité de vente orale.,LOW,régime,régime,,,DRAFT,true,,,NON_TESTE,
PROVISIONAL_FRM_UNIT_12_CARTON,,Avikam,avi,Localité ou communauté Avikam à confirmer,UNIT,Unité de vente orale.,LOW,carton,carton,,,DRAFT,true,,,NON_TESTE,
PROVISIONAL_FRM_UNIT_13_CAISSE,,Avikam,avi,Localité ou communauté Avikam à confirmer,UNIT,Unité de vente orale.,LOW,caisse,caisse,,,DRAFT,true,,,NON_TESTE,
PROVISIONAL_FRM_UNIT_14_BOUTEILLE,,Avikam,avi,Localité ou communauté Avikam à confirmer,UNIT,Unité de vente orale.,LOW,bouteille,bouteille,,,DRAFT,true,,,NON_TESTE,
PROVISIONAL_FRM_UNIT_15_PANIER,,Avikam,avi,Localité ou communauté Avikam à confirmer,UNIT,Unité de vente orale.,LOW,panier,panier,,,DRAFT,true,,,NON_TESTE,
PROVISIONAL_FRM_UNIT_16_FRANC,,Avikam,avi,Localité ou communauté Avikam à confirmer,UNIT,Dénomination monétaire orale; à associer à un nombre et au contexte.,HIGH,franc,franc,,,DRAFT,true,,,NON_TESTE,
PROVISIONAL_FRM_UNIT_17_FCFA,,Avikam,avi,Localité ou communauté Avikam à confirmer,UNIT,Dénomination monétaire orale; à associer à un nombre et au contexte.,HIGH,FCFA,franc CFA,,,DRAFT,true,,,NON_TESTE,
PROVISIONAL_FRM_PRODUCT_01_TOMATE,,Avikam,avi,Localité ou communauté Avikam à confirmer,PRODUCT,Nom de produit à annoncer ou saisir dans une vente; aucun identifiant produit métier n’est créé.,LOW,tomate,tomate,,,DRAFT,true,,,NON_TESTE,
PROVISIONAL_FRM_PRODUCT_02_PIMENT,,Avikam,avi,Localité ou communauté Avikam à confirmer,PRODUCT,Nom de produit à annoncer ou saisir dans une vente; aucun identifiant produit métier n’est créé.,LOW,piment,piment,,,DRAFT,true,,,NON_TESTE,
PROVISIONAL_FRM_PRODUCT_03_GOMBO,,Avikam,avi,Localité ou communauté Avikam à confirmer,PRODUCT,Nom de produit à annoncer ou saisir dans une vente; aucun identifiant produit métier n’est créé.,LOW,gombo,gombo,,,DRAFT,true,,,NON_TESTE,
PROVISIONAL_FRM_PRODUCT_04_ATTIEKE,,Avikam,avi,Localité ou communauté Avikam à confirmer,PRODUCT,Nom de produit à annoncer ou saisir dans une vente; aucun identifiant produit métier n’est créé.,LOW,attiéké,attiéké,,,DRAFT,true,,,NON_TESTE,
PROVISIONAL_FRM_PRODUCT_05_BANANE,,Avikam,avi,Localité ou communauté Avikam à confirmer,PRODUCT,Nom de produit à annoncer ou saisir dans une vente; aucun identifiant produit métier n’est créé.,LOW,banane,banane,,,DRAFT,true,,,NON_TESTE,
PROVISIONAL_FRM_PRODUCT_06_PLANTAIN,,Avikam,avi,Localité ou communauté Avikam à confirmer,PRODUCT,Nom de produit à annoncer ou saisir dans une vente; aucun identifiant produit métier n’est créé.,LOW,plantain,plantain,,,DRAFT,true,,,NON_TESTE,
PROVISIONAL_FRM_PRODUCT_07_IGNAME,,Avikam,avi,Localité ou communauté Avikam à confirmer,PRODUCT,Nom de produit à annoncer ou saisir dans une vente; aucun identifiant produit métier n’est créé.,LOW,igname,igname,,,DRAFT,true,,,NON_TESTE,
PROVISIONAL_FRM_PRODUCT_08_MANIOC,,Avikam,avi,Localité ou communauté Avikam à confirmer,PRODUCT,Nom de produit à annoncer ou saisir dans une vente; aucun identifiant produit métier n’est créé.,LOW,manioc,manioc,,,DRAFT,true,,,NON_TESTE,
PROVISIONAL_FRM_PRODUCT_09_AUBERGINE,,Avikam,avi,Localité ou communauté Avikam à confirmer,PRODUCT,Nom de produit à annoncer ou saisir dans une vente; aucun identifiant produit métier n’est créé.,LOW,aubergine,aubergine,,,DRAFT,true,,,NON_TESTE,
PROVISIONAL_FRM_PRODUCT_10_OIGNON,,Avikam,avi,Localité ou communauté Avikam à confirmer,PRODUCT,Nom de produit à annoncer ou saisir dans une vente; aucun identifiant produit métier n’est créé.,LOW,oignon,oignon,,,DRAFT,true,,,NON_TESTE,
PROVISIONAL_FRM_PRODUCT_11_AIL,,Avikam,avi,Localité ou communauté Avikam à confirmer,PRODUCT,Nom de produit à annoncer ou saisir dans une vente; aucun identifiant produit métier n’est créé.,LOW,ail,ail,,,DRAFT,true,,,NON_TESTE,
PROVISIONAL_FRM_PRODUCT_12_POISSON,,Avikam,avi,Localité ou communauté Avikam à confirmer,PRODUCT,Nom de produit à annoncer ou saisir dans une vente; aucun identifiant produit métier n’est créé.,LOW,poisson,poisson,,,DRAFT,true,,,NON_TESTE,
PROVISIONAL_FRM_PRODUCT_13_VIANDE,,Avikam,avi,Localité ou communauté Avikam à confirmer,PRODUCT,Nom de produit à annoncer ou saisir dans une vente; aucun identifiant produit métier n’est créé.,LOW,viande,viande,,,DRAFT,true,,,NON_TESTE,
PROVISIONAL_FRM_PRODUCT_14_POULET,,Avikam,avi,Localité ou communauté Avikam à confirmer,PRODUCT,Nom de produit à annoncer ou saisir dans une vente; aucun identifiant produit métier n’est créé.,LOW,poulet,poulet,,,DRAFT,true,,,NON_TESTE,
PROVISIONAL_FRM_PRODUCT_15_HUILE,,Avikam,avi,Localité ou communauté Avikam à confirmer,PRODUCT,Nom de produit à annoncer ou saisir dans une vente; aucun identifiant produit métier n’est créé.,LOW,huile,huile,,,DRAFT,true,,,NON_TESTE,
PROVISIONAL_FRM_PRODUCT_16_SEL,,Avikam,avi,Localité ou communauté Avikam à confirmer,PRODUCT,Nom de produit à annoncer ou saisir dans une vente; aucun identifiant produit métier n’est créé.,LOW,sel,sel,,,DRAFT,true,,,NON_TESTE,
PROVISIONAL_FRM_PRODUCT_17_SUCRE,,Avikam,avi,Localité ou communauté Avikam à confirmer,PRODUCT,Nom de produit à annoncer ou saisir dans une vente; aucun identifiant produit métier n’est créé.,LOW,sucre,sucre,,,DRAFT,true,,,NON_TESTE,
PROVISIONAL_FRM_PRODUCT_18_RIZ,,Avikam,avi,Localité ou communauté Avikam à confirmer,PRODUCT,Nom de produit à annoncer ou saisir dans une vente; aucun identifiant produit métier n’est créé.,LOW,riz,riz,,,DRAFT,true,,,NON_TESTE,
PROVISIONAL_FRM_PRODUCT_19_HARICOT,,Avikam,avi,Localité ou communauté Avikam à confirmer,PRODUCT,Nom de produit à annoncer ou saisir dans une vente; aucun identifiant produit métier n’est créé.,LOW,haricot,haricot,,,DRAFT,true,,,NON_TESTE,
PROVISIONAL_FRM_PRODUCT_20_MAIS,,Avikam,avi,Localité ou communauté Avikam à confirmer,PRODUCT,Nom de produit à annoncer ou saisir dans une vente; aucun identifiant produit métier n’est créé.,LOW,maïs,maïs,,,DRAFT,true,,,NON_TESTE,
PROVISIONAL_FRM_PRODUCT_21_FOUTOU,,Avikam,avi,Localité ou communauté Avikam à confirmer,PRODUCT,Nom de produit à annoncer ou saisir dans une vente; aucun identifiant produit métier n’est créé.,LOW,foutou,foutou,,,DRAFT,true,,,NON_TESTE,
PROVISIONAL_FRM_PRODUCT_22_ORANGE,,Avikam,avi,Localité ou communauté Avikam à confirmer,PRODUCT,Nom de produit à annoncer ou saisir dans une vente; aucun identifiant produit métier n’est créé.,LOW,orange,orange,,,DRAFT,true,,,NON_TESTE,
PROVISIONAL_FRM_PRODUCT_23_SAVON,,Avikam,avi,Localité ou communauté Avikam à confirmer,PRODUCT,Nom de produit à annoncer ou saisir dans une vente; aucun identifiant produit métier n’est créé.,LOW,savon,savon,,,DRAFT,true,,,NON_TESTE,
PROVISIONAL_FRM_PRODUCT_24_FARINE,,Avikam,avi,Localité ou communauté Avikam à confirmer,PRODUCT,Nom de produit à annoncer ou saisir dans une vente; aucun identifiant produit métier n’est créé.,LOW,farine,farine,,,DRAFT,true,,,NON_TESTE,
PROVISIONAL_FRM_PRODUCT_25_JUS,,Avikam,avi,Localité ou communauté Avikam à confirmer,PRODUCT,Nom de produit à annoncer ou saisir dans une vente; aucun identifiant produit métier n’est créé.,LOW,jus,jus,,,DRAFT,true,,,NON_TESTE,
PROVISIONAL_FRM_PRODUCT_26_LAIT,,Avikam,avi,Localité ou communauté Avikam à confirmer,PRODUCT,Nom de produit à annoncer ou saisir dans une vente; aucun identifiant produit métier n’est créé.,LOW,lait,lait,,,DRAFT,true,,,NON_TESTE,
PROVISIONAL_FRM_INTENT_01,,Abidji,abi,Variété non sélectionnée: Enyembe ou Ogbru,FINANCIAL_PRIORITY_INTENT,Commande orale d’encaissement; elle ne vaut pas confirmation métier du paiement.,CRITICAL,Encaisse.,Encaisse ça.,,,DRAFT,true,,,NON_TESTE,Deux variétés documentées (Enyembe et Ogbru); pas de corpus de marché fiable par variété consulté. Ne pas inférer une forme à partir de l’autre variété.
PROVISIONAL_FRM_INTENT_02,,Abidji,abi,Variété non sélectionnée: Enyembe ou Ogbru,FINANCIAL_PRIORITY_INTENT,Demande du montant encore dû par une cliente.,CRITICAL,Combien elle doit ?,Elle doit combien ?,,,DRAFT,true,,,NON_TESTE,Deux variétés documentées (Enyembe et Ogbru); pas de corpus de marché fiable par variété consulté. Ne pas inférer une forme à partir de l’autre variété.
PROVISIONAL_FRM_INTENT_03,,Abidji,abi,Variété non sélectionnée: Enyembe ou Ogbru,FINANCIAL_PRIORITY_INTENT,Accord oral avant une validation; la confirmation métier reste distincte.,CRITICAL,"Oui, valide.","Oui, tu peux valider.",,,DRAFT,true,,,NON_TESTE,Deux variétés documentées (Enyembe et Ogbru); pas de corpus de marché fiable par variété consulté. Ne pas inférer une forme à partir de l’autre variété.
PROVISIONAL_FRM_INTENT_04,,Abidji,abi,Variété non sélectionnée: Enyembe ou Ogbru,FINANCIAL_PRIORITY_INTENT,Refus ou demande d’annulation avant confirmation métier.,CRITICAL,Non / annule.,"Non, annule.",,,DRAFT,true,,,NON_TESTE,Deux variétés documentées (Enyembe et Ogbru); pas de corpus de marché fiable par variété consulté. Ne pas inférer une forme à partir de l’autre variété.
PROVISIONAL_FRM_INTENT_05,,Abidji,abi,Variété non sélectionnée: Enyembe ou Ogbru,FINANCIAL_PRIORITY_INTENT,Annonce d’un montant manquant dans le paiement.,CRITICAL,Il manque {montant} francs.,Il manque {montant} francs.,,,DRAFT,true,,,NON_TESTE,Deux variétés documentées (Enyembe et Ogbru); pas de corpus de marché fiable par variété consulté. Ne pas inférer une forme à partir de l’autre variété.
PROVISIONAL_FRM_INTENT_06,,Abidji,abi,Variété non sélectionnée: Enyembe ou Ogbru,FINANCIAL_PRIORITY_INTENT,Demande de vérifier le calcul ou le compte avant la suite.,CRITICAL,Compte juste.,Vérifie bien le compte.,,,DRAFT,true,,,NON_TESTE,Deux variétés documentées (Enyembe et Ogbru); pas de corpus de marché fiable par variété consulté. Ne pas inférer une forme à partir de l’autre variété.
PROVISIONAL_FRM_INTENT_07,,Abidji,abi,Variété non sélectionnée: Enyembe ou Ogbru,FINANCIAL_PRIORITY_INTENT,Annonce du montant effectivement remis par la cliente.,CRITICAL,Elle a donné {recu} francs.,Elle a donné {recu} francs.,,,DRAFT,true,,,NON_TESTE,Deux variétés documentées (Enyembe et Ogbru); pas de corpus de marché fiable par variété consulté. Ne pas inférer une forme à partir de l’autre variété.
PROVISIONAL_FRM_INTENT_08,,Abidji,abi,Variété non sélectionnée: Enyembe ou Ogbru,FINANCIAL_PRIORITY_INTENT,Annonce de la monnaie à rendre à la cliente.,CRITICAL,Tu rends {monnaie} francs.,Tu lui rends {monnaie} francs.,,,DRAFT,true,,,NON_TESTE,Deux variétés documentées (Enyembe et Ogbru); pas de corpus de marché fiable par variété consulté. Ne pas inférer une forme à partir de l’autre variété.
PROVISIONAL_FRM_INTENT_09,,Abidji,abi,Variété non sélectionnée: Enyembe ou Ogbru,FINANCIAL_PRIORITY_INTENT,Annonce du total dû par la cliente.,CRITICAL,Elle doit {total} francs.,Elle doit {total} francs.,,,DRAFT,true,,,NON_TESTE,Deux variétés documentées (Enyembe et Ogbru); pas de corpus de marché fiable par variété consulté. Ne pas inférer une forme à partir de l’autre variété.
PROVISIONAL_FRM_INTENT_10,,Abidji,abi,Variété non sélectionnée: Enyembe ou Ogbru,FINANCIAL_PRIORITY_INTENT,Demande orale de validation avant l’action métier.,CRITICAL,Je valide ?,Je valide ça ?,,,DRAFT,true,,,NON_TESTE,Deux variétés documentées (Enyembe et Ogbru); pas de corpus de marché fiable par variété consulté. Ne pas inférer une forme à partir de l’autre variété.
PROVISIONAL_FRM_INTENT_11,,Abidji,abi,Variété non sélectionnée: Enyembe ou Ogbru,FINANCIAL_PRIORITY_INTENT,Question sur le prix d’un seul article.,HIGH,Prix d’un seul.,"Un seul, c’est combien ?",,,DRAFT,true,,,NON_TESTE,Deux variétés documentées (Enyembe et Ogbru); pas de corpus de marché fiable par variété consulté. Ne pas inférer une forme à partir de l’autre variété.
PROVISIONAL_FRM_INTENT_12,,Abidji,abi,Variété non sélectionnée: Enyembe ou Ogbru,FINANCIAL_PRIORITY_INTENT,Question sur le prix total de l’ensemble présenté.,HIGH,Prix du tout.,"Tout ça, c’est combien ?",,,DRAFT,true,,,NON_TESTE,Deux variétés documentées (Enyembe et Ogbru); pas de corpus de marché fiable par variété consulté. Ne pas inférer une forme à partir de l’autre variété.
PROVISIONAL_FRM_INTENT_13,,Abidji,abi,Variété non sélectionnée: Enyembe ou Ogbru,FINANCIAL_PRIORITY_INTENT,Question générale sur le montant à payer ou le total.,HIGH,Combien ?,Ça fait combien ?,,,DRAFT,true,,,NON_TESTE,Deux variétés documentées (Enyembe et Ogbru); pas de corpus de marché fiable par variété consulté. Ne pas inférer une forme à partir de l’autre variété.
PROVISIONAL_FRM_INTENT_14,,Abidji,abi,Variété non sélectionnée: Enyembe ou Ogbru,FINANCIAL_PRIORITY_INTENT,Question sur le prix d’un produit ou d’une quantité montrée.,HIGH,C’est à combien ?,C’est à combien ?,,,DRAFT,true,,,NON_TESTE,Deux variétés documentées (Enyembe et Ogbru); pas de corpus de marché fiable par variété consulté. Ne pas inférer une forme à partir de l’autre variété.
PROVISIONAL_FRM_INTENT_15,,Abidji,abi,Variété non sélectionnée: Enyembe ou Ogbru,FINANCIAL_PRIORITY_INTENT,Question ouverte sur le produit ou l’article vendu.,LOW,Tu as vendu quoi ?,Tu as vendu quoi ?,,,DRAFT,true,,,NON_TESTE,Deux variétés documentées (Enyembe et Ogbru); pas de corpus de marché fiable par variété consulté. Ne pas inférer une forme à partir de l’autre variété.
PROVISIONAL_FRM_NUMBER_000,,Abidji,abi,Variété non sélectionnée: Enyembe ou Ogbru,NUMBER_0_100,Lecture isolée d’un nombre pour une quantité ou un montant; l’unité et le contexte doivent être ajoutés.,MEDIUM,zéro,zéro,,,DRAFT,true,,,NON_TESTE,Deux variétés documentées (Enyembe et Ogbru); pas de corpus de marché fiable par variété consulté. Ne pas inférer une forme à partir de l’autre variété.
PROVISIONAL_FRM_NUMBER_001,,Abidji,abi,Variété non sélectionnée: Enyembe ou Ogbru,NUMBER_0_100,Lecture isolée d’un nombre pour une quantité ou un montant; l’unité et le contexte doivent être ajoutés.,MEDIUM,un,un,,,DRAFT,true,,,NON_TESTE,Deux variétés documentées (Enyembe et Ogbru); pas de corpus de marché fiable par variété consulté. Ne pas inférer une forme à partir de l’autre variété.
PROVISIONAL_FRM_NUMBER_002,,Abidji,abi,Variété non sélectionnée: Enyembe ou Ogbru,NUMBER_0_100,Lecture isolée d’un nombre pour une quantité ou un montant; l’unité et le contexte doivent être ajoutés.,MEDIUM,deux,deux,,,DRAFT,true,,,NON_TESTE,Deux variétés documentées (Enyembe et Ogbru); pas de corpus de marché fiable par variété consulté. Ne pas inférer une forme à partir de l’autre variété.
PROVISIONAL_FRM_NUMBER_003,,Abidji,abi,Variété non sélectionnée: Enyembe ou Ogbru,NUMBER_0_100,Lecture isolée d’un nombre pour une quantité ou un montant; l’unité et le contexte doivent être ajoutés.,MEDIUM,trois,trois,,,DRAFT,true,,,NON_TESTE,Deux variétés documentées (Enyembe et Ogbru); pas de corpus de marché fiable par variété consulté. Ne pas inférer une forme à partir de l’autre variété.
PROVISIONAL_FRM_NUMBER_004,,Abidji,abi,Variété non sélectionnée: Enyembe ou Ogbru,NUMBER_0_100,Lecture isolée d’un nombre pour une quantité ou un montant; l’unité et le contexte doivent être ajoutés.,MEDIUM,quatre,quatre,,,DRAFT,true,,,NON_TESTE,Deux variétés documentées (Enyembe et Ogbru); pas de corpus de marché fiable par variété consulté. Ne pas inférer une forme à partir de l’autre variété.
PROVISIONAL_FRM_NUMBER_005,,Abidji,abi,Variété non sélectionnée: Enyembe ou Ogbru,NUMBER_0_100,Lecture isolée d’un nombre pour une quantité ou un montant; l’unité et le contexte doivent être ajoutés.,MEDIUM,cinq,cinq,,,DRAFT,true,,,NON_TESTE,Deux variétés documentées (Enyembe et Ogbru); pas de corpus de marché fiable par variété consulté. Ne pas inférer une forme à partir de l’autre variété.
PROVISIONAL_FRM_NUMBER_006,,Abidji,abi,Variété non sélectionnée: Enyembe ou Ogbru,NUMBER_0_100,Lecture isolée d’un nombre pour une quantité ou un montant; l’unité et le contexte doivent être ajoutés.,MEDIUM,six,six,,,DRAFT,true,,,NON_TESTE,Deux variétés documentées (Enyembe et Ogbru); pas de corpus de marché fiable par variété consulté. Ne pas inférer une forme à partir de l’autre variété.
PROVISIONAL_FRM_NUMBER_007,,Abidji,abi,Variété non sélectionnée: Enyembe ou Ogbru,NUMBER_0_100,Lecture isolée d’un nombre pour une quantité ou un montant; l’unité et le contexte doivent être ajoutés.,MEDIUM,sept,sept,,,DRAFT,true,,,NON_TESTE,Deux variétés documentées (Enyembe et Ogbru); pas de corpus de marché fiable par variété consulté. Ne pas inférer une forme à partir de l’autre variété.
PROVISIONAL_FRM_NUMBER_008,,Abidji,abi,Variété non sélectionnée: Enyembe ou Ogbru,NUMBER_0_100,Lecture isolée d’un nombre pour une quantité ou un montant; l’unité et le contexte doivent être ajoutés.,MEDIUM,huit,huit,,,DRAFT,true,,,NON_TESTE,Deux variétés documentées (Enyembe et Ogbru); pas de corpus de marché fiable par variété consulté. Ne pas inférer une forme à partir de l’autre variété.
PROVISIONAL_FRM_NUMBER_009,,Abidji,abi,Variété non sélectionnée: Enyembe ou Ogbru,NUMBER_0_100,Lecture isolée d’un nombre pour une quantité ou un montant; l’unité et le contexte doivent être ajoutés.,MEDIUM,neuf,neuf,,,DRAFT,true,,,NON_TESTE,Deux variétés documentées (Enyembe et Ogbru); pas de corpus de marché fiable par variété consulté. Ne pas inférer une forme à partir de l’autre variété.
PROVISIONAL_FRM_NUMBER_010,,Abidji,abi,Variété non sélectionnée: Enyembe ou Ogbru,NUMBER_0_100,Lecture isolée d’un nombre pour une quantité ou un montant; l’unité et le contexte doivent être ajoutés.,MEDIUM,dix,dix,,,DRAFT,true,,,NON_TESTE,Deux variétés documentées (Enyembe et Ogbru); pas de corpus de marché fiable par variété consulté. Ne pas inférer une forme à partir de l’autre variété.
PROVISIONAL_FRM_NUMBER_011,,Abidji,abi,Variété non sélectionnée: Enyembe ou Ogbru,NUMBER_0_100,Lecture isolée d’un nombre pour une quantité ou un montant; l’unité et le contexte doivent être ajoutés.,MEDIUM,onze,onze,,,DRAFT,true,,,NON_TESTE,Deux variétés documentées (Enyembe et Ogbru); pas de corpus de marché fiable par variété consulté. Ne pas inférer une forme à partir de l’autre variété.
PROVISIONAL_FRM_NUMBER_012,,Abidji,abi,Variété non sélectionnée: Enyembe ou Ogbru,NUMBER_0_100,Lecture isolée d’un nombre pour une quantité ou un montant; l’unité et le contexte doivent être ajoutés.,MEDIUM,douze,douze,,,DRAFT,true,,,NON_TESTE,Deux variétés documentées (Enyembe et Ogbru); pas de corpus de marché fiable par variété consulté. Ne pas inférer une forme à partir de l’autre variété.
PROVISIONAL_FRM_NUMBER_013,,Abidji,abi,Variété non sélectionnée: Enyembe ou Ogbru,NUMBER_0_100,Lecture isolée d’un nombre pour une quantité ou un montant; l’unité et le contexte doivent être ajoutés.,MEDIUM,treize,treize,,,DRAFT,true,,,NON_TESTE,Deux variétés documentées (Enyembe et Ogbru); pas de corpus de marché fiable par variété consulté. Ne pas inférer une forme à partir de l’autre variété.
PROVISIONAL_FRM_NUMBER_014,,Abidji,abi,Variété non sélectionnée: Enyembe ou Ogbru,NUMBER_0_100,Lecture isolée d’un nombre pour une quantité ou un montant; l’unité et le contexte doivent être ajoutés.,MEDIUM,quatorze,quatorze,,,DRAFT,true,,,NON_TESTE,Deux variétés documentées (Enyembe et Ogbru); pas de corpus de marché fiable par variété consulté. Ne pas inférer une forme à partir de l’autre variété.
PROVISIONAL_FRM_NUMBER_015,,Abidji,abi,Variété non sélectionnée: Enyembe ou Ogbru,NUMBER_0_100,Lecture isolée d’un nombre pour une quantité ou un montant; l’unité et le contexte doivent être ajoutés.,MEDIUM,quinze,quinze,,,DRAFT,true,,,NON_TESTE,Deux variétés documentées (Enyembe et Ogbru); pas de corpus de marché fiable par variété consulté. Ne pas inférer une forme à partir de l’autre variété.
PROVISIONAL_FRM_NUMBER_016,,Abidji,abi,Variété non sélectionnée: Enyembe ou Ogbru,NUMBER_0_100,Lecture isolée d’un nombre pour une quantité ou un montant; l’unité et le contexte doivent être ajoutés.,MEDIUM,seize,seize,,,DRAFT,true,,,NON_TESTE,Deux variétés documentées (Enyembe et Ogbru); pas de corpus de marché fiable par variété consulté. Ne pas inférer une forme à partir de l’autre variété.
PROVISIONAL_FRM_NUMBER_017,,Abidji,abi,Variété non sélectionnée: Enyembe ou Ogbru,NUMBER_0_100,Lecture isolée d’un nombre pour une quantité ou un montant; l’unité et le contexte doivent être ajoutés.,MEDIUM,dix-sept,dix-sept,,,DRAFT,true,,,NON_TESTE,Deux variétés documentées (Enyembe et Ogbru); pas de corpus de marché fiable par variété consulté. Ne pas inférer une forme à partir de l’autre variété.
PROVISIONAL_FRM_NUMBER_018,,Abidji,abi,Variété non sélectionnée: Enyembe ou Ogbru,NUMBER_0_100,Lecture isolée d’un nombre pour une quantité ou un montant; l’unité et le contexte doivent être ajoutés.,MEDIUM,dix-huit,dix-huit,,,DRAFT,true,,,NON_TESTE,Deux variétés documentées (Enyembe et Ogbru); pas de corpus de marché fiable par variété consulté. Ne pas inférer une forme à partir de l’autre variété.
PROVISIONAL_FRM_NUMBER_019,,Abidji,abi,Variété non sélectionnée: Enyembe ou Ogbru,NUMBER_0_100,Lecture isolée d’un nombre pour une quantité ou un montant; l’unité et le contexte doivent être ajoutés.,MEDIUM,dix-neuf,dix-neuf,,,DRAFT,true,,,NON_TESTE,Deux variétés documentées (Enyembe et Ogbru); pas de corpus de marché fiable par variété consulté. Ne pas inférer une forme à partir de l’autre variété.
PROVISIONAL_FRM_NUMBER_020,,Abidji,abi,Variété non sélectionnée: Enyembe ou Ogbru,NUMBER_0_100,Lecture isolée d’un nombre pour une quantité ou un montant; l’unité et le contexte doivent être ajoutés.,MEDIUM,vingt,vingt,,,DRAFT,true,,,NON_TESTE,Deux variétés documentées (Enyembe et Ogbru); pas de corpus de marché fiable par variété consulté. Ne pas inférer une forme à partir de l’autre variété.
PROVISIONAL_FRM_NUMBER_021,,Abidji,abi,Variété non sélectionnée: Enyembe ou Ogbru,NUMBER_0_100,Lecture isolée d’un nombre pour une quantité ou un montant; l’unité et le contexte doivent être ajoutés.,MEDIUM,vingt et un,vingt et un,,,DRAFT,true,,,NON_TESTE,Deux variétés documentées (Enyembe et Ogbru); pas de corpus de marché fiable par variété consulté. Ne pas inférer une forme à partir de l’autre variété.
PROVISIONAL_FRM_NUMBER_022,,Abidji,abi,Variété non sélectionnée: Enyembe ou Ogbru,NUMBER_0_100,Lecture isolée d’un nombre pour une quantité ou un montant; l’unité et le contexte doivent être ajoutés.,MEDIUM,vingt-deux,vingt-deux,,,DRAFT,true,,,NON_TESTE,Deux variétés documentées (Enyembe et Ogbru); pas de corpus de marché fiable par variété consulté. Ne pas inférer une forme à partir de l’autre variété.
PROVISIONAL_FRM_NUMBER_023,,Abidji,abi,Variété non sélectionnée: Enyembe ou Ogbru,NUMBER_0_100,Lecture isolée d’un nombre pour une quantité ou un montant; l’unité et le contexte doivent être ajoutés.,MEDIUM,vingt-trois,vingt-trois,,,DRAFT,true,,,NON_TESTE,Deux variétés documentées (Enyembe et Ogbru); pas de corpus de marché fiable par variété consulté. Ne pas inférer une forme à partir de l’autre variété.
PROVISIONAL_FRM_NUMBER_024,,Abidji,abi,Variété non sélectionnée: Enyembe ou Ogbru,NUMBER_0_100,Lecture isolée d’un nombre pour une quantité ou un montant; l’unité et le contexte doivent être ajoutés.,MEDIUM,vingt-quatre,vingt-quatre,,,DRAFT,true,,,NON_TESTE,Deux variétés documentées (Enyembe et Ogbru); pas de corpus de marché fiable par variété consulté. Ne pas inférer une forme à partir de l’autre variété.
PROVISIONAL_FRM_NUMBER_025,,Abidji,abi,Variété non sélectionnée: Enyembe ou Ogbru,NUMBER_0_100,Lecture isolée d’un nombre pour une quantité ou un montant; l’unité et le contexte doivent être ajoutés.,MEDIUM,vingt-cinq,vingt-cinq,,,DRAFT,true,,,NON_TESTE,Deux variétés documentées (Enyembe et Ogbru); pas de corpus de marché fiable par variété consulté. Ne pas inférer une forme à partir de l’autre variété.
PROVISIONAL_FRM_NUMBER_026,,Abidji,abi,Variété non sélectionnée: Enyembe ou Ogbru,NUMBER_0_100,Lecture isolée d’un nombre pour une quantité ou un montant; l’unité et le contexte doivent être ajoutés.,MEDIUM,vingt-six,vingt-six,,,DRAFT,true,,,NON_TESTE,Deux variétés documentées (Enyembe et Ogbru); pas de corpus de marché fiable par variété consulté. Ne pas inférer une forme à partir de l’autre variété.
PROVISIONAL_FRM_NUMBER_027,,Abidji,abi,Variété non sélectionnée: Enyembe ou Ogbru,NUMBER_0_100,Lecture isolée d’un nombre pour une quantité ou un montant; l’unité et le contexte doivent être ajoutés.,MEDIUM,vingt-sept,vingt-sept,,,DRAFT,true,,,NON_TESTE,Deux variétés documentées (Enyembe et Ogbru); pas de corpus de marché fiable par variété consulté. Ne pas inférer une forme à partir de l’autre variété.
PROVISIONAL_FRM_NUMBER_028,,Abidji,abi,Variété non sélectionnée: Enyembe ou Ogbru,NUMBER_0_100,Lecture isolée d’un nombre pour une quantité ou un montant; l’unité et le contexte doivent être ajoutés.,MEDIUM,vingt-huit,vingt-huit,,,DRAFT,true,,,NON_TESTE,Deux variétés documentées (Enyembe et Ogbru); pas de corpus de marché fiable par variété consulté. Ne pas inférer une forme à partir de l’autre variété.
PROVISIONAL_FRM_NUMBER_029,,Abidji,abi,Variété non sélectionnée: Enyembe ou Ogbru,NUMBER_0_100,Lecture isolée d’un nombre pour une quantité ou un montant; l’unité et le contexte doivent être ajoutés.,MEDIUM,vingt-neuf,vingt-neuf,,,DRAFT,true,,,NON_TESTE,Deux variétés documentées (Enyembe et Ogbru); pas de corpus de marché fiable par variété consulté. Ne pas inférer une forme à partir de l’autre variété.
PROVISIONAL_FRM_NUMBER_030,,Abidji,abi,Variété non sélectionnée: Enyembe ou Ogbru,NUMBER_0_100,Lecture isolée d’un nombre pour une quantité ou un montant; l’unité et le contexte doivent être ajoutés.,MEDIUM,trente,trente,,,DRAFT,true,,,NON_TESTE,Deux variétés documentées (Enyembe et Ogbru); pas de corpus de marché fiable par variété consulté. Ne pas inférer une forme à partir de l’autre variété.
PROVISIONAL_FRM_NUMBER_031,,Abidji,abi,Variété non sélectionnée: Enyembe ou Ogbru,NUMBER_0_100,Lecture isolée d’un nombre pour une quantité ou un montant; l’unité et le contexte doivent être ajoutés.,MEDIUM,trente et un,trente et un,,,DRAFT,true,,,NON_TESTE,Deux variétés documentées (Enyembe et Ogbru); pas de corpus de marché fiable par variété consulté. Ne pas inférer une forme à partir de l’autre variété.
PROVISIONAL_FRM_NUMBER_032,,Abidji,abi,Variété non sélectionnée: Enyembe ou Ogbru,NUMBER_0_100,Lecture isolée d’un nombre pour une quantité ou un montant; l’unité et le contexte doivent être ajoutés.,MEDIUM,trente-deux,trente-deux,,,DRAFT,true,,,NON_TESTE,Deux variétés documentées (Enyembe et Ogbru); pas de corpus de marché fiable par variété consulté. Ne pas inférer une forme à partir de l’autre variété.
PROVISIONAL_FRM_NUMBER_033,,Abidji,abi,Variété non sélectionnée: Enyembe ou Ogbru,NUMBER_0_100,Lecture isolée d’un nombre pour une quantité ou un montant; l’unité et le contexte doivent être ajoutés.,MEDIUM,trente-trois,trente-trois,,,DRAFT,true,,,NON_TESTE,Deux variétés documentées (Enyembe et Ogbru); pas de corpus de marché fiable par variété consulté. Ne pas inférer une forme à partir de l’autre variété.
PROVISIONAL_FRM_NUMBER_034,,Abidji,abi,Variété non sélectionnée: Enyembe ou Ogbru,NUMBER_0_100,Lecture isolée d’un nombre pour une quantité ou un montant; l’unité et le contexte doivent être ajoutés.,MEDIUM,trente-quatre,trente-quatre,,,DRAFT,true,,,NON_TESTE,Deux variétés documentées (Enyembe et Ogbru); pas de corpus de marché fiable par variété consulté. Ne pas inférer une forme à partir de l’autre variété.
PROVISIONAL_FRM_NUMBER_035,,Abidji,abi,Variété non sélectionnée: Enyembe ou Ogbru,NUMBER_0_100,Lecture isolée d’un nombre pour une quantité ou un montant; l’unité et le contexte doivent être ajoutés.,MEDIUM,trente-cinq,trente-cinq,,,DRAFT,true,,,NON_TESTE,Deux variétés documentées (Enyembe et Ogbru); pas de corpus de marché fiable par variété consulté. Ne pas inférer une forme à partir de l’autre variété.
PROVISIONAL_FRM_NUMBER_036,,Abidji,abi,Variété non sélectionnée: Enyembe ou Ogbru,NUMBER_0_100,Lecture isolée d’un nombre pour une quantité ou un montant; l’unité et le contexte doivent être ajoutés.,MEDIUM,trente-six,trente-six,,,DRAFT,true,,,NON_TESTE,Deux variétés documentées (Enyembe et Ogbru); pas de corpus de marché fiable par variété consulté. Ne pas inférer une forme à partir de l’autre variété.
PROVISIONAL_FRM_NUMBER_037,,Abidji,abi,Variété non sélectionnée: Enyembe ou Ogbru,NUMBER_0_100,Lecture isolée d’un nombre pour une quantité ou un montant; l’unité et le contexte doivent être ajoutés.,MEDIUM,trente-sept,trente-sept,,,DRAFT,true,,,NON_TESTE,Deux variétés documentées (Enyembe et Ogbru); pas de corpus de marché fiable par variété consulté. Ne pas inférer une forme à partir de l’autre variété.
PROVISIONAL_FRM_NUMBER_038,,Abidji,abi,Variété non sélectionnée: Enyembe ou Ogbru,NUMBER_0_100,Lecture isolée d’un nombre pour une quantité ou un montant; l’unité et le contexte doivent être ajoutés.,MEDIUM,trente-huit,trente-huit,,,DRAFT,true,,,NON_TESTE,Deux variétés documentées (Enyembe et Ogbru); pas de corpus de marché fiable par variété consulté. Ne pas inférer une forme à partir de l’autre variété.
PROVISIONAL_FRM_NUMBER_039,,Abidji,abi,Variété non sélectionnée: Enyembe ou Ogbru,NUMBER_0_100,Lecture isolée d’un nombre pour une quantité ou un montant; l’unité et le contexte doivent être ajoutés.,MEDIUM,trente-neuf,trente-neuf,,,DRAFT,true,,,NON_TESTE,Deux variétés documentées (Enyembe et Ogbru); pas de corpus de marché fiable par variété consulté. Ne pas inférer une forme à partir de l’autre variété.
PROVISIONAL_FRM_NUMBER_040,,Abidji,abi,Variété non sélectionnée: Enyembe ou Ogbru,NUMBER_0_100,Lecture isolée d’un nombre pour une quantité ou un montant; l’unité et le contexte doivent être ajoutés.,MEDIUM,quarante,quarante,,,DRAFT,true,,,NON_TESTE,Deux variétés documentées (Enyembe et Ogbru); pas de corpus de marché fiable par variété consulté. Ne pas inférer une forme à partir de l’autre variété.
PROVISIONAL_FRM_NUMBER_041,,Abidji,abi,Variété non sélectionnée: Enyembe ou Ogbru,NUMBER_0_100,Lecture isolée d’un nombre pour une quantité ou un montant; l’unité et le contexte doivent être ajoutés.,MEDIUM,quarante et un,quarante et un,,,DRAFT,true,,,NON_TESTE,Deux variétés documentées (Enyembe et Ogbru); pas de corpus de marché fiable par variété consulté. Ne pas inférer une forme à partir de l’autre variété.
PROVISIONAL_FRM_NUMBER_042,,Abidji,abi,Variété non sélectionnée: Enyembe ou Ogbru,NUMBER_0_100,Lecture isolée d’un nombre pour une quantité ou un montant; l’unité et le contexte doivent être ajoutés.,MEDIUM,quarante-deux,quarante-deux,,,DRAFT,true,,,NON_TESTE,Deux variétés documentées (Enyembe et Ogbru); pas de corpus de marché fiable par variété consulté. Ne pas inférer une forme à partir de l’autre variété.
PROVISIONAL_FRM_NUMBER_043,,Abidji,abi,Variété non sélectionnée: Enyembe ou Ogbru,NUMBER_0_100,Lecture isolée d’un nombre pour une quantité ou un montant; l’unité et le contexte doivent être ajoutés.,MEDIUM,quarante-trois,quarante-trois,,,DRAFT,true,,,NON_TESTE,Deux variétés documentées (Enyembe et Ogbru); pas de corpus de marché fiable par variété consulté. Ne pas inférer une forme à partir de l’autre variété.
PROVISIONAL_FRM_NUMBER_044,,Abidji,abi,Variété non sélectionnée: Enyembe ou Ogbru,NUMBER_0_100,Lecture isolée d’un nombre pour une quantité ou un montant; l’unité et le contexte doivent être ajoutés.,MEDIUM,quarante-quatre,quarante-quatre,,,DRAFT,true,,,NON_TESTE,Deux variétés documentées (Enyembe et Ogbru); pas de corpus de marché fiable par variété consulté. Ne pas inférer une forme à partir de l’autre variété.
PROVISIONAL_FRM_NUMBER_045,,Abidji,abi,Variété non sélectionnée: Enyembe ou Ogbru,NUMBER_0_100,Lecture isolée d’un nombre pour une quantité ou un montant; l’unité et le contexte doivent être ajoutés.,MEDIUM,quarante-cinq,quarante-cinq,,,DRAFT,true,,,NON_TESTE,Deux variétés documentées (Enyembe et Ogbru); pas de corpus de marché fiable par variété consulté. Ne pas inférer une forme à partir de l’autre variété.
PROVISIONAL_FRM_NUMBER_046,,Abidji,abi,Variété non sélectionnée: Enyembe ou Ogbru,NUMBER_0_100,Lecture isolée d’un nombre pour une quantité ou un montant; l’unité et le contexte doivent être ajoutés.,MEDIUM,quarante-six,quarante-six,,,DRAFT,true,,,NON_TESTE,Deux variétés documentées (Enyembe et Ogbru); pas de corpus de marché fiable par variété consulté. Ne pas inférer une forme à partir de l’autre variété.
PROVISIONAL_FRM_NUMBER_047,,Abidji,abi,Variété non sélectionnée: Enyembe ou Ogbru,NUMBER_0_100,Lecture isolée d’un nombre pour une quantité ou un montant; l’unité et le contexte doivent être ajoutés.,MEDIUM,quarante-sept,quarante-sept,,,DRAFT,true,,,NON_TESTE,Deux variétés documentées (Enyembe et Ogbru); pas de corpus de marché fiable par variété consulté. Ne pas inférer une forme à partir de l’autre variété.
PROVISIONAL_FRM_NUMBER_048,,Abidji,abi,Variété non sélectionnée: Enyembe ou Ogbru,NUMBER_0_100,Lecture isolée d’un nombre pour une quantité ou un montant; l’unité et le contexte doivent être ajoutés.,MEDIUM,quarante-huit,quarante-huit,,,DRAFT,true,,,NON_TESTE,Deux variétés documentées (Enyembe et Ogbru); pas de corpus de marché fiable par variété consulté. Ne pas inférer une forme à partir de l’autre variété.
PROVISIONAL_FRM_NUMBER_049,,Abidji,abi,Variété non sélectionnée: Enyembe ou Ogbru,NUMBER_0_100,Lecture isolée d’un nombre pour une quantité ou un montant; l’unité et le contexte doivent être ajoutés.,MEDIUM,quarante-neuf,quarante-neuf,,,DRAFT,true,,,NON_TESTE,Deux variétés documentées (Enyembe et Ogbru); pas de corpus de marché fiable par variété consulté. Ne pas inférer une forme à partir de l’autre variété.
PROVISIONAL_FRM_NUMBER_050,,Abidji,abi,Variété non sélectionnée: Enyembe ou Ogbru,NUMBER_0_100,Lecture isolée d’un nombre pour une quantité ou un montant; l’unité et le contexte doivent être ajoutés.,MEDIUM,cinquante,cinquante,,,DRAFT,true,,,NON_TESTE,Deux variétés documentées (Enyembe et Ogbru); pas de corpus de marché fiable par variété consulté. Ne pas inférer une forme à partir de l’autre variété.
PROVISIONAL_FRM_NUMBER_051,,Abidji,abi,Variété non sélectionnée: Enyembe ou Ogbru,NUMBER_0_100,Lecture isolée d’un nombre pour une quantité ou un montant; l’unité et le contexte doivent être ajoutés.,MEDIUM,cinquante et un,cinquante et un,,,DRAFT,true,,,NON_TESTE,Deux variétés documentées (Enyembe et Ogbru); pas de corpus de marché fiable par variété consulté. Ne pas inférer une forme à partir de l’autre variété.
PROVISIONAL_FRM_NUMBER_052,,Abidji,abi,Variété non sélectionnée: Enyembe ou Ogbru,NUMBER_0_100,Lecture isolée d’un nombre pour une quantité ou un montant; l’unité et le contexte doivent être ajoutés.,MEDIUM,cinquante-deux,cinquante-deux,,,DRAFT,true,,,NON_TESTE,Deux variétés documentées (Enyembe et Ogbru); pas de corpus de marché fiable par variété consulté. Ne pas inférer une forme à partir de l’autre variété.
PROVISIONAL_FRM_NUMBER_053,,Abidji,abi,Variété non sélectionnée: Enyembe ou Ogbru,NUMBER_0_100,Lecture isolée d’un nombre pour une quantité ou un montant; l’unité et le contexte doivent être ajoutés.,MEDIUM,cinquante-trois,cinquante-trois,,,DRAFT,true,,,NON_TESTE,Deux variétés documentées (Enyembe et Ogbru); pas de corpus de marché fiable par variété consulté. Ne pas inférer une forme à partir de l’autre variété.
PROVISIONAL_FRM_NUMBER_054,,Abidji,abi,Variété non sélectionnée: Enyembe ou Ogbru,NUMBER_0_100,Lecture isolée d’un nombre pour une quantité ou un montant; l’unité et le contexte doivent être ajoutés.,MEDIUM,cinquante-quatre,cinquante-quatre,,,DRAFT,true,,,NON_TESTE,Deux variétés documentées (Enyembe et Ogbru); pas de corpus de marché fiable par variété consulté. Ne pas inférer une forme à partir de l’autre variété.
PROVISIONAL_FRM_NUMBER_055,,Abidji,abi,Variété non sélectionnée: Enyembe ou Ogbru,NUMBER_0_100,Lecture isolée d’un nombre pour une quantité ou un montant; l’unité et le contexte doivent être ajoutés.,MEDIUM,cinquante-cinq,cinquante-cinq,,,DRAFT,true,,,NON_TESTE,Deux variétés documentées (Enyembe et Ogbru); pas de corpus de marché fiable par variété consulté. Ne pas inférer une forme à partir de l’autre variété.
PROVISIONAL_FRM_NUMBER_056,,Abidji,abi,Variété non sélectionnée: Enyembe ou Ogbru,NUMBER_0_100,Lecture isolée d’un nombre pour une quantité ou un montant; l’unité et le contexte doivent être ajoutés.,MEDIUM,cinquante-six,cinquante-six,,,DRAFT,true,,,NON_TESTE,Deux variétés documentées (Enyembe et Ogbru); pas de corpus de marché fiable par variété consulté. Ne pas inférer une forme à partir de l’autre variété.
PROVISIONAL_FRM_NUMBER_057,,Abidji,abi,Variété non sélectionnée: Enyembe ou Ogbru,NUMBER_0_100,Lecture isolée d’un nombre pour une quantité ou un montant; l’unité et le contexte doivent être ajoutés.,MEDIUM,cinquante-sept,cinquante-sept,,,DRAFT,true,,,NON_TESTE,Deux variétés documentées (Enyembe et Ogbru); pas de corpus de marché fiable par variété consulté. Ne pas inférer une forme à partir de l’autre variété.
PROVISIONAL_FRM_NUMBER_058,,Abidji,abi,Variété non sélectionnée: Enyembe ou Ogbru,NUMBER_0_100,Lecture isolée d’un nombre pour une quantité ou un montant; l’unité et le contexte doivent être ajoutés.,MEDIUM,cinquante-huit,cinquante-huit,,,DRAFT,true,,,NON_TESTE,Deux variétés documentées (Enyembe et Ogbru); pas de corpus de marché fiable par variété consulté. Ne pas inférer une forme à partir de l’autre variété.
PROVISIONAL_FRM_NUMBER_059,,Abidji,abi,Variété non sélectionnée: Enyembe ou Ogbru,NUMBER_0_100,Lecture isolée d’un nombre pour une quantité ou un montant; l’unité et le contexte doivent être ajoutés.,MEDIUM,cinquante-neuf,cinquante-neuf,,,DRAFT,true,,,NON_TESTE,Deux variétés documentées (Enyembe et Ogbru); pas de corpus de marché fiable par variété consulté. Ne pas inférer une forme à partir de l’autre variété.
PROVISIONAL_FRM_NUMBER_060,,Abidji,abi,Variété non sélectionnée: Enyembe ou Ogbru,NUMBER_0_100,Lecture isolée d’un nombre pour une quantité ou un montant; l’unité et le contexte doivent être ajoutés.,MEDIUM,soixante,soixante,,,DRAFT,true,,,NON_TESTE,Deux variétés documentées (Enyembe et Ogbru); pas de corpus de marché fiable par variété consulté. Ne pas inférer une forme à partir de l’autre variété.
PROVISIONAL_FRM_NUMBER_061,,Abidji,abi,Variété non sélectionnée: Enyembe ou Ogbru,NUMBER_0_100,Lecture isolée d’un nombre pour une quantité ou un montant; l’unité et le contexte doivent être ajoutés.,MEDIUM,soixante et un,soixante et un,,,DRAFT,true,,,NON_TESTE,Deux variétés documentées (Enyembe et Ogbru); pas de corpus de marché fiable par variété consulté. Ne pas inférer une forme à partir de l’autre variété.
PROVISIONAL_FRM_NUMBER_062,,Abidji,abi,Variété non sélectionnée: Enyembe ou Ogbru,NUMBER_0_100,Lecture isolée d’un nombre pour une quantité ou un montant; l’unité et le contexte doivent être ajoutés.,MEDIUM,soixante-deux,soixante-deux,,,DRAFT,true,,,NON_TESTE,Deux variétés documentées (Enyembe et Ogbru); pas de corpus de marché fiable par variété consulté. Ne pas inférer une forme à partir de l’autre variété.
PROVISIONAL_FRM_NUMBER_063,,Abidji,abi,Variété non sélectionnée: Enyembe ou Ogbru,NUMBER_0_100,Lecture isolée d’un nombre pour une quantité ou un montant; l’unité et le contexte doivent être ajoutés.,MEDIUM,soixante-trois,soixante-trois,,,DRAFT,true,,,NON_TESTE,Deux variétés documentées (Enyembe et Ogbru); pas de corpus de marché fiable par variété consulté. Ne pas inférer une forme à partir de l’autre variété.
PROVISIONAL_FRM_NUMBER_064,,Abidji,abi,Variété non sélectionnée: Enyembe ou Ogbru,NUMBER_0_100,Lecture isolée d’un nombre pour une quantité ou un montant; l’unité et le contexte doivent être ajoutés.,MEDIUM,soixante-quatre,soixante-quatre,,,DRAFT,true,,,NON_TESTE,Deux variétés documentées (Enyembe et Ogbru); pas de corpus de marché fiable par variété consulté. Ne pas inférer une forme à partir de l’autre variété.
PROVISIONAL_FRM_NUMBER_065,,Abidji,abi,Variété non sélectionnée: Enyembe ou Ogbru,NUMBER_0_100,Lecture isolée d’un nombre pour une quantité ou un montant; l’unité et le contexte doivent être ajoutés.,MEDIUM,soixante-cinq,soixante-cinq,,,DRAFT,true,,,NON_TESTE,Deux variétés documentées (Enyembe et Ogbru); pas de corpus de marché fiable par variété consulté. Ne pas inférer une forme à partir de l’autre variété.
PROVISIONAL_FRM_NUMBER_066,,Abidji,abi,Variété non sélectionnée: Enyembe ou Ogbru,NUMBER_0_100,Lecture isolée d’un nombre pour une quantité ou un montant; l’unité et le contexte doivent être ajoutés.,MEDIUM,soixante-six,soixante-six,,,DRAFT,true,,,NON_TESTE,Deux variétés documentées (Enyembe et Ogbru); pas de corpus de marché fiable par variété consulté. Ne pas inférer une forme à partir de l’autre variété.
PROVISIONAL_FRM_NUMBER_067,,Abidji,abi,Variété non sélectionnée: Enyembe ou Ogbru,NUMBER_0_100,Lecture isolée d’un nombre pour une quantité ou un montant; l’unité et le contexte doivent être ajoutés.,MEDIUM,soixante-sept,soixante-sept,,,DRAFT,true,,,NON_TESTE,Deux variétés documentées (Enyembe et Ogbru); pas de corpus de marché fiable par variété consulté. Ne pas inférer une forme à partir de l’autre variété.
PROVISIONAL_FRM_NUMBER_068,,Abidji,abi,Variété non sélectionnée: Enyembe ou Ogbru,NUMBER_0_100,Lecture isolée d’un nombre pour une quantité ou un montant; l’unité et le contexte doivent être ajoutés.,MEDIUM,soixante-huit,soixante-huit,,,DRAFT,true,,,NON_TESTE,Deux variétés documentées (Enyembe et Ogbru); pas de corpus de marché fiable par variété consulté. Ne pas inférer une forme à partir de l’autre variété.
PROVISIONAL_FRM_NUMBER_069,,Abidji,abi,Variété non sélectionnée: Enyembe ou Ogbru,NUMBER_0_100,Lecture isolée d’un nombre pour une quantité ou un montant; l’unité et le contexte doivent être ajoutés.,MEDIUM,soixante-neuf,soixante-neuf,,,DRAFT,true,,,NON_TESTE,Deux variétés documentées (Enyembe et Ogbru); pas de corpus de marché fiable par variété consulté. Ne pas inférer une forme à partir de l’autre variété.
PROVISIONAL_FRM_NUMBER_070,,Abidji,abi,Variété non sélectionnée: Enyembe ou Ogbru,NUMBER_0_100,Lecture isolée d’un nombre pour une quantité ou un montant; l’unité et le contexte doivent être ajoutés.,MEDIUM,soixante-dix,soixante-dix,,,DRAFT,true,,,NON_TESTE,Deux variétés documentées (Enyembe et Ogbru); pas de corpus de marché fiable par variété consulté. Ne pas inférer une forme à partir de l’autre variété.
PROVISIONAL_FRM_NUMBER_071,,Abidji,abi,Variété non sélectionnée: Enyembe ou Ogbru,NUMBER_0_100,Lecture isolée d’un nombre pour une quantité ou un montant; l’unité et le contexte doivent être ajoutés.,MEDIUM,soixante et onze,soixante et onze,,,DRAFT,true,,,NON_TESTE,Deux variétés documentées (Enyembe et Ogbru); pas de corpus de marché fiable par variété consulté. Ne pas inférer une forme à partir de l’autre variété.
PROVISIONAL_FRM_NUMBER_072,,Abidji,abi,Variété non sélectionnée: Enyembe ou Ogbru,NUMBER_0_100,Lecture isolée d’un nombre pour une quantité ou un montant; l’unité et le contexte doivent être ajoutés.,MEDIUM,soixante-douze,soixante-douze,,,DRAFT,true,,,NON_TESTE,Deux variétés documentées (Enyembe et Ogbru); pas de corpus de marché fiable par variété consulté. Ne pas inférer une forme à partir de l’autre variété.
PROVISIONAL_FRM_NUMBER_073,,Abidji,abi,Variété non sélectionnée: Enyembe ou Ogbru,NUMBER_0_100,Lecture isolée d’un nombre pour une quantité ou un montant; l’unité et le contexte doivent être ajoutés.,MEDIUM,soixante-treize,soixante-treize,,,DRAFT,true,,,NON_TESTE,Deux variétés documentées (Enyembe et Ogbru); pas de corpus de marché fiable par variété consulté. Ne pas inférer une forme à partir de l’autre variété.
PROVISIONAL_FRM_NUMBER_074,,Abidji,abi,Variété non sélectionnée: Enyembe ou Ogbru,NUMBER_0_100,Lecture isolée d’un nombre pour une quantité ou un montant; l’unité et le contexte doivent être ajoutés.,MEDIUM,soixante-quatorze,soixante-quatorze,,,DRAFT,true,,,NON_TESTE,Deux variétés documentées (Enyembe et Ogbru); pas de corpus de marché fiable par variété consulté. Ne pas inférer une forme à partir de l’autre variété.
PROVISIONAL_FRM_NUMBER_075,,Abidji,abi,Variété non sélectionnée: Enyembe ou Ogbru,NUMBER_0_100,Lecture isolée d’un nombre pour une quantité ou un montant; l’unité et le contexte doivent être ajoutés.,MEDIUM,soixante-quinze,soixante-quinze,,,DRAFT,true,,,NON_TESTE,Deux variétés documentées (Enyembe et Ogbru); pas de corpus de marché fiable par variété consulté. Ne pas inférer une forme à partir de l’autre variété.
PROVISIONAL_FRM_NUMBER_076,,Abidji,abi,Variété non sélectionnée: Enyembe ou Ogbru,NUMBER_0_100,Lecture isolée d’un nombre pour une quantité ou un montant; l’unité et le contexte doivent être ajoutés.,MEDIUM,soixante-seize,soixante-seize,,,DRAFT,true,,,NON_TESTE,Deux variétés documentées (Enyembe et Ogbru); pas de corpus de marché fiable par variété consulté. Ne pas inférer une forme à partir de l’autre variété.
PROVISIONAL_FRM_NUMBER_077,,Abidji,abi,Variété non sélectionnée: Enyembe ou Ogbru,NUMBER_0_100,Lecture isolée d’un nombre pour une quantité ou un montant; l’unité et le contexte doivent être ajoutés.,MEDIUM,soixante-dix-sept,soixante-dix-sept,,,DRAFT,true,,,NON_TESTE,Deux variétés documentées (Enyembe et Ogbru); pas de corpus de marché fiable par variété consulté. Ne pas inférer une forme à partir de l’autre variété.
PROVISIONAL_FRM_NUMBER_078,,Abidji,abi,Variété non sélectionnée: Enyembe ou Ogbru,NUMBER_0_100,Lecture isolée d’un nombre pour une quantité ou un montant; l’unité et le contexte doivent être ajoutés.,MEDIUM,soixante-dix-huit,soixante-dix-huit,,,DRAFT,true,,,NON_TESTE,Deux variétés documentées (Enyembe et Ogbru); pas de corpus de marché fiable par variété consulté. Ne pas inférer une forme à partir de l’autre variété.
PROVISIONAL_FRM_NUMBER_079,,Abidji,abi,Variété non sélectionnée: Enyembe ou Ogbru,NUMBER_0_100,Lecture isolée d’un nombre pour une quantité ou un montant; l’unité et le contexte doivent être ajoutés.,MEDIUM,soixante-dix-neuf,soixante-dix-neuf,,,DRAFT,true,,,NON_TESTE,Deux variétés documentées (Enyembe et Ogbru); pas de corpus de marché fiable par variété consulté. Ne pas inférer une forme à partir de l’autre variété.
PROVISIONAL_FRM_NUMBER_080,,Abidji,abi,Variété non sélectionnée: Enyembe ou Ogbru,NUMBER_0_100,Lecture isolée d’un nombre pour une quantité ou un montant; l’unité et le contexte doivent être ajoutés.,MEDIUM,quatre-vingts,quatre-vingts,,,DRAFT,true,,,NON_TESTE,Deux variétés documentées (Enyembe et Ogbru); pas de corpus de marché fiable par variété consulté. Ne pas inférer une forme à partir de l’autre variété.
PROVISIONAL_FRM_NUMBER_081,,Abidji,abi,Variété non sélectionnée: Enyembe ou Ogbru,NUMBER_0_100,Lecture isolée d’un nombre pour une quantité ou un montant; l’unité et le contexte doivent être ajoutés.,MEDIUM,quatre-vingt-un,quatre-vingt-un,,,DRAFT,true,,,NON_TESTE,Deux variétés documentées (Enyembe et Ogbru); pas de corpus de marché fiable par variété consulté. Ne pas inférer une forme à partir de l’autre variété.
PROVISIONAL_FRM_NUMBER_082,,Abidji,abi,Variété non sélectionnée: Enyembe ou Ogbru,NUMBER_0_100,Lecture isolée d’un nombre pour une quantité ou un montant; l’unité et le contexte doivent être ajoutés.,MEDIUM,quatre-vingt-deux,quatre-vingt-deux,,,DRAFT,true,,,NON_TESTE,Deux variétés documentées (Enyembe et Ogbru); pas de corpus de marché fiable par variété consulté. Ne pas inférer une forme à partir de l’autre variété.
PROVISIONAL_FRM_NUMBER_083,,Abidji,abi,Variété non sélectionnée: Enyembe ou Ogbru,NUMBER_0_100,Lecture isolée d’un nombre pour une quantité ou un montant; l’unité et le contexte doivent être ajoutés.,MEDIUM,quatre-vingt-trois,quatre-vingt-trois,,,DRAFT,true,,,NON_TESTE,Deux variétés documentées (Enyembe et Ogbru); pas de corpus de marché fiable par variété consulté. Ne pas inférer une forme à partir de l’autre variété.
PROVISIONAL_FRM_NUMBER_084,,Abidji,abi,Variété non sélectionnée: Enyembe ou Ogbru,NUMBER_0_100,Lecture isolée d’un nombre pour une quantité ou un montant; l’unité et le contexte doivent être ajoutés.,MEDIUM,quatre-vingt-quatre,quatre-vingt-quatre,,,DRAFT,true,,,NON_TESTE,Deux variétés documentées (Enyembe et Ogbru); pas de corpus de marché fiable par variété consulté. Ne pas inférer une forme à partir de l’autre variété.
PROVISIONAL_FRM_NUMBER_085,,Abidji,abi,Variété non sélectionnée: Enyembe ou Ogbru,NUMBER_0_100,Lecture isolée d’un nombre pour une quantité ou un montant; l’unité et le contexte doivent être ajoutés.,MEDIUM,quatre-vingt-cinq,quatre-vingt-cinq,,,DRAFT,true,,,NON_TESTE,Deux variétés documentées (Enyembe et Ogbru); pas de corpus de marché fiable par variété consulté. Ne pas inférer une forme à partir de l’autre variété.
PROVISIONAL_FRM_NUMBER_086,,Abidji,abi,Variété non sélectionnée: Enyembe ou Ogbru,NUMBER_0_100,Lecture isolée d’un nombre pour une quantité ou un montant; l’unité et le contexte doivent être ajoutés.,MEDIUM,quatre-vingt-six,quatre-vingt-six,,,DRAFT,true,,,NON_TESTE,Deux variétés documentées (Enyembe et Ogbru); pas de corpus de marché fiable par variété consulté. Ne pas inférer une forme à partir de l’autre variété.
PROVISIONAL_FRM_NUMBER_087,,Abidji,abi,Variété non sélectionnée: Enyembe ou Ogbru,NUMBER_0_100,Lecture isolée d’un nombre pour une quantité ou un montant; l’unité et le contexte doivent être ajoutés.,MEDIUM,quatre-vingt-sept,quatre-vingt-sept,,,DRAFT,true,,,NON_TESTE,Deux variétés documentées (Enyembe et Ogbru); pas de corpus de marché fiable par variété consulté. Ne pas inférer une forme à partir de l’autre variété.
PROVISIONAL_FRM_NUMBER_088,,Abidji,abi,Variété non sélectionnée: Enyembe ou Ogbru,NUMBER_0_100,Lecture isolée d’un nombre pour une quantité ou un montant; l’unité et le contexte doivent être ajoutés.,MEDIUM,quatre-vingt-huit,quatre-vingt-huit,,,DRAFT,true,,,NON_TESTE,Deux variétés documentées (Enyembe et Ogbru); pas de corpus de marché fiable par variété consulté. Ne pas inférer une forme à partir de l’autre variété.
PROVISIONAL_FRM_NUMBER_089,,Abidji,abi,Variété non sélectionnée: Enyembe ou Ogbru,NUMBER_0_100,Lecture isolée d’un nombre pour une quantité ou un montant; l’unité et le contexte doivent être ajoutés.,MEDIUM,quatre-vingt-neuf,quatre-vingt-neuf,,,DRAFT,true,,,NON_TESTE,Deux variétés documentées (Enyembe et Ogbru); pas de corpus de marché fiable par variété consulté. Ne pas inférer une forme à partir de l’autre variété.
PROVISIONAL_FRM_NUMBER_090,,Abidji,abi,Variété non sélectionnée: Enyembe ou Ogbru,NUMBER_0_100,Lecture isolée d’un nombre pour une quantité ou un montant; l’unité et le contexte doivent être ajoutés.,MEDIUM,quatre-vingt-dix,quatre-vingt-dix,,,DRAFT,true,,,NON_TESTE,Deux variétés documentées (Enyembe et Ogbru); pas de corpus de marché fiable par variété consulté. Ne pas inférer une forme à partir de l’autre variété.
PROVISIONAL_FRM_NUMBER_091,,Abidji,abi,Variété non sélectionnée: Enyembe ou Ogbru,NUMBER_0_100,Lecture isolée d’un nombre pour une quantité ou un montant; l’unité et le contexte doivent être ajoutés.,MEDIUM,quatre-vingt-onze,quatre-vingt-onze,,,DRAFT,true,,,NON_TESTE,Deux variétés documentées (Enyembe et Ogbru); pas de corpus de marché fiable par variété consulté. Ne pas inférer une forme à partir de l’autre variété.
PROVISIONAL_FRM_NUMBER_092,,Abidji,abi,Variété non sélectionnée: Enyembe ou Ogbru,NUMBER_0_100,Lecture isolée d’un nombre pour une quantité ou un montant; l’unité et le contexte doivent être ajoutés.,MEDIUM,quatre-vingt-douze,quatre-vingt-douze,,,DRAFT,true,,,NON_TESTE,Deux variétés documentées (Enyembe et Ogbru); pas de corpus de marché fiable par variété consulté. Ne pas inférer une forme à partir de l’autre variété.
PROVISIONAL_FRM_NUMBER_093,,Abidji,abi,Variété non sélectionnée: Enyembe ou Ogbru,NUMBER_0_100,Lecture isolée d’un nombre pour une quantité ou un montant; l’unité et le contexte doivent être ajoutés.,MEDIUM,quatre-vingt-treize,quatre-vingt-treize,,,DRAFT,true,,,NON_TESTE,Deux variétés documentées (Enyembe et Ogbru); pas de corpus de marché fiable par variété consulté. Ne pas inférer une forme à partir de l’autre variété.
PROVISIONAL_FRM_NUMBER_094,,Abidji,abi,Variété non sélectionnée: Enyembe ou Ogbru,NUMBER_0_100,Lecture isolée d’un nombre pour une quantité ou un montant; l’unité et le contexte doivent être ajoutés.,MEDIUM,quatre-vingt-quatorze,quatre-vingt-quatorze,,,DRAFT,true,,,NON_TESTE,Deux variétés documentées (Enyembe et Ogbru); pas de corpus de marché fiable par variété consulté. Ne pas inférer une forme à partir de l’autre variété.
PROVISIONAL_FRM_NUMBER_095,,Abidji,abi,Variété non sélectionnée: Enyembe ou Ogbru,NUMBER_0_100,Lecture isolée d’un nombre pour une quantité ou un montant; l’unité et le contexte doivent être ajoutés.,MEDIUM,quatre-vingt-quinze,quatre-vingt-quinze,,,DRAFT,true,,,NON_TESTE,Deux variétés documentées (Enyembe et Ogbru); pas de corpus de marché fiable par variété consulté. Ne pas inférer une forme à partir de l’autre variété.
PROVISIONAL_FRM_NUMBER_096,,Abidji,abi,Variété non sélectionnée: Enyembe ou Ogbru,NUMBER_0_100,Lecture isolée d’un nombre pour une quantité ou un montant; l’unité et le contexte doivent être ajoutés.,MEDIUM,quatre-vingt-seize,quatre-vingt-seize,,,DRAFT,true,,,NON_TESTE,Deux variétés documentées (Enyembe et Ogbru); pas de corpus de marché fiable par variété consulté. Ne pas inférer une forme à partir de l’autre variété.
PROVISIONAL_FRM_NUMBER_097,,Abidji,abi,Variété non sélectionnée: Enyembe ou Ogbru,NUMBER_0_100,Lecture isolée d’un nombre pour une quantité ou un montant; l’unité et le contexte doivent être ajoutés.,MEDIUM,quatre-vingt-dix-sept,quatre-vingt-dix-sept,,,DRAFT,true,,,NON_TESTE,Deux variétés documentées (Enyembe et Ogbru); pas de corpus de marché fiable par variété consulté. Ne pas inférer une forme à partir de l’autre variété.
PROVISIONAL_FRM_NUMBER_098,,Abidji,abi,Variété non sélectionnée: Enyembe ou Ogbru,NUMBER_0_100,Lecture isolée d’un nombre pour une quantité ou un montant; l’unité et le contexte doivent être ajoutés.,MEDIUM,quatre-vingt-dix-huit,quatre-vingt-dix-huit,,,DRAFT,true,,,NON_TESTE,Deux variétés documentées (Enyembe et Ogbru); pas de corpus de marché fiable par variété consulté. Ne pas inférer une forme à partir de l’autre variété.
PROVISIONAL_FRM_NUMBER_099,,Abidji,abi,Variété non sélectionnée: Enyembe ou Ogbru,NUMBER_0_100,Lecture isolée d’un nombre pour une quantité ou un montant; l’unité et le contexte doivent être ajoutés.,MEDIUM,quatre-vingt-dix-neuf,quatre-vingt-dix-neuf,,,DRAFT,true,,,NON_TESTE,Deux variétés documentées (Enyembe et Ogbru); pas de corpus de marché fiable par variété consulté. Ne pas inférer une forme à partir de l’autre variété.
PROVISIONAL_FRM_NUMBER_100,,Abidji,abi,Variété non sélectionnée: Enyembe ou Ogbru,NUMBER_0_100,Lecture isolée d’un nombre pour une quantité ou un montant; l’unité et le contexte doivent être ajoutés.,MEDIUM,cent,cent,,,DRAFT,true,,,NON_TESTE,Deux variétés documentées (Enyembe et Ogbru); pas de corpus de marché fiable par variété consulté. Ne pas inférer une forme à partir de l’autre variété.
PROVISIONAL_FRM_NUMBER_HUNDRED_200,,Abidji,abi,Variété non sélectionnée: Enyembe ou Ogbru,NUMBER_HUNDREDS,Lecture isolée d’une centaine ou de mille; l’unité et le contexte doivent être ajoutés.,MEDIUM,deux cents,deux cents,,,DRAFT,true,,,NON_TESTE,Deux variétés documentées (Enyembe et Ogbru); pas de corpus de marché fiable par variété consulté. Ne pas inférer une forme à partir de l’autre variété.
PROVISIONAL_FRM_NUMBER_HUNDRED_300,,Abidji,abi,Variété non sélectionnée: Enyembe ou Ogbru,NUMBER_HUNDREDS,Lecture isolée d’une centaine ou de mille; l’unité et le contexte doivent être ajoutés.,MEDIUM,trois cents,trois cents,,,DRAFT,true,,,NON_TESTE,Deux variétés documentées (Enyembe et Ogbru); pas de corpus de marché fiable par variété consulté. Ne pas inférer une forme à partir de l’autre variété.
PROVISIONAL_FRM_NUMBER_HUNDRED_400,,Abidji,abi,Variété non sélectionnée: Enyembe ou Ogbru,NUMBER_HUNDREDS,Lecture isolée d’une centaine ou de mille; l’unité et le contexte doivent être ajoutés.,MEDIUM,quatre cents,quatre cents,,,DRAFT,true,,,NON_TESTE,Deux variétés documentées (Enyembe et Ogbru); pas de corpus de marché fiable par variété consulté. Ne pas inférer une forme à partir de l’autre variété.
PROVISIONAL_FRM_NUMBER_HUNDRED_500,,Abidji,abi,Variété non sélectionnée: Enyembe ou Ogbru,NUMBER_HUNDREDS,Lecture isolée d’une centaine ou de mille; l’unité et le contexte doivent être ajoutés.,MEDIUM,cinq cents,cinq cents,,,DRAFT,true,,,NON_TESTE,Deux variétés documentées (Enyembe et Ogbru); pas de corpus de marché fiable par variété consulté. Ne pas inférer une forme à partir de l’autre variété.
PROVISIONAL_FRM_NUMBER_HUNDRED_600,,Abidji,abi,Variété non sélectionnée: Enyembe ou Ogbru,NUMBER_HUNDREDS,Lecture isolée d’une centaine ou de mille; l’unité et le contexte doivent être ajoutés.,MEDIUM,six cents,six cents,,,DRAFT,true,,,NON_TESTE,Deux variétés documentées (Enyembe et Ogbru); pas de corpus de marché fiable par variété consulté. Ne pas inférer une forme à partir de l’autre variété.
PROVISIONAL_FRM_NUMBER_HUNDRED_700,,Abidji,abi,Variété non sélectionnée: Enyembe ou Ogbru,NUMBER_HUNDREDS,Lecture isolée d’une centaine ou de mille; l’unité et le contexte doivent être ajoutés.,MEDIUM,sept cents,sept cents,,,DRAFT,true,,,NON_TESTE,Deux variétés documentées (Enyembe et Ogbru); pas de corpus de marché fiable par variété consulté. Ne pas inférer une forme à partir de l’autre variété.
PROVISIONAL_FRM_NUMBER_HUNDRED_800,,Abidji,abi,Variété non sélectionnée: Enyembe ou Ogbru,NUMBER_HUNDREDS,Lecture isolée d’une centaine ou de mille; l’unité et le contexte doivent être ajoutés.,MEDIUM,huit cents,huit cents,,,DRAFT,true,,,NON_TESTE,Deux variétés documentées (Enyembe et Ogbru); pas de corpus de marché fiable par variété consulté. Ne pas inférer une forme à partir de l’autre variété.
PROVISIONAL_FRM_NUMBER_HUNDRED_900,,Abidji,abi,Variété non sélectionnée: Enyembe ou Ogbru,NUMBER_HUNDREDS,Lecture isolée d’une centaine ou de mille; l’unité et le contexte doivent être ajoutés.,MEDIUM,neuf cents,neuf cents,,,DRAFT,true,,,NON_TESTE,Deux variétés documentées (Enyembe et Ogbru); pas de corpus de marché fiable par variété consulté. Ne pas inférer une forme à partir de l’autre variété.
PROVISIONAL_FRM_NUMBER_THOUSAND_1000,,Abidji,abi,Variété non sélectionnée: Enyembe ou Ogbru,NUMBER_THOUSAND,Lecture isolée d’une centaine ou de mille; l’unité et le contexte doivent être ajoutés.,MEDIUM,mille,mille,,,DRAFT,true,,,NON_TESTE,Deux variétés documentées (Enyembe et Ogbru); pas de corpus de marché fiable par variété consulté. Ne pas inférer une forme à partir de l’autre variété.
PROVISIONAL_FRM_UNIT_01_UNITE,,Abidji,abi,Variété non sélectionnée: Enyembe ou Ogbru,UNIT,Unité de vente orale.,LOW,unité,à l’unité,,,DRAFT,true,,,NON_TESTE,Deux variétés documentées (Enyembe et Ogbru); pas de corpus de marché fiable par variété consulté. Ne pas inférer une forme à partir de l’autre variété.
PROVISIONAL_FRM_UNIT_02_TAS,,Abidji,abi,Variété non sélectionnée: Enyembe ou Ogbru,UNIT,Unité de vente orale.,LOW,tas,tas,,,DRAFT,true,,,NON_TESTE,Deux variétés documentées (Enyembe et Ogbru); pas de corpus de marché fiable par variété consulté. Ne pas inférer une forme à partir de l’autre variété.
PROVISIONAL_FRM_UNIT_03_SAC,,Abidji,abi,Variété non sélectionnée: Enyembe ou Ogbru,UNIT,Unité de vente orale.,LOW,sac,sac,,,DRAFT,true,,,NON_TESTE,Deux variétés documentées (Enyembe et Ogbru); pas de corpus de marché fiable par variété consulté. Ne pas inférer une forme à partir de l’autre variété.
PROVISIONAL_FRM_UNIT_04_KILO,,Abidji,abi,Variété non sélectionnée: Enyembe ou Ogbru,UNIT,Unité de vente orale.,LOW,kilo,kilo,,,DRAFT,true,,,NON_TESTE,Deux variétés documentées (Enyembe et Ogbru); pas de corpus de marché fiable par variété consulté. Ne pas inférer une forme à partir de l’autre variété.
PROVISIONAL_FRM_UNIT_05_BOTTE,,Abidji,abi,Variété non sélectionnée: Enyembe ou Ogbru,UNIT,Unité de vente orale.,LOW,botte,botte,,,DRAFT,true,,,NON_TESTE,Deux variétés documentées (Enyembe et Ogbru); pas de corpus de marché fiable par variété consulté. Ne pas inférer une forme à partir de l’autre variété.
PROVISIONAL_FRM_UNIT_06_BIDON,,Abidji,abi,Variété non sélectionnée: Enyembe ou Ogbru,UNIT,Unité de vente orale.,LOW,bidon,bidon,,,DRAFT,true,,,NON_TESTE,Deux variétés documentées (Enyembe et Ogbru); pas de corpus de marché fiable par variété consulté. Ne pas inférer une forme à partir de l’autre variété.
PROVISIONAL_FRM_UNIT_07_SACHET,,Abidji,abi,Variété non sélectionnée: Enyembe ou Ogbru,UNIT,Unité de vente orale.,LOW,sachet,sachet,,,DRAFT,true,,,NON_TESTE,Deux variétés documentées (Enyembe et Ogbru); pas de corpus de marché fiable par variété consulté. Ne pas inférer une forme à partir de l’autre variété.
PROVISIONAL_FRM_UNIT_08_PAQUET,,Abidji,abi,Variété non sélectionnée: Enyembe ou Ogbru,UNIT,Unité de vente orale.,LOW,paquet,paquet,,,DRAFT,true,,,NON_TESTE,Deux variétés documentées (Enyembe et Ogbru); pas de corpus de marché fiable par variété consulté. Ne pas inférer une forme à partir de l’autre variété.
PROVISIONAL_FRM_UNIT_09_MORCEAU,,Abidji,abi,Variété non sélectionnée: Enyembe ou Ogbru,UNIT,Unité de vente orale.,LOW,morceau,morceau,,,DRAFT,true,,,NON_TESTE,Deux variétés documentées (Enyembe et Ogbru); pas de corpus de marché fiable par variété consulté. Ne pas inférer une forme à partir de l’autre variété.
PROVISIONAL_FRM_UNIT_10_LITRE,,Abidji,abi,Variété non sélectionnée: Enyembe ou Ogbru,UNIT,Unité de vente orale.,LOW,litre,litre,,,DRAFT,true,,,NON_TESTE,Deux variétés documentées (Enyembe et Ogbru); pas de corpus de marché fiable par variété consulté. Ne pas inférer une forme à partir de l’autre variété.
PROVISIONAL_FRM_UNIT_11_REGIME,,Abidji,abi,Variété non sélectionnée: Enyembe ou Ogbru,UNIT,Unité de vente orale.,LOW,régime,régime,,,DRAFT,true,,,NON_TESTE,Deux variétés documentées (Enyembe et Ogbru); pas de corpus de marché fiable par variété consulté. Ne pas inférer une forme à partir de l’autre variété.
PROVISIONAL_FRM_UNIT_12_CARTON,,Abidji,abi,Variété non sélectionnée: Enyembe ou Ogbru,UNIT,Unité de vente orale.,LOW,carton,carton,,,DRAFT,true,,,NON_TESTE,Deux variétés documentées (Enyembe et Ogbru); pas de corpus de marché fiable par variété consulté. Ne pas inférer une forme à partir de l’autre variété.
PROVISIONAL_FRM_UNIT_13_CAISSE,,Abidji,abi,Variété non sélectionnée: Enyembe ou Ogbru,UNIT,Unité de vente orale.,LOW,caisse,caisse,,,DRAFT,true,,,NON_TESTE,Deux variétés documentées (Enyembe et Ogbru); pas de corpus de marché fiable par variété consulté. Ne pas inférer une forme à partir de l’autre variété.
PROVISIONAL_FRM_UNIT_14_BOUTEILLE,,Abidji,abi,Variété non sélectionnée: Enyembe ou Ogbru,UNIT,Unité de vente orale.,LOW,bouteille,bouteille,,,DRAFT,true,,,NON_TESTE,Deux variétés documentées (Enyembe et Ogbru); pas de corpus de marché fiable par variété consulté. Ne pas inférer une forme à partir de l’autre variété.
PROVISIONAL_FRM_UNIT_15_PANIER,,Abidji,abi,Variété non sélectionnée: Enyembe ou Ogbru,UNIT,Unité de vente orale.,LOW,panier,panier,,,DRAFT,true,,,NON_TESTE,Deux variétés documentées (Enyembe et Ogbru); pas de corpus de marché fiable par variété consulté. Ne pas inférer une forme à partir de l’autre variété.
PROVISIONAL_FRM_UNIT_16_FRANC,,Abidji,abi,Variété non sélectionnée: Enyembe ou Ogbru,UNIT,Dénomination monétaire orale; à associer à un nombre et au contexte.,HIGH,franc,franc,,,DRAFT,true,,,NON_TESTE,Deux variétés documentées (Enyembe et Ogbru); pas de corpus de marché fiable par variété consulté. Ne pas inférer une forme à partir de l’autre variété.
PROVISIONAL_FRM_UNIT_17_FCFA,,Abidji,abi,Variété non sélectionnée: Enyembe ou Ogbru,UNIT,Dénomination monétaire orale; à associer à un nombre et au contexte.,HIGH,FCFA,franc CFA,,,DRAFT,true,,,NON_TESTE,Deux variétés documentées (Enyembe et Ogbru); pas de corpus de marché fiable par variété consulté. Ne pas inférer une forme à partir de l’autre variété.
PROVISIONAL_FRM_PRODUCT_01_TOMATE,,Abidji,abi,Variété non sélectionnée: Enyembe ou Ogbru,PRODUCT,Nom de produit à annoncer ou saisir dans une vente; aucun identifiant produit métier n’est créé.,LOW,tomate,tomate,,,DRAFT,true,,,NON_TESTE,Deux variétés documentées (Enyembe et Ogbru); pas de corpus de marché fiable par variété consulté. Ne pas inférer une forme à partir de l’autre variété.
PROVISIONAL_FRM_PRODUCT_02_PIMENT,,Abidji,abi,Variété non sélectionnée: Enyembe ou Ogbru,PRODUCT,Nom de produit à annoncer ou saisir dans une vente; aucun identifiant produit métier n’est créé.,LOW,piment,piment,,,DRAFT,true,,,NON_TESTE,Deux variétés documentées (Enyembe et Ogbru); pas de corpus de marché fiable par variété consulté. Ne pas inférer une forme à partir de l’autre variété.
PROVISIONAL_FRM_PRODUCT_03_GOMBO,,Abidji,abi,Variété non sélectionnée: Enyembe ou Ogbru,PRODUCT,Nom de produit à annoncer ou saisir dans une vente; aucun identifiant produit métier n’est créé.,LOW,gombo,gombo,,,DRAFT,true,,,NON_TESTE,Deux variétés documentées (Enyembe et Ogbru); pas de corpus de marché fiable par variété consulté. Ne pas inférer une forme à partir de l’autre variété.
PROVISIONAL_FRM_PRODUCT_04_ATTIEKE,,Abidji,abi,Variété non sélectionnée: Enyembe ou Ogbru,PRODUCT,Nom de produit à annoncer ou saisir dans une vente; aucun identifiant produit métier n’est créé.,LOW,attiéké,attiéké,,,DRAFT,true,,,NON_TESTE,Deux variétés documentées (Enyembe et Ogbru); pas de corpus de marché fiable par variété consulté. Ne pas inférer une forme à partir de l’autre variété.
PROVISIONAL_FRM_PRODUCT_05_BANANE,,Abidji,abi,Variété non sélectionnée: Enyembe ou Ogbru,PRODUCT,Nom de produit à annoncer ou saisir dans une vente; aucun identifiant produit métier n’est créé.,LOW,banane,banane,,,DRAFT,true,,,NON_TESTE,Deux variétés documentées (Enyembe et Ogbru); pas de corpus de marché fiable par variété consulté. Ne pas inférer une forme à partir de l’autre variété.
PROVISIONAL_FRM_PRODUCT_06_PLANTAIN,,Abidji,abi,Variété non sélectionnée: Enyembe ou Ogbru,PRODUCT,Nom de produit à annoncer ou saisir dans une vente; aucun identifiant produit métier n’est créé.,LOW,plantain,plantain,,,DRAFT,true,,,NON_TESTE,Deux variétés documentées (Enyembe et Ogbru); pas de corpus de marché fiable par variété consulté. Ne pas inférer une forme à partir de l’autre variété.
PROVISIONAL_FRM_PRODUCT_07_IGNAME,,Abidji,abi,Variété non sélectionnée: Enyembe ou Ogbru,PRODUCT,Nom de produit à annoncer ou saisir dans une vente; aucun identifiant produit métier n’est créé.,LOW,igname,igname,,,DRAFT,true,,,NON_TESTE,Deux variétés documentées (Enyembe et Ogbru); pas de corpus de marché fiable par variété consulté. Ne pas inférer une forme à partir de l’autre variété.
PROVISIONAL_FRM_PRODUCT_08_MANIOC,,Abidji,abi,Variété non sélectionnée: Enyembe ou Ogbru,PRODUCT,Nom de produit à annoncer ou saisir dans une vente; aucun identifiant produit métier n’est créé.,LOW,manioc,manioc,,,DRAFT,true,,,NON_TESTE,Deux variétés documentées (Enyembe et Ogbru); pas de corpus de marché fiable par variété consulté. Ne pas inférer une forme à partir de l’autre variété.
PROVISIONAL_FRM_PRODUCT_09_AUBERGINE,,Abidji,abi,Variété non sélectionnée: Enyembe ou Ogbru,PRODUCT,Nom de produit à annoncer ou saisir dans une vente; aucun identifiant produit métier n’est créé.,LOW,aubergine,aubergine,,,DRAFT,true,,,NON_TESTE,Deux variétés documentées (Enyembe et Ogbru); pas de corpus de marché fiable par variété consulté. Ne pas inférer une forme à partir de l’autre variété.
PROVISIONAL_FRM_PRODUCT_10_OIGNON,,Abidji,abi,Variété non sélectionnée: Enyembe ou Ogbru,PRODUCT,Nom de produit à annoncer ou saisir dans une vente; aucun identifiant produit métier n’est créé.,LOW,oignon,oignon,,,DRAFT,true,,,NON_TESTE,Deux variétés documentées (Enyembe et Ogbru); pas de corpus de marché fiable par variété consulté. Ne pas inférer une forme à partir de l’autre variété.
PROVISIONAL_FRM_PRODUCT_11_AIL,,Abidji,abi,Variété non sélectionnée: Enyembe ou Ogbru,PRODUCT,Nom de produit à annoncer ou saisir dans une vente; aucun identifiant produit métier n’est créé.,LOW,ail,ail,,,DRAFT,true,,,NON_TESTE,Deux variétés documentées (Enyembe et Ogbru); pas de corpus de marché fiable par variété consulté. Ne pas inférer une forme à partir de l’autre variété.
PROVISIONAL_FRM_PRODUCT_12_POISSON,,Abidji,abi,Variété non sélectionnée: Enyembe ou Ogbru,PRODUCT,Nom de produit à annoncer ou saisir dans une vente; aucun identifiant produit métier n’est créé.,LOW,poisson,poisson,,,DRAFT,true,,,NON_TESTE,Deux variétés documentées (Enyembe et Ogbru); pas de corpus de marché fiable par variété consulté. Ne pas inférer une forme à partir de l’autre variété.
PROVISIONAL_FRM_PRODUCT_13_VIANDE,,Abidji,abi,Variété non sélectionnée: Enyembe ou Ogbru,PRODUCT,Nom de produit à annoncer ou saisir dans une vente; aucun identifiant produit métier n’est créé.,LOW,viande,viande,,,DRAFT,true,,,NON_TESTE,Deux variétés documentées (Enyembe et Ogbru); pas de corpus de marché fiable par variété consulté. Ne pas inférer une forme à partir de l’autre variété.
PROVISIONAL_FRM_PRODUCT_14_POULET,,Abidji,abi,Variété non sélectionnée: Enyembe ou Ogbru,PRODUCT,Nom de produit à annoncer ou saisir dans une vente; aucun identifiant produit métier n’est créé.,LOW,poulet,poulet,,,DRAFT,true,,,NON_TESTE,Deux variétés documentées (Enyembe et Ogbru); pas de corpus de marché fiable par variété consulté. Ne pas inférer une forme à partir de l’autre variété.
PROVISIONAL_FRM_PRODUCT_15_HUILE,,Abidji,abi,Variété non sélectionnée: Enyembe ou Ogbru,PRODUCT,Nom de produit à annoncer ou saisir dans une vente; aucun identifiant produit métier n’est créé.,LOW,huile,huile,,,DRAFT,true,,,NON_TESTE,Deux variétés documentées (Enyembe et Ogbru); pas de corpus de marché fiable par variété consulté. Ne pas inférer une forme à partir de l’autre variété.
PROVISIONAL_FRM_PRODUCT_16_SEL,,Abidji,abi,Variété non sélectionnée: Enyembe ou Ogbru,PRODUCT,Nom de produit à annoncer ou saisir dans une vente; aucun identifiant produit métier n’est créé.,LOW,sel,sel,,,DRAFT,true,,,NON_TESTE,Deux variétés documentées (Enyembe et Ogbru); pas de corpus de marché fiable par variété consulté. Ne pas inférer une forme à partir de l’autre variété.
PROVISIONAL_FRM_PRODUCT_17_SUCRE,,Abidji,abi,Variété non sélectionnée: Enyembe ou Ogbru,PRODUCT,Nom de produit à annoncer ou saisir dans une vente; aucun identifiant produit métier n’est créé.,LOW,sucre,sucre,,,DRAFT,true,,,NON_TESTE,Deux variétés documentées (Enyembe et Ogbru); pas de corpus de marché fiable par variété consulté. Ne pas inférer une forme à partir de l’autre variété.
PROVISIONAL_FRM_PRODUCT_18_RIZ,,Abidji,abi,Variété non sélectionnée: Enyembe ou Ogbru,PRODUCT,Nom de produit à annoncer ou saisir dans une vente; aucun identifiant produit métier n’est créé.,LOW,riz,riz,,,DRAFT,true,,,NON_TESTE,Deux variétés documentées (Enyembe et Ogbru); pas de corpus de marché fiable par variété consulté. Ne pas inférer une forme à partir de l’autre variété.
PROVISIONAL_FRM_PRODUCT_19_HARICOT,,Abidji,abi,Variété non sélectionnée: Enyembe ou Ogbru,PRODUCT,Nom de produit à annoncer ou saisir dans une vente; aucun identifiant produit métier n’est créé.,LOW,haricot,haricot,,,DRAFT,true,,,NON_TESTE,Deux variétés documentées (Enyembe et Ogbru); pas de corpus de marché fiable par variété consulté. Ne pas inférer une forme à partir de l’autre variété.
PROVISIONAL_FRM_PRODUCT_20_MAIS,,Abidji,abi,Variété non sélectionnée: Enyembe ou Ogbru,PRODUCT,Nom de produit à annoncer ou saisir dans une vente; aucun identifiant produit métier n’est créé.,LOW,maïs,maïs,,,DRAFT,true,,,NON_TESTE,Deux variétés documentées (Enyembe et Ogbru); pas de corpus de marché fiable par variété consulté. Ne pas inférer une forme à partir de l’autre variété.
PROVISIONAL_FRM_PRODUCT_21_FOUTOU,,Abidji,abi,Variété non sélectionnée: Enyembe ou Ogbru,PRODUCT,Nom de produit à annoncer ou saisir dans une vente; aucun identifiant produit métier n’est créé.,LOW,foutou,foutou,,,DRAFT,true,,,NON_TESTE,Deux variétés documentées (Enyembe et Ogbru); pas de corpus de marché fiable par variété consulté. Ne pas inférer une forme à partir de l’autre variété.
PROVISIONAL_FRM_PRODUCT_22_ORANGE,,Abidji,abi,Variété non sélectionnée: Enyembe ou Ogbru,PRODUCT,Nom de produit à annoncer ou saisir dans une vente; aucun identifiant produit métier n’est créé.,LOW,orange,orange,,,DRAFT,true,,,NON_TESTE,Deux variétés documentées (Enyembe et Ogbru); pas de corpus de marché fiable par variété consulté. Ne pas inférer une forme à partir de l’autre variété.
PROVISIONAL_FRM_PRODUCT_23_SAVON,,Abidji,abi,Variété non sélectionnée: Enyembe ou Ogbru,PRODUCT,Nom de produit à annoncer ou saisir dans une vente; aucun identifiant produit métier n’est créé.,LOW,savon,savon,,,DRAFT,true,,,NON_TESTE,Deux variétés documentées (Enyembe et Ogbru); pas de corpus de marché fiable par variété consulté. Ne pas inférer une forme à partir de l’autre variété.
PROVISIONAL_FRM_PRODUCT_24_FARINE,,Abidji,abi,Variété non sélectionnée: Enyembe ou Ogbru,PRODUCT,Nom de produit à annoncer ou saisir dans une vente; aucun identifiant produit métier n’est créé.,LOW,farine,farine,,,DRAFT,true,,,NON_TESTE,Deux variétés documentées (Enyembe et Ogbru); pas de corpus de marché fiable par variété consulté. Ne pas inférer une forme à partir de l’autre variété.
PROVISIONAL_FRM_PRODUCT_25_JUS,,Abidji,abi,Variété non sélectionnée: Enyembe ou Ogbru,PRODUCT,Nom de produit à annoncer ou saisir dans une vente; aucun identifiant produit métier n’est créé.,LOW,jus,jus,,,DRAFT,true,,,NON_TESTE,Deux variétés documentées (Enyembe et Ogbru); pas de corpus de marché fiable par variété consulté. Ne pas inférer une forme à partir de l’autre variété.
PROVISIONAL_FRM_PRODUCT_26_LAIT,,Abidji,abi,Variété non sélectionnée: Enyembe ou Ogbru,PRODUCT,Nom de produit à annoncer ou saisir dans une vente; aucun identifiant produit métier n’est créé.,LOW,lait,lait,,,DRAFT,true,,,NON_TESTE,Deux variétés documentées (Enyembe et Ogbru); pas de corpus de marché fiable par variété consulté. Ne pas inférer une forme à partir de l’autre variété.
PROVISIONAL_FRM_INTENT_01,,Alladian,ald,Alladian de la sous-préfecture de Jacqueville (variété locale à confirmer nativement),FINANCIAL_PRIORITY_INTENT,Commande orale d’encaissement; elle ne vaut pas confirmation métier du paiement.,CRITICAL,Encaisse.,Encaisse ça.,,,DRAFT,true,,,NON_TESTE,
PROVISIONAL_FRM_INTENT_02,,Alladian,ald,Alladian de la sous-préfecture de Jacqueville (variété locale à confirmer nativement),FINANCIAL_PRIORITY_INTENT,Demande du montant encore dû par une cliente.,CRITICAL,Combien elle doit ?,Elle doit combien ?,,,DRAFT,true,,,NON_TESTE,
PROVISIONAL_FRM_INTENT_03,,Alladian,ald,Alladian de la sous-préfecture de Jacqueville (variété locale à confirmer nativement),FINANCIAL_PRIORITY_INTENT,Accord oral avant une validation; la confirmation métier reste distincte.,CRITICAL,"Oui, valide.","Oui, tu peux valider.",,,DRAFT,true,,,NON_TESTE,
PROVISIONAL_FRM_INTENT_04,,Alladian,ald,Alladian de la sous-préfecture de Jacqueville (variété locale à confirmer nativement),FINANCIAL_PRIORITY_INTENT,Refus ou demande d’annulation avant confirmation métier.,CRITICAL,Non / annule.,"Non, annule.",,,DRAFT,true,,,NON_TESTE,
PROVISIONAL_FRM_INTENT_05,,Alladian,ald,Alladian de la sous-préfecture de Jacqueville (variété locale à confirmer nativement),FINANCIAL_PRIORITY_INTENT,Annonce d’un montant manquant dans le paiement.,CRITICAL,Il manque {montant} francs.,Il manque {montant} francs.,,,DRAFT,true,,,NON_TESTE,
PROVISIONAL_FRM_INTENT_06,,Alladian,ald,Alladian de la sous-préfecture de Jacqueville (variété locale à confirmer nativement),FINANCIAL_PRIORITY_INTENT,Demande de vérifier le calcul ou le compte avant la suite.,CRITICAL,Compte juste.,Vérifie bien le compte.,,,DRAFT,true,,,NON_TESTE,
PROVISIONAL_FRM_INTENT_07,,Alladian,ald,Alladian de la sous-préfecture de Jacqueville (variété locale à confirmer nativement),FINANCIAL_PRIORITY_INTENT,Annonce du montant effectivement remis par la cliente.,CRITICAL,Elle a donné {recu} francs.,Elle a donné {recu} francs.,,,DRAFT,true,,,NON_TESTE,
PROVISIONAL_FRM_INTENT_08,,Alladian,ald,Alladian de la sous-préfecture de Jacqueville (variété locale à confirmer nativement),FINANCIAL_PRIORITY_INTENT,Annonce de la monnaie à rendre à la cliente.,CRITICAL,Tu rends {monnaie} francs.,Tu lui rends {monnaie} francs.,,,DRAFT,true,,,NON_TESTE,
PROVISIONAL_FRM_INTENT_09,,Alladian,ald,Alladian de la sous-préfecture de Jacqueville (variété locale à confirmer nativement),FINANCIAL_PRIORITY_INTENT,Annonce du total dû par la cliente.,CRITICAL,Elle doit {total} francs.,Elle doit {total} francs.,,,DRAFT,true,,,NON_TESTE,
PROVISIONAL_FRM_INTENT_10,,Alladian,ald,Alladian de la sous-préfecture de Jacqueville (variété locale à confirmer nativement),FINANCIAL_PRIORITY_INTENT,Demande orale de validation avant l’action métier.,CRITICAL,Je valide ?,Je valide ça ?,,,DRAFT,true,,,NON_TESTE,
PROVISIONAL_FRM_INTENT_11,,Alladian,ald,Alladian de la sous-préfecture de Jacqueville (variété locale à confirmer nativement),FINANCIAL_PRIORITY_INTENT,Question sur le prix d’un seul article.,HIGH,Prix d’un seul.,"Un seul, c’est combien ?",,,DRAFT,true,,,NON_TESTE,
PROVISIONAL_FRM_INTENT_12,,Alladian,ald,Alladian de la sous-préfecture de Jacqueville (variété locale à confirmer nativement),FINANCIAL_PRIORITY_INTENT,Question sur le prix total de l’ensemble présenté.,HIGH,Prix du tout.,"Tout ça, c’est combien ?",,,DRAFT,true,,,NON_TESTE,
PROVISIONAL_FRM_INTENT_13,,Alladian,ald,Alladian de la sous-préfecture de Jacqueville (variété locale à confirmer nativement),FINANCIAL_PRIORITY_INTENT,Question générale sur le montant à payer ou le total.,HIGH,Combien ?,Ça fait combien ?,,,DRAFT,true,,,NON_TESTE,
PROVISIONAL_FRM_INTENT_14,,Alladian,ald,Alladian de la sous-préfecture de Jacqueville (variété locale à confirmer nativement),FINANCIAL_PRIORITY_INTENT,Question sur le prix d’un produit ou d’une quantité montrée.,HIGH,C’est à combien ?,C’est à combien ?,,,DRAFT,true,,,NON_TESTE,
PROVISIONAL_FRM_INTENT_15,,Alladian,ald,Alladian de la sous-préfecture de Jacqueville (variété locale à confirmer nativement),FINANCIAL_PRIORITY_INTENT,Question ouverte sur le produit ou l’article vendu.,LOW,Tu as vendu quoi ?,Tu as vendu quoi ?,,,DRAFT,true,,,NON_TESTE,
PROVISIONAL_FRM_NUMBER_000,,Alladian,ald,Alladian de la sous-préfecture de Jacqueville (variété locale à confirmer nativement),NUMBER_0_100,Lecture isolée d’un nombre pour une quantité ou un montant; l’unité et le contexte doivent être ajoutés.,MEDIUM,zéro,zéro,,,DRAFT,true,,,NON_TESTE,
PROVISIONAL_FRM_NUMBER_001,,Alladian,ald,Alladian de la sous-préfecture de Jacqueville (variété locale à confirmer nativement),NUMBER_0_100,Lecture isolée d’un nombre pour une quantité ou un montant; l’unité et le contexte doivent être ajoutés.,MEDIUM,un,un,ɛ́ton,ɛ́ton,DRAFT,true,,,NON_TESTE,
PROVISIONAL_FRM_NUMBER_002,,Alladian,ald,Alladian de la sous-préfecture de Jacqueville (variété locale à confirmer nativement),NUMBER_0_100,Lecture isolée d’un nombre pour une quantité ou un montant; l’unité et le contexte doivent être ajoutés.,MEDIUM,deux,deux,âynrɪ,âynrɪ,DRAFT,true,,,NON_TESTE,
PROVISIONAL_FRM_NUMBER_003,,Alladian,ald,Alladian de la sous-préfecture de Jacqueville (variété locale à confirmer nativement),NUMBER_0_100,Lecture isolée d’un nombre pour une quantité ou un montant; l’unité et le contexte doivent être ajoutés.,MEDIUM,trois,trois,âon,âon,DRAFT,true,,,NON_TESTE,
PROVISIONAL_FRM_NUMBER_004,,Alladian,ald,Alladian de la sous-préfecture de Jacqueville (variété locale à confirmer nativement),NUMBER_0_100,Lecture isolée d’un nombre pour une quantité ou un montant; l’unité et le contexte doivent être ajoutés.,MEDIUM,quatre,quatre,ânzɔ,ânzɔ,DRAFT,true,,,NON_TESTE,
PROVISIONAL_FRM_NUMBER_005,,Alladian,ald,Alladian de la sous-préfecture de Jacqueville (variété locale à confirmer nativement),NUMBER_0_100,Lecture isolée d’un nombre pour une quantité ou un montant; l’unité et le contexte doivent être ajoutés.,MEDIUM,cinq,cinq,ɛ̂ynrɪ,ɛ̂ynrɪ,DRAFT,true,,,NON_TESTE,
PROVISIONAL_FRM_NUMBER_006,,Alladian,ald,Alladian de la sous-préfecture de Jacqueville (variété locale à confirmer nativement),NUMBER_0_100,Lecture isolée d’un nombre pour une quantité ou un montant; l’unité et le contexte doivent être ajoutés.,MEDIUM,six,six,ɛ̂orɪ,ɛ̂orɪ,DRAFT,true,,,NON_TESTE,
PROVISIONAL_FRM_NUMBER_007,,Alladian,ald,Alladian de la sous-préfecture de Jacqueville (variété locale à confirmer nativement),NUMBER_0_100,Lecture isolée d’un nombre pour une quantité ou un montant; l’unité et le contexte doivent être ajoutés.,MEDIUM,sept,sept,ɛbwɛn,ɛbwɛn,DRAFT,true,,,NON_TESTE,
PROVISIONAL_FRM_NUMBER_008,,Alladian,ald,Alladian de la sous-préfecture de Jacqueville (variété locale à confirmer nativement),NUMBER_0_100,Lecture isolée d’un nombre pour une quantité ou un montant; l’unité et le contexte doivent être ajoutés.,MEDIUM,huit,huit,êüwrɪ,êüwrɪ,DRAFT,true,,,NON_TESTE,
PROVISIONAL_FRM_NUMBER_009,,Alladian,ald,Alladian de la sous-préfecture de Jacqueville (variété locale à confirmer nativement),NUMBER_0_100,Lecture isolée d’un nombre pour une quantité ou un montant; l’unité et le contexte doivent être ajoutés.,MEDIUM,neuf,neuf,ɛ́mrɔ,ɛ́mrɔ,DRAFT,true,,,NON_TESTE,
PROVISIONAL_FRM_NUMBER_010,,Alladian,ald,Alladian de la sous-préfecture de Jacqueville (variété locale à confirmer nativement),NUMBER_0_100,Lecture isolée d’un nombre pour une quantité ou un montant; l’unité et le contexte doivent être ajoutés.,MEDIUM,dix,dix,ɛ́va,ɛ́va,DRAFT,true,,,NON_TESTE,
PROVISIONAL_FRM_NUMBER_011,,Alladian,ald,Alladian de la sous-préfecture de Jacqueville (variété locale à confirmer nativement),NUMBER_0_100,Lecture isolée d’un nombre pour une quantité ou un montant; l’unité et le contexte doivent être ajoutés.,MEDIUM,onze,onze,,,DRAFT,true,,,NON_TESTE,
PROVISIONAL_FRM_NUMBER_012,,Alladian,ald,Alladian de la sous-préfecture de Jacqueville (variété locale à confirmer nativement),NUMBER_0_100,Lecture isolée d’un nombre pour une quantité ou un montant; l’unité et le contexte doivent être ajoutés.,MEDIUM,douze,douze,ɛ́v’âynrɪ,ɛ́v’âynrɪ,DRAFT,true,,,NON_TESTE,
PROVISIONAL_FRM_NUMBER_013,,Alladian,ald,Alladian de la sous-préfecture de Jacqueville (variété locale à confirmer nativement),NUMBER_0_100,Lecture isolée d’un nombre pour une quantité ou un montant; l’unité et le contexte doivent être ajoutés.,MEDIUM,treize,treize,,,DRAFT,true,,,NON_TESTE,
PROVISIONAL_FRM_NUMBER_014,,Alladian,ald,Alladian de la sous-préfecture de Jacqueville (variété locale à confirmer nativement),NUMBER_0_100,Lecture isolée d’un nombre pour une quantité ou un montant; l’unité et le contexte doivent être ajoutés.,MEDIUM,quatorze,quatorze,,,DRAFT,true,,,NON_TESTE,
PROVISIONAL_FRM_NUMBER_015,,Alladian,ald,Alladian de la sous-préfecture de Jacqueville (variété locale à confirmer nativement),NUMBER_0_100,Lecture isolée d’un nombre pour une quantité ou un montant; l’unité et le contexte doivent être ajoutés.,MEDIUM,quinze,quinze,,,DRAFT,true,,,NON_TESTE,
PROVISIONAL_FRM_NUMBER_016,,Alladian,ald,Alladian de la sous-préfecture de Jacqueville (variété locale à confirmer nativement),NUMBER_0_100,Lecture isolée d’un nombre pour une quantité ou un montant; l’unité et le contexte doivent être ajoutés.,MEDIUM,seize,seize,,,DRAFT,true,,,NON_TESTE,
PROVISIONAL_FRM_NUMBER_017,,Alladian,ald,Alladian de la sous-préfecture de Jacqueville (variété locale à confirmer nativement),NUMBER_0_100,Lecture isolée d’un nombre pour une quantité ou un montant; l’unité et le contexte doivent être ajoutés.,MEDIUM,dix-sept,dix-sept,,,DRAFT,true,,,NON_TESTE,
PROVISIONAL_FRM_NUMBER_018,,Alladian,ald,Alladian de la sous-préfecture de Jacqueville (variété locale à confirmer nativement),NUMBER_0_100,Lecture isolée d’un nombre pour une quantité ou un montant; l’unité et le contexte doivent être ajoutés.,MEDIUM,dix-huit,dix-huit,,,DRAFT,true,,,NON_TESTE,
PROVISIONAL_FRM_NUMBER_019,,Alladian,ald,Alladian de la sous-préfecture de Jacqueville (variété locale à confirmer nativement),NUMBER_0_100,Lecture isolée d’un nombre pour une quantité ou un montant; l’unité et le contexte doivent être ajoutés.,MEDIUM,dix-neuf,dix-neuf,,,DRAFT,true,,,NON_TESTE,
PROVISIONAL_FRM_NUMBER_020,,Alladian,ald,Alladian de la sous-préfecture de Jacqueville (variété locale à confirmer nativement),NUMBER_0_100,Lecture isolée d’un nombre pour une quantité ou un montant; l’unité et le contexte doivent être ajoutés.,MEDIUM,vingt,vingt,êüya,êüya,DRAFT,true,,,NON_TESTE,
PROVISIONAL_FRM_NUMBER_021,,Alladian,ald,Alladian de la sous-préfecture de Jacqueville (variété locale à confirmer nativement),NUMBER_0_100,Lecture isolée d’un nombre pour une quantité ou un montant; l’unité et le contexte doivent être ajoutés.,MEDIUM,vingt et un,vingt et un,êüya ɛ́ton,êüya ɛ́ton,DRAFT,true,,,NON_TESTE,
PROVISIONAL_FRM_NUMBER_022,,Alladian,ald,Alladian de la sous-préfecture de Jacqueville (variété locale à confirmer nativement),NUMBER_0_100,Lecture isolée d’un nombre pour une quantité ou un montant; l’unité et le contexte doivent être ajoutés.,MEDIUM,vingt-deux,vingt-deux,,,DRAFT,true,,,NON_TESTE,
PROVISIONAL_FRM_NUMBER_023,,Alladian,ald,Alladian de la sous-préfecture de Jacqueville (variété locale à confirmer nativement),NUMBER_0_100,Lecture isolée d’un nombre pour une quantité ou un montant; l’unité et le contexte doivent être ajoutés.,MEDIUM,vingt-trois,vingt-trois,,,DRAFT,true,,,NON_TESTE,
PROVISIONAL_FRM_NUMBER_024,,Alladian,ald,Alladian de la sous-préfecture de Jacqueville (variété locale à confirmer nativement),NUMBER_0_100,Lecture isolée d’un nombre pour une quantité ou un montant; l’unité et le contexte doivent être ajoutés.,MEDIUM,vingt-quatre,vingt-quatre,,,DRAFT,true,,,NON_TESTE,
PROVISIONAL_FRM_NUMBER_025,,Alladian,ald,Alladian de la sous-préfecture de Jacqueville (variété locale à confirmer nativement),NUMBER_0_100,Lecture isolée d’un nombre pour une quantité ou un montant; l’unité et le contexte doivent être ajoutés.,MEDIUM,vingt-cinq,vingt-cinq,,,DRAFT,true,,,NON_TESTE,
PROVISIONAL_FRM_NUMBER_026,,Alladian,ald,Alladian de la sous-préfecture de Jacqueville (variété locale à confirmer nativement),NUMBER_0_100,Lecture isolée d’un nombre pour une quantité ou un montant; l’unité et le contexte doivent être ajoutés.,MEDIUM,vingt-six,vingt-six,,,DRAFT,true,,,NON_TESTE,
PROVISIONAL_FRM_NUMBER_027,,Alladian,ald,Alladian de la sous-préfecture de Jacqueville (variété locale à confirmer nativement),NUMBER_0_100,Lecture isolée d’un nombre pour une quantité ou un montant; l’unité et le contexte doivent être ajoutés.,MEDIUM,vingt-sept,vingt-sept,,,DRAFT,true,,,NON_TESTE,
PROVISIONAL_FRM_NUMBER_028,,Alladian,ald,Alladian de la sous-préfecture de Jacqueville (variété locale à confirmer nativement),NUMBER_0_100,Lecture isolée d’un nombre pour une quantité ou un montant; l’unité et le contexte doivent être ajoutés.,MEDIUM,vingt-huit,vingt-huit,,,DRAFT,true,,,NON_TESTE,
PROVISIONAL_FRM_NUMBER_029,,Alladian,ald,Alladian de la sous-préfecture de Jacqueville (variété locale à confirmer nativement),NUMBER_0_100,Lecture isolée d’un nombre pour une quantité ou un montant; l’unité et le contexte doivent être ajoutés.,MEDIUM,vingt-neuf,vingt-neuf,,,DRAFT,true,,,NON_TESTE,
PROVISIONAL_FRM_NUMBER_030,,Alladian,ald,Alladian de la sous-préfecture de Jacqueville (variété locale à confirmer nativement),NUMBER_0_100,Lecture isolée d’un nombre pour une quantité ou un montant; l’unité et le contexte doivent être ajoutés.,MEDIUM,trente,trente,êüya ɛ́va,êüya ɛ́va,DRAFT,true,,,NON_TESTE,
PROVISIONAL_FRM_NUMBER_031,,Alladian,ald,Alladian de la sous-préfecture de Jacqueville (variété locale à confirmer nativement),NUMBER_0_100,Lecture isolée d’un nombre pour une quantité ou un montant; l’unité et le contexte doivent être ajoutés.,MEDIUM,trente et un,trente et un,,,DRAFT,true,,,NON_TESTE,
PROVISIONAL_FRM_NUMBER_032,,Alladian,ald,Alladian de la sous-préfecture de Jacqueville (variété locale à confirmer nativement),NUMBER_0_100,Lecture isolée d’un nombre pour une quantité ou un montant; l’unité et le contexte doivent être ajoutés.,MEDIUM,trente-deux,trente-deux,,,DRAFT,true,,,NON_TESTE,
PROVISIONAL_FRM_NUMBER_033,,Alladian,ald,Alladian de la sous-préfecture de Jacqueville (variété locale à confirmer nativement),NUMBER_0_100,Lecture isolée d’un nombre pour une quantité ou un montant; l’unité et le contexte doivent être ajoutés.,MEDIUM,trente-trois,trente-trois,,,DRAFT,true,,,NON_TESTE,
PROVISIONAL_FRM_NUMBER_034,,Alladian,ald,Alladian de la sous-préfecture de Jacqueville (variété locale à confirmer nativement),NUMBER_0_100,Lecture isolée d’un nombre pour une quantité ou un montant; l’unité et le contexte doivent être ajoutés.,MEDIUM,trente-quatre,trente-quatre,,,DRAFT,true,,,NON_TESTE,
PROVISIONAL_FRM_NUMBER_035,,Alladian,ald,Alladian de la sous-préfecture de Jacqueville (variété locale à confirmer nativement),NUMBER_0_100,Lecture isolée d’un nombre pour une quantité ou un montant; l’unité et le contexte doivent être ajoutés.,MEDIUM,trente-cinq,trente-cinq,,,DRAFT,true,,,NON_TESTE,
PROVISIONAL_FRM_NUMBER_036,,Alladian,ald,Alladian de la sous-préfecture de Jacqueville (variété locale à confirmer nativement),NUMBER_0_100,Lecture isolée d’un nombre pour une quantité ou un montant; l’unité et le contexte doivent être ajoutés.,MEDIUM,trente-six,trente-six,,,DRAFT,true,,,NON_TESTE,
PROVISIONAL_FRM_NUMBER_037,,Alladian,ald,Alladian de la sous-préfecture de Jacqueville (variété locale à confirmer nativement),NUMBER_0_100,Lecture isolée d’un nombre pour une quantité ou un montant; l’unité et le contexte doivent être ajoutés.,MEDIUM,trente-sept,trente-sept,,,DRAFT,true,,,NON_TESTE,
PROVISIONAL_FRM_NUMBER_038,,Alladian,ald,Alladian de la sous-préfecture de Jacqueville (variété locale à confirmer nativement),NUMBER_0_100,Lecture isolée d’un nombre pour une quantité ou un montant; l’unité et le contexte doivent être ajoutés.,MEDIUM,trente-huit,trente-huit,,,DRAFT,true,,,NON_TESTE,
PROVISIONAL_FRM_NUMBER_039,,Alladian,ald,Alladian de la sous-préfecture de Jacqueville (variété locale à confirmer nativement),NUMBER_0_100,Lecture isolée d’un nombre pour une quantité ou un montant; l’unité et le contexte doivent être ajoutés.,MEDIUM,trente-neuf,trente-neuf,,,DRAFT,true,,,NON_TESTE,
PROVISIONAL_FRM_NUMBER_040,,Alladian,ald,Alladian de la sous-préfecture de Jacqueville (variété locale à confirmer nativement),NUMBER_0_100,Lecture isolée d’un nombre pour une quantité ou un montant; l’unité et le contexte doivent être ajoutés.,MEDIUM,quarante,quarante,,,DRAFT,true,,,NON_TESTE,
PROVISIONAL_FRM_NUMBER_041,,Alladian,ald,Alladian de la sous-préfecture de Jacqueville (variété locale à confirmer nativement),NUMBER_0_100,Lecture isolée d’un nombre pour une quantité ou un montant; l’unité et le contexte doivent être ajoutés.,MEDIUM,quarante et un,quarante et un,,,DRAFT,true,,,NON_TESTE,
PROVISIONAL_FRM_NUMBER_042,,Alladian,ald,Alladian de la sous-préfecture de Jacqueville (variété locale à confirmer nativement),NUMBER_0_100,Lecture isolée d’un nombre pour une quantité ou un montant; l’unité et le contexte doivent être ajoutés.,MEDIUM,quarante-deux,quarante-deux,,,DRAFT,true,,,NON_TESTE,
PROVISIONAL_FRM_NUMBER_043,,Alladian,ald,Alladian de la sous-préfecture de Jacqueville (variété locale à confirmer nativement),NUMBER_0_100,Lecture isolée d’un nombre pour une quantité ou un montant; l’unité et le contexte doivent être ajoutés.,MEDIUM,quarante-trois,quarante-trois,,,DRAFT,true,,,NON_TESTE,
PROVISIONAL_FRM_NUMBER_044,,Alladian,ald,Alladian de la sous-préfecture de Jacqueville (variété locale à confirmer nativement),NUMBER_0_100,Lecture isolée d’un nombre pour une quantité ou un montant; l’unité et le contexte doivent être ajoutés.,MEDIUM,quarante-quatre,quarante-quatre,,,DRAFT,true,,,NON_TESTE,
PROVISIONAL_FRM_NUMBER_045,,Alladian,ald,Alladian de la sous-préfecture de Jacqueville (variété locale à confirmer nativement),NUMBER_0_100,Lecture isolée d’un nombre pour une quantité ou un montant; l’unité et le contexte doivent être ajoutés.,MEDIUM,quarante-cinq,quarante-cinq,,,DRAFT,true,,,NON_TESTE,
PROVISIONAL_FRM_NUMBER_046,,Alladian,ald,Alladian de la sous-préfecture de Jacqueville (variété locale à confirmer nativement),NUMBER_0_100,Lecture isolée d’un nombre pour une quantité ou un montant; l’unité et le contexte doivent être ajoutés.,MEDIUM,quarante-six,quarante-six,,,DRAFT,true,,,NON_TESTE,
PROVISIONAL_FRM_NUMBER_047,,Alladian,ald,Alladian de la sous-préfecture de Jacqueville (variété locale à confirmer nativement),NUMBER_0_100,Lecture isolée d’un nombre pour une quantité ou un montant; l’unité et le contexte doivent être ajoutés.,MEDIUM,quarante-sept,quarante-sept,,,DRAFT,true,,,NON_TESTE,
PROVISIONAL_FRM_NUMBER_048,,Alladian,ald,Alladian de la sous-préfecture de Jacqueville (variété locale à confirmer nativement),NUMBER_0_100,Lecture isolée d’un nombre pour une quantité ou un montant; l’unité et le contexte doivent être ajoutés.,MEDIUM,quarante-huit,quarante-huit,,,DRAFT,true,,,NON_TESTE,
PROVISIONAL_FRM_NUMBER_049,,Alladian,ald,Alladian de la sous-préfecture de Jacqueville (variété locale à confirmer nativement),NUMBER_0_100,Lecture isolée d’un nombre pour une quantité ou un montant; l’unité et le contexte doivent être ajoutés.,MEDIUM,quarante-neuf,quarante-neuf,,,DRAFT,true,,,NON_TESTE,
PROVISIONAL_FRM_NUMBER_050,,Alladian,ald,Alladian de la sous-préfecture de Jacqueville (variété locale à confirmer nativement),NUMBER_0_100,Lecture isolée d’un nombre pour une quantité ou un montant; l’unité et le contexte doivent être ajoutés.,MEDIUM,cinquante,cinquante,,,DRAFT,true,,,NON_TESTE,
PROVISIONAL_FRM_NUMBER_051,,Alladian,ald,Alladian de la sous-préfecture de Jacqueville (variété locale à confirmer nativement),NUMBER_0_100,Lecture isolée d’un nombre pour une quantité ou un montant; l’unité et le contexte doivent être ajoutés.,MEDIUM,cinquante et un,cinquante et un,,,DRAFT,true,,,NON_TESTE,
PROVISIONAL_FRM_NUMBER_052,,Alladian,ald,Alladian de la sous-préfecture de Jacqueville (variété locale à confirmer nativement),NUMBER_0_100,Lecture isolée d’un nombre pour une quantité ou un montant; l’unité et le contexte doivent être ajoutés.,MEDIUM,cinquante-deux,cinquante-deux,,,DRAFT,true,,,NON_TESTE,
PROVISIONAL_FRM_NUMBER_053,,Alladian,ald,Alladian de la sous-préfecture de Jacqueville (variété locale à confirmer nativement),NUMBER_0_100,Lecture isolée d’un nombre pour une quantité ou un montant; l’unité et le contexte doivent être ajoutés.,MEDIUM,cinquante-trois,cinquante-trois,,,DRAFT,true,,,NON_TESTE,
PROVISIONAL_FRM_NUMBER_054,,Alladian,ald,Alladian de la sous-préfecture de Jacqueville (variété locale à confirmer nativement),NUMBER_0_100,Lecture isolée d’un nombre pour une quantité ou un montant; l’unité et le contexte doivent être ajoutés.,MEDIUM,cinquante-quatre,cinquante-quatre,,,DRAFT,true,,,NON_TESTE,
PROVISIONAL_FRM_NUMBER_055,,Alladian,ald,Alladian de la sous-préfecture de Jacqueville (variété locale à confirmer nativement),NUMBER_0_100,Lecture isolée d’un nombre pour une quantité ou un montant; l’unité et le contexte doivent être ajoutés.,MEDIUM,cinquante-cinq,cinquante-cinq,,,DRAFT,true,,,NON_TESTE,
PROVISIONAL_FRM_NUMBER_056,,Alladian,ald,Alladian de la sous-préfecture de Jacqueville (variété locale à confirmer nativement),NUMBER_0_100,Lecture isolée d’un nombre pour une quantité ou un montant; l’unité et le contexte doivent être ajoutés.,MEDIUM,cinquante-six,cinquante-six,,,DRAFT,true,,,NON_TESTE,
PROVISIONAL_FRM_NUMBER_057,,Alladian,ald,Alladian de la sous-préfecture de Jacqueville (variété locale à confirmer nativement),NUMBER_0_100,Lecture isolée d’un nombre pour une quantité ou un montant; l’unité et le contexte doivent être ajoutés.,MEDIUM,cinquante-sept,cinquante-sept,,,DRAFT,true,,,NON_TESTE,
PROVISIONAL_FRM_NUMBER_058,,Alladian,ald,Alladian de la sous-préfecture de Jacqueville (variété locale à confirmer nativement),NUMBER_0_100,Lecture isolée d’un nombre pour une quantité ou un montant; l’unité et le contexte doivent être ajoutés.,MEDIUM,cinquante-huit,cinquante-huit,,,DRAFT,true,,,NON_TESTE,
PROVISIONAL_FRM_NUMBER_059,,Alladian,ald,Alladian de la sous-préfecture de Jacqueville (variété locale à confirmer nativement),NUMBER_0_100,Lecture isolée d’un nombre pour une quantité ou un montant; l’unité et le contexte doivent être ajoutés.,MEDIUM,cinquante-neuf,cinquante-neuf,,,DRAFT,true,,,NON_TESTE,
PROVISIONAL_FRM_NUMBER_060,,Alladian,ald,Alladian de la sous-préfecture de Jacqueville (variété locale à confirmer nativement),NUMBER_0_100,Lecture isolée d’un nombre pour une quantité ou un montant; l’unité et le contexte doivent être ajoutés.,MEDIUM,soixante,soixante,,,DRAFT,true,,,NON_TESTE,
PROVISIONAL_FRM_NUMBER_061,,Alladian,ald,Alladian de la sous-préfecture de Jacqueville (variété locale à confirmer nativement),NUMBER_0_100,Lecture isolée d’un nombre pour une quantité ou un montant; l’unité et le contexte doivent être ajoutés.,MEDIUM,soixante et un,soixante et un,,,DRAFT,true,,,NON_TESTE,
PROVISIONAL_FRM_NUMBER_062,,Alladian,ald,Alladian de la sous-préfecture de Jacqueville (variété locale à confirmer nativement),NUMBER_0_100,Lecture isolée d’un nombre pour une quantité ou un montant; l’unité et le contexte doivent être ajoutés.,MEDIUM,soixante-deux,soixante-deux,,,DRAFT,true,,,NON_TESTE,
PROVISIONAL_FRM_NUMBER_063,,Alladian,ald,Alladian de la sous-préfecture de Jacqueville (variété locale à confirmer nativement),NUMBER_0_100,Lecture isolée d’un nombre pour une quantité ou un montant; l’unité et le contexte doivent être ajoutés.,MEDIUM,soixante-trois,soixante-trois,,,DRAFT,true,,,NON_TESTE,
PROVISIONAL_FRM_NUMBER_064,,Alladian,ald,Alladian de la sous-préfecture de Jacqueville (variété locale à confirmer nativement),NUMBER_0_100,Lecture isolée d’un nombre pour une quantité ou un montant; l’unité et le contexte doivent être ajoutés.,MEDIUM,soixante-quatre,soixante-quatre,,,DRAFT,true,,,NON_TESTE,
PROVISIONAL_FRM_NUMBER_065,,Alladian,ald,Alladian de la sous-préfecture de Jacqueville (variété locale à confirmer nativement),NUMBER_0_100,Lecture isolée d’un nombre pour une quantité ou un montant; l’unité et le contexte doivent être ajoutés.,MEDIUM,soixante-cinq,soixante-cinq,,,DRAFT,true,,,NON_TESTE,
PROVISIONAL_FRM_NUMBER_066,,Alladian,ald,Alladian de la sous-préfecture de Jacqueville (variété locale à confirmer nativement),NUMBER_0_100,Lecture isolée d’un nombre pour une quantité ou un montant; l’unité et le contexte doivent être ajoutés.,MEDIUM,soixante-six,soixante-six,,,DRAFT,true,,,NON_TESTE,
PROVISIONAL_FRM_NUMBER_067,,Alladian,ald,Alladian de la sous-préfecture de Jacqueville (variété locale à confirmer nativement),NUMBER_0_100,Lecture isolée d’un nombre pour une quantité ou un montant; l’unité et le contexte doivent être ajoutés.,MEDIUM,soixante-sept,soixante-sept,,,DRAFT,true,,,NON_TESTE,
PROVISIONAL_FRM_NUMBER_068,,Alladian,ald,Alladian de la sous-préfecture de Jacqueville (variété locale à confirmer nativement),NUMBER_0_100,Lecture isolée d’un nombre pour une quantité ou un montant; l’unité et le contexte doivent être ajoutés.,MEDIUM,soixante-huit,soixante-huit,,,DRAFT,true,,,NON_TESTE,
PROVISIONAL_FRM_NUMBER_069,,Alladian,ald,Alladian de la sous-préfecture de Jacqueville (variété locale à confirmer nativement),NUMBER_0_100,Lecture isolée d’un nombre pour une quantité ou un montant; l’unité et le contexte doivent être ajoutés.,MEDIUM,soixante-neuf,soixante-neuf,,,DRAFT,true,,,NON_TESTE,
PROVISIONAL_FRM_NUMBER_070,,Alladian,ald,Alladian de la sous-préfecture de Jacqueville (variété locale à confirmer nativement),NUMBER_0_100,Lecture isolée d’un nombre pour une quantité ou un montant; l’unité et le contexte doivent être ajoutés.,MEDIUM,soixante-dix,soixante-dix,,,DRAFT,true,,,NON_TESTE,
PROVISIONAL_FRM_NUMBER_071,,Alladian,ald,Alladian de la sous-préfecture de Jacqueville (variété locale à confirmer nativement),NUMBER_0_100,Lecture isolée d’un nombre pour une quantité ou un montant; l’unité et le contexte doivent être ajoutés.,MEDIUM,soixante et onze,soixante et onze,,,DRAFT,true,,,NON_TESTE,
PROVISIONAL_FRM_NUMBER_072,,Alladian,ald,Alladian de la sous-préfecture de Jacqueville (variété locale à confirmer nativement),NUMBER_0_100,Lecture isolée d’un nombre pour une quantité ou un montant; l’unité et le contexte doivent être ajoutés.,MEDIUM,soixante-douze,soixante-douze,,,DRAFT,true,,,NON_TESTE,
PROVISIONAL_FRM_NUMBER_073,,Alladian,ald,Alladian de la sous-préfecture de Jacqueville (variété locale à confirmer nativement),NUMBER_0_100,Lecture isolée d’un nombre pour une quantité ou un montant; l’unité et le contexte doivent être ajoutés.,MEDIUM,soixante-treize,soixante-treize,,,DRAFT,true,,,NON_TESTE,
PROVISIONAL_FRM_NUMBER_074,,Alladian,ald,Alladian de la sous-préfecture de Jacqueville (variété locale à confirmer nativement),NUMBER_0_100,Lecture isolée d’un nombre pour une quantité ou un montant; l’unité et le contexte doivent être ajoutés.,MEDIUM,soixante-quatorze,soixante-quatorze,,,DRAFT,true,,,NON_TESTE,
PROVISIONAL_FRM_NUMBER_075,,Alladian,ald,Alladian de la sous-préfecture de Jacqueville (variété locale à confirmer nativement),NUMBER_0_100,Lecture isolée d’un nombre pour une quantité ou un montant; l’unité et le contexte doivent être ajoutés.,MEDIUM,soixante-quinze,soixante-quinze,,,DRAFT,true,,,NON_TESTE,
PROVISIONAL_FRM_NUMBER_076,,Alladian,ald,Alladian de la sous-préfecture de Jacqueville (variété locale à confirmer nativement),NUMBER_0_100,Lecture isolée d’un nombre pour une quantité ou un montant; l’unité et le contexte doivent être ajoutés.,MEDIUM,soixante-seize,soixante-seize,,,DRAFT,true,,,NON_TESTE,
PROVISIONAL_FRM_NUMBER_077,,Alladian,ald,Alladian de la sous-préfecture de Jacqueville (variété locale à confirmer nativement),NUMBER_0_100,Lecture isolée d’un nombre pour une quantité ou un montant; l’unité et le contexte doivent être ajoutés.,MEDIUM,soixante-dix-sept,soixante-dix-sept,,,DRAFT,true,,,NON_TESTE,
PROVISIONAL_FRM_NUMBER_078,,Alladian,ald,Alladian de la sous-préfecture de Jacqueville (variété locale à confirmer nativement),NUMBER_0_100,Lecture isolée d’un nombre pour une quantité ou un montant; l’unité et le contexte doivent être ajoutés.,MEDIUM,soixante-dix-huit,soixante-dix-huit,,,DRAFT,true,,,NON_TESTE,
PROVISIONAL_FRM_NUMBER_079,,Alladian,ald,Alladian de la sous-préfecture de Jacqueville (variété locale à confirmer nativement),NUMBER_0_100,Lecture isolée d’un nombre pour une quantité ou un montant; l’unité et le contexte doivent être ajoutés.,MEDIUM,soixante-dix-neuf,soixante-dix-neuf,,,DRAFT,true,,,NON_TESTE,
PROVISIONAL_FRM_NUMBER_080,,Alladian,ald,Alladian de la sous-préfecture de Jacqueville (variété locale à confirmer nativement),NUMBER_0_100,Lecture isolée d’un nombre pour une quantité ou un montant; l’unité et le contexte doivent être ajoutés.,MEDIUM,quatre-vingts,quatre-vingts,,,DRAFT,true,,,NON_TESTE,
PROVISIONAL_FRM_NUMBER_081,,Alladian,ald,Alladian de la sous-préfecture de Jacqueville (variété locale à confirmer nativement),NUMBER_0_100,Lecture isolée d’un nombre pour une quantité ou un montant; l’unité et le contexte doivent être ajoutés.,MEDIUM,quatre-vingt-un,quatre-vingt-un,,,DRAFT,true,,,NON_TESTE,
PROVISIONAL_FRM_NUMBER_082,,Alladian,ald,Alladian de la sous-préfecture de Jacqueville (variété locale à confirmer nativement),NUMBER_0_100,Lecture isolée d’un nombre pour une quantité ou un montant; l’unité et le contexte doivent être ajoutés.,MEDIUM,quatre-vingt-deux,quatre-vingt-deux,,,DRAFT,true,,,NON_TESTE,
PROVISIONAL_FRM_NUMBER_083,,Alladian,ald,Alladian de la sous-préfecture de Jacqueville (variété locale à confirmer nativement),NUMBER_0_100,Lecture isolée d’un nombre pour une quantité ou un montant; l’unité et le contexte doivent être ajoutés.,MEDIUM,quatre-vingt-trois,quatre-vingt-trois,,,DRAFT,true,,,NON_TESTE,
PROVISIONAL_FRM_NUMBER_084,,Alladian,ald,Alladian de la sous-préfecture de Jacqueville (variété locale à confirmer nativement),NUMBER_0_100,Lecture isolée d’un nombre pour une quantité ou un montant; l’unité et le contexte doivent être ajoutés.,MEDIUM,quatre-vingt-quatre,quatre-vingt-quatre,,,DRAFT,true,,,NON_TESTE,
PROVISIONAL_FRM_NUMBER_085,,Alladian,ald,Alladian de la sous-préfecture de Jacqueville (variété locale à confirmer nativement),NUMBER_0_100,Lecture isolée d’un nombre pour une quantité ou un montant; l’unité et le contexte doivent être ajoutés.,MEDIUM,quatre-vingt-cinq,quatre-vingt-cinq,,,DRAFT,true,,,NON_TESTE,
PROVISIONAL_FRM_NUMBER_086,,Alladian,ald,Alladian de la sous-préfecture de Jacqueville (variété locale à confirmer nativement),NUMBER_0_100,Lecture isolée d’un nombre pour une quantité ou un montant; l’unité et le contexte doivent être ajoutés.,MEDIUM,quatre-vingt-six,quatre-vingt-six,,,DRAFT,true,,,NON_TESTE,
PROVISIONAL_FRM_NUMBER_087,,Alladian,ald,Alladian de la sous-préfecture de Jacqueville (variété locale à confirmer nativement),NUMBER_0_100,Lecture isolée d’un nombre pour une quantité ou un montant; l’unité et le contexte doivent être ajoutés.,MEDIUM,quatre-vingt-sept,quatre-vingt-sept,,,DRAFT,true,,,NON_TESTE,
PROVISIONAL_FRM_NUMBER_088,,Alladian,ald,Alladian de la sous-préfecture de Jacqueville (variété locale à confirmer nativement),NUMBER_0_100,Lecture isolée d’un nombre pour une quantité ou un montant; l’unité et le contexte doivent être ajoutés.,MEDIUM,quatre-vingt-huit,quatre-vingt-huit,,,DRAFT,true,,,NON_TESTE,
PROVISIONAL_FRM_NUMBER_089,,Alladian,ald,Alladian de la sous-préfecture de Jacqueville (variété locale à confirmer nativement),NUMBER_0_100,Lecture isolée d’un nombre pour une quantité ou un montant; l’unité et le contexte doivent être ajoutés.,MEDIUM,quatre-vingt-neuf,quatre-vingt-neuf,,,DRAFT,true,,,NON_TESTE,
PROVISIONAL_FRM_NUMBER_090,,Alladian,ald,Alladian de la sous-préfecture de Jacqueville (variété locale à confirmer nativement),NUMBER_0_100,Lecture isolée d’un nombre pour une quantité ou un montant; l’unité et le contexte doivent être ajoutés.,MEDIUM,quatre-vingt-dix,quatre-vingt-dix,,,DRAFT,true,,,NON_TESTE,
PROVISIONAL_FRM_NUMBER_091,,Alladian,ald,Alladian de la sous-préfecture de Jacqueville (variété locale à confirmer nativement),NUMBER_0_100,Lecture isolée d’un nombre pour une quantité ou un montant; l’unité et le contexte doivent être ajoutés.,MEDIUM,quatre-vingt-onze,quatre-vingt-onze,,,DRAFT,true,,,NON_TESTE,
PROVISIONAL_FRM_NUMBER_092,,Alladian,ald,Alladian de la sous-préfecture de Jacqueville (variété locale à confirmer nativement),NUMBER_0_100,Lecture isolée d’un nombre pour une quantité ou un montant; l’unité et le contexte doivent être ajoutés.,MEDIUM,quatre-vingt-douze,quatre-vingt-douze,,,DRAFT,true,,,NON_TESTE,
PROVISIONAL_FRM_NUMBER_093,,Alladian,ald,Alladian de la sous-préfecture de Jacqueville (variété locale à confirmer nativement),NUMBER_0_100,Lecture isolée d’un nombre pour une quantité ou un montant; l’unité et le contexte doivent être ajoutés.,MEDIUM,quatre-vingt-treize,quatre-vingt-treize,,,DRAFT,true,,,NON_TESTE,
PROVISIONAL_FRM_NUMBER_094,,Alladian,ald,Alladian de la sous-préfecture de Jacqueville (variété locale à confirmer nativement),NUMBER_0_100,Lecture isolée d’un nombre pour une quantité ou un montant; l’unité et le contexte doivent être ajoutés.,MEDIUM,quatre-vingt-quatorze,quatre-vingt-quatorze,,,DRAFT,true,,,NON_TESTE,
PROVISIONAL_FRM_NUMBER_095,,Alladian,ald,Alladian de la sous-préfecture de Jacqueville (variété locale à confirmer nativement),NUMBER_0_100,Lecture isolée d’un nombre pour une quantité ou un montant; l’unité et le contexte doivent être ajoutés.,MEDIUM,quatre-vingt-quinze,quatre-vingt-quinze,,,DRAFT,true,,,NON_TESTE,
PROVISIONAL_FRM_NUMBER_096,,Alladian,ald,Alladian de la sous-préfecture de Jacqueville (variété locale à confirmer nativement),NUMBER_0_100,Lecture isolée d’un nombre pour une quantité ou un montant; l’unité et le contexte doivent être ajoutés.,MEDIUM,quatre-vingt-seize,quatre-vingt-seize,,,DRAFT,true,,,NON_TESTE,
PROVISIONAL_FRM_NUMBER_097,,Alladian,ald,Alladian de la sous-préfecture de Jacqueville (variété locale à confirmer nativement),NUMBER_0_100,Lecture isolée d’un nombre pour une quantité ou un montant; l’unité et le contexte doivent être ajoutés.,MEDIUM,quatre-vingt-dix-sept,quatre-vingt-dix-sept,,,DRAFT,true,,,NON_TESTE,
PROVISIONAL_FRM_NUMBER_098,,Alladian,ald,Alladian de la sous-préfecture de Jacqueville (variété locale à confirmer nativement),NUMBER_0_100,Lecture isolée d’un nombre pour une quantité ou un montant; l’unité et le contexte doivent être ajoutés.,MEDIUM,quatre-vingt-dix-huit,quatre-vingt-dix-huit,,,DRAFT,true,,,NON_TESTE,
PROVISIONAL_FRM_NUMBER_099,,Alladian,ald,Alladian de la sous-préfecture de Jacqueville (variété locale à confirmer nativement),NUMBER_0_100,Lecture isolée d’un nombre pour une quantité ou un montant; l’unité et le contexte doivent être ajoutés.,MEDIUM,quatre-vingt-dix-neuf,quatre-vingt-dix-neuf,,,DRAFT,true,,,NON_TESTE,
PROVISIONAL_FRM_NUMBER_100,,Alladian,ald,Alladian de la sous-préfecture de Jacqueville (variété locale à confirmer nativement),NUMBER_0_100,Lecture isolée d’un nombre pour une quantité ou un montant; l’unité et le contexte doivent être ajoutés.,MEDIUM,cent,cent,ɛ́koüi ɛ̂ynrɪ,ɛ́koüi ɛ̂ynrɪ,DRAFT,true,,,NON_TESTE,
PROVISIONAL_FRM_NUMBER_HUNDRED_200,,Alladian,ald,Alladian de la sous-préfecture de Jacqueville (variété locale à confirmer nativement),NUMBER_HUNDREDS,Lecture isolée d’une centaine ou de mille; l’unité et le contexte doivent être ajoutés.,MEDIUM,deux cents,deux cents,ɛ́koüi ɛ́va,ɛ́koüi ɛ́va,DRAFT,true,,,NON_TESTE,
PROVISIONAL_FRM_NUMBER_HUNDRED_300,,Alladian,ald,Alladian de la sous-préfecture de Jacqueville (variété locale à confirmer nativement),NUMBER_HUNDREDS,Lecture isolée d’une centaine ou de mille; l’unité et le contexte doivent être ajoutés.,MEDIUM,trois cents,trois cents,,,DRAFT,true,,,NON_TESTE,
PROVISIONAL_FRM_NUMBER_HUNDRED_400,,Alladian,ald,Alladian de la sous-préfecture de Jacqueville (variété locale à confirmer nativement),NUMBER_HUNDREDS,Lecture isolée d’une centaine ou de mille; l’unité et le contexte doivent être ajoutés.,MEDIUM,quatre cents,quatre cents,,,DRAFT,true,,,NON_TESTE,
PROVISIONAL_FRM_NUMBER_HUNDRED_500,,Alladian,ald,Alladian de la sous-préfecture de Jacqueville (variété locale à confirmer nativement),NUMBER_HUNDREDS,Lecture isolée d’une centaine ou de mille; l’unité et le contexte doivent être ajoutés.,MEDIUM,cinq cents,cinq cents,,,DRAFT,true,,,NON_TESTE,
PROVISIONAL_FRM_NUMBER_HUNDRED_600,,Alladian,ald,Alladian de la sous-préfecture de Jacqueville (variété locale à confirmer nativement),NUMBER_HUNDREDS,Lecture isolée d’une centaine ou de mille; l’unité et le contexte doivent être ajoutés.,MEDIUM,six cents,six cents,,,DRAFT,true,,,NON_TESTE,
PROVISIONAL_FRM_NUMBER_HUNDRED_700,,Alladian,ald,Alladian de la sous-préfecture de Jacqueville (variété locale à confirmer nativement),NUMBER_HUNDREDS,Lecture isolée d’une centaine ou de mille; l’unité et le contexte doivent être ajoutés.,MEDIUM,sept cents,sept cents,,,DRAFT,true,,,NON_TESTE,
PROVISIONAL_FRM_NUMBER_HUNDRED_800,,Alladian,ald,Alladian de la sous-préfecture de Jacqueville (variété locale à confirmer nativement),NUMBER_HUNDREDS,Lecture isolée d’une centaine ou de mille; l’unité et le contexte doivent être ajoutés.,MEDIUM,huit cents,huit cents,,,DRAFT,true,,,NON_TESTE,
PROVISIONAL_FRM_NUMBER_HUNDRED_900,,Alladian,ald,Alladian de la sous-préfecture de Jacqueville (variété locale à confirmer nativement),NUMBER_HUNDREDS,Lecture isolée d’une centaine ou de mille; l’unité et le contexte doivent être ajoutés.,MEDIUM,neuf cents,neuf cents,,,DRAFT,true,,,NON_TESTE,
PROVISIONAL_FRM_NUMBER_THOUSAND_1000,,Alladian,ald,Alladian de la sous-préfecture de Jacqueville (variété locale à confirmer nativement),NUMBER_THOUSAND,Lecture isolée d’une centaine ou de mille; l’unité et le contexte doivent être ajoutés.,MEDIUM,mille,mille,tɛbru kru,tɛbru kru,DRAFT,true,,,NON_TESTE,
PROVISIONAL_FRM_UNIT_01_UNITE,,Alladian,ald,Alladian de la sous-préfecture de Jacqueville (variété locale à confirmer nativement),UNIT,Unité de vente orale.,LOW,unité,à l’unité,,,DRAFT,true,,,NON_TESTE,
PROVISIONAL_FRM_UNIT_02_TAS,,Alladian,ald,Alladian de la sous-préfecture de Jacqueville (variété locale à confirmer nativement),UNIT,Unité de vente orale.,LOW,tas,tas,,,DRAFT,true,,,NON_TESTE,
PROVISIONAL_FRM_UNIT_03_SAC,,Alladian,ald,Alladian de la sous-préfecture de Jacqueville (variété locale à confirmer nativement),UNIT,Unité de vente orale.,LOW,sac,sac,,,DRAFT,true,,,NON_TESTE,
PROVISIONAL_FRM_UNIT_04_KILO,,Alladian,ald,Alladian de la sous-préfecture de Jacqueville (variété locale à confirmer nativement),UNIT,Unité de vente orale.,LOW,kilo,kilo,,,DRAFT,true,,,NON_TESTE,
PROVISIONAL_FRM_UNIT_05_BOTTE,,Alladian,ald,Alladian de la sous-préfecture de Jacqueville (variété locale à confirmer nativement),UNIT,Unité de vente orale.,LOW,botte,botte,,,DRAFT,true,,,NON_TESTE,
PROVISIONAL_FRM_UNIT_06_BIDON,,Alladian,ald,Alladian de la sous-préfecture de Jacqueville (variété locale à confirmer nativement),UNIT,Unité de vente orale.,LOW,bidon,bidon,,,DRAFT,true,,,NON_TESTE,
PROVISIONAL_FRM_UNIT_07_SACHET,,Alladian,ald,Alladian de la sous-préfecture de Jacqueville (variété locale à confirmer nativement),UNIT,Unité de vente orale.,LOW,sachet,sachet,,,DRAFT,true,,,NON_TESTE,
PROVISIONAL_FRM_UNIT_08_PAQUET,,Alladian,ald,Alladian de la sous-préfecture de Jacqueville (variété locale à confirmer nativement),UNIT,Unité de vente orale.,LOW,paquet,paquet,,,DRAFT,true,,,NON_TESTE,
PROVISIONAL_FRM_UNIT_09_MORCEAU,,Alladian,ald,Alladian de la sous-préfecture de Jacqueville (variété locale à confirmer nativement),UNIT,Unité de vente orale.,LOW,morceau,morceau,,,DRAFT,true,,,NON_TESTE,
PROVISIONAL_FRM_UNIT_10_LITRE,,Alladian,ald,Alladian de la sous-préfecture de Jacqueville (variété locale à confirmer nativement),UNIT,Unité de vente orale.,LOW,litre,litre,,,DRAFT,true,,,NON_TESTE,
PROVISIONAL_FRM_UNIT_11_REGIME,,Alladian,ald,Alladian de la sous-préfecture de Jacqueville (variété locale à confirmer nativement),UNIT,Unité de vente orale.,LOW,régime,régime,,,DRAFT,true,,,NON_TESTE,
PROVISIONAL_FRM_UNIT_12_CARTON,,Alladian,ald,Alladian de la sous-préfecture de Jacqueville (variété locale à confirmer nativement),UNIT,Unité de vente orale.,LOW,carton,carton,,,DRAFT,true,,,NON_TESTE,
PROVISIONAL_FRM_UNIT_13_CAISSE,,Alladian,ald,Alladian de la sous-préfecture de Jacqueville (variété locale à confirmer nativement),UNIT,Unité de vente orale.,LOW,caisse,caisse,,,DRAFT,true,,,NON_TESTE,
PROVISIONAL_FRM_UNIT_14_BOUTEILLE,,Alladian,ald,Alladian de la sous-préfecture de Jacqueville (variété locale à confirmer nativement),UNIT,Unité de vente orale.,LOW,bouteille,bouteille,,,DRAFT,true,,,NON_TESTE,
PROVISIONAL_FRM_UNIT_15_PANIER,,Alladian,ald,Alladian de la sous-préfecture de Jacqueville (variété locale à confirmer nativement),UNIT,Unité de vente orale.,LOW,panier,panier,,,DRAFT,true,,,NON_TESTE,
PROVISIONAL_FRM_UNIT_16_FRANC,,Alladian,ald,Alladian de la sous-préfecture de Jacqueville (variété locale à confirmer nativement),UNIT,Dénomination monétaire orale; à associer à un nombre et au contexte.,HIGH,franc,franc,,,DRAFT,true,,,NON_TESTE,
PROVISIONAL_FRM_UNIT_17_FCFA,,Alladian,ald,Alladian de la sous-préfecture de Jacqueville (variété locale à confirmer nativement),UNIT,Dénomination monétaire orale; à associer à un nombre et au contexte.,HIGH,FCFA,franc CFA,,,DRAFT,true,,,NON_TESTE,
PROVISIONAL_FRM_PRODUCT_01_TOMATE,,Alladian,ald,Alladian de la sous-préfecture de Jacqueville (variété locale à confirmer nativement),PRODUCT,Nom de produit à annoncer ou saisir dans une vente; aucun identifiant produit métier n’est créé.,LOW,tomate,tomate,,,DRAFT,true,,,NON_TESTE,
PROVISIONAL_FRM_PRODUCT_02_PIMENT,,Alladian,ald,Alladian de la sous-préfecture de Jacqueville (variété locale à confirmer nativement),PRODUCT,Nom de produit à annoncer ou saisir dans une vente; aucun identifiant produit métier n’est créé.,LOW,piment,piment,,,DRAFT,true,,,NON_TESTE,
PROVISIONAL_FRM_PRODUCT_03_GOMBO,,Alladian,ald,Alladian de la sous-préfecture de Jacqueville (variété locale à confirmer nativement),PRODUCT,Nom de produit à annoncer ou saisir dans une vente; aucun identifiant produit métier n’est créé.,LOW,gombo,gombo,,,DRAFT,true,,,NON_TESTE,
PROVISIONAL_FRM_PRODUCT_04_ATTIEKE,,Alladian,ald,Alladian de la sous-préfecture de Jacqueville (variété locale à confirmer nativement),PRODUCT,Nom de produit à annoncer ou saisir dans une vente; aucun identifiant produit métier n’est créé.,LOW,attiéké,attiéké,,,DRAFT,true,,,NON_TESTE,
PROVISIONAL_FRM_PRODUCT_05_BANANE,,Alladian,ald,Alladian de la sous-préfecture de Jacqueville (variété locale à confirmer nativement),PRODUCT,Nom de produit à annoncer ou saisir dans une vente; aucun identifiant produit métier n’est créé.,LOW,banane,banane,,,DRAFT,true,,,NON_TESTE,
PROVISIONAL_FRM_PRODUCT_06_PLANTAIN,,Alladian,ald,Alladian de la sous-préfecture de Jacqueville (variété locale à confirmer nativement),PRODUCT,Nom de produit à annoncer ou saisir dans une vente; aucun identifiant produit métier n’est créé.,LOW,plantain,plantain,,,DRAFT,true,,,NON_TESTE,
PROVISIONAL_FRM_PRODUCT_07_IGNAME,,Alladian,ald,Alladian de la sous-préfecture de Jacqueville (variété locale à confirmer nativement),PRODUCT,Nom de produit à annoncer ou saisir dans une vente; aucun identifiant produit métier n’est créé.,LOW,igname,igname,,,DRAFT,true,,,NON_TESTE,
PROVISIONAL_FRM_PRODUCT_08_MANIOC,,Alladian,ald,Alladian de la sous-préfecture de Jacqueville (variété locale à confirmer nativement),PRODUCT,Nom de produit à annoncer ou saisir dans une vente; aucun identifiant produit métier n’est créé.,LOW,manioc,manioc,,,DRAFT,true,,,NON_TESTE,
PROVISIONAL_FRM_PRODUCT_09_AUBERGINE,,Alladian,ald,Alladian de la sous-préfecture de Jacqueville (variété locale à confirmer nativement),PRODUCT,Nom de produit à annoncer ou saisir dans une vente; aucun identifiant produit métier n’est créé.,LOW,aubergine,aubergine,,,DRAFT,true,,,NON_TESTE,
PROVISIONAL_FRM_PRODUCT_10_OIGNON,,Alladian,ald,Alladian de la sous-préfecture de Jacqueville (variété locale à confirmer nativement),PRODUCT,Nom de produit à annoncer ou saisir dans une vente; aucun identifiant produit métier n’est créé.,LOW,oignon,oignon,,,DRAFT,true,,,NON_TESTE,
PROVISIONAL_FRM_PRODUCT_11_AIL,,Alladian,ald,Alladian de la sous-préfecture de Jacqueville (variété locale à confirmer nativement),PRODUCT,Nom de produit à annoncer ou saisir dans une vente; aucun identifiant produit métier n’est créé.,LOW,ail,ail,,,DRAFT,true,,,NON_TESTE,
PROVISIONAL_FRM_PRODUCT_12_POISSON,,Alladian,ald,Alladian de la sous-préfecture de Jacqueville (variété locale à confirmer nativement),PRODUCT,Nom de produit à annoncer ou saisir dans une vente; aucun identifiant produit métier n’est créé.,LOW,poisson,poisson,,,DRAFT,true,,,NON_TESTE,
PROVISIONAL_FRM_PRODUCT_13_VIANDE,,Alladian,ald,Alladian de la sous-préfecture de Jacqueville (variété locale à confirmer nativement),PRODUCT,Nom de produit à annoncer ou saisir dans une vente; aucun identifiant produit métier n’est créé.,LOW,viande,viande,,,DRAFT,true,,,NON_TESTE,
PROVISIONAL_FRM_PRODUCT_14_POULET,,Alladian,ald,Alladian de la sous-préfecture de Jacqueville (variété locale à confirmer nativement),PRODUCT,Nom de produit à annoncer ou saisir dans une vente; aucun identifiant produit métier n’est créé.,LOW,poulet,poulet,,,DRAFT,true,,,NON_TESTE,
PROVISIONAL_FRM_PRODUCT_15_HUILE,,Alladian,ald,Alladian de la sous-préfecture de Jacqueville (variété locale à confirmer nativement),PRODUCT,Nom de produit à annoncer ou saisir dans une vente; aucun identifiant produit métier n’est créé.,LOW,huile,huile,,,DRAFT,true,,,NON_TESTE,
PROVISIONAL_FRM_PRODUCT_16_SEL,,Alladian,ald,Alladian de la sous-préfecture de Jacqueville (variété locale à confirmer nativement),PRODUCT,Nom de produit à annoncer ou saisir dans une vente; aucun identifiant produit métier n’est créé.,LOW,sel,sel,,,DRAFT,true,,,NON_TESTE,
PROVISIONAL_FRM_PRODUCT_17_SUCRE,,Alladian,ald,Alladian de la sous-préfecture de Jacqueville (variété locale à confirmer nativement),PRODUCT,Nom de produit à annoncer ou saisir dans une vente; aucun identifiant produit métier n’est créé.,LOW,sucre,sucre,,,DRAFT,true,,,NON_TESTE,
PROVISIONAL_FRM_PRODUCT_18_RIZ,,Alladian,ald,Alladian de la sous-préfecture de Jacqueville (variété locale à confirmer nativement),PRODUCT,Nom de produit à annoncer ou saisir dans une vente; aucun identifiant produit métier n’est créé.,LOW,riz,riz,,,DRAFT,true,,,NON_TESTE,
PROVISIONAL_FRM_PRODUCT_19_HARICOT,,Alladian,ald,Alladian de la sous-préfecture de Jacqueville (variété locale à confirmer nativement),PRODUCT,Nom de produit à annoncer ou saisir dans une vente; aucun identifiant produit métier n’est créé.,LOW,haricot,haricot,,,DRAFT,true,,,NON_TESTE,
PROVISIONAL_FRM_PRODUCT_20_MAIS,,Alladian,ald,Alladian de la sous-préfecture de Jacqueville (variété locale à confirmer nativement),PRODUCT,Nom de produit à annoncer ou saisir dans une vente; aucun identifiant produit métier n’est créé.,LOW,maïs,maïs,,,DRAFT,true,,,NON_TESTE,
PROVISIONAL_FRM_PRODUCT_21_FOUTOU,,Alladian,ald,Alladian de la sous-préfecture de Jacqueville (variété locale à confirmer nativement),PRODUCT,Nom de produit à annoncer ou saisir dans une vente; aucun identifiant produit métier n’est créé.,LOW,foutou,foutou,,,DRAFT,true,,,NON_TESTE,
PROVISIONAL_FRM_PRODUCT_22_ORANGE,,Alladian,ald,Alladian de la sous-préfecture de Jacqueville (variété locale à confirmer nativement),PRODUCT,Nom de produit à annoncer ou saisir dans une vente; aucun identifiant produit métier n’est créé.,LOW,orange,orange,,,DRAFT,true,,,NON_TESTE,
PROVISIONAL_FRM_PRODUCT_23_SAVON,,Alladian,ald,Alladian de la sous-préfecture de Jacqueville (variété locale à confirmer nativement),PRODUCT,Nom de produit à annoncer ou saisir dans une vente; aucun identifiant produit métier n’est créé.,LOW,savon,savon,,,DRAFT,true,,,NON_TESTE,
PROVISIONAL_FRM_PRODUCT_24_FARINE,,Alladian,ald,Alladian de la sous-préfecture de Jacqueville (variété locale à confirmer nativement),PRODUCT,Nom de produit à annoncer ou saisir dans une vente; aucun identifiant produit métier n’est créé.,LOW,farine,farine,,,DRAFT,true,,,NON_TESTE,
PROVISIONAL_FRM_PRODUCT_25_JUS,,Alladian,ald,Alladian de la sous-préfecture de Jacqueville (variété locale à confirmer nativement),PRODUCT,Nom de produit à annoncer ou saisir dans une vente; aucun identifiant produit métier n’est créé.,LOW,jus,jus,,,DRAFT,true,,,NON_TESTE,
PROVISIONAL_FRM_PRODUCT_26_LAIT,,Alladian,ald,Alladian de la sous-préfecture de Jacqueville (variété locale à confirmer nativement),PRODUCT,Nom de produit à annoncer ou saisir dans une vente; aucun identifiant produit métier n’est créé.,LOW,lait,lait,,,DRAFT,true,,,NON_TESTE,
