PROVISIONAL_KEY,CATEGORY,CONTEXT,MONEY_CRITICALITY,FR_SOURCE,FR_MARCHE,TTS_CANONICAL,STT_VARIANTS,STATUS,VALIDATION_NOTE,LANGUAGE,LANGUAGE_CODE,LANGUAGE_VARIETY,VALIDATION_NATIVE_REQUISE,RISK_NOTE
PROVISIONAL_FRM_INTENT_01,FINANCIAL_PRIORITY_INTENT,Commande orale d’encaissement; elle ne vaut pas confirmation métier du paiement.,CRITICAL,Encaisse.,Encaisse ça.,,,DRAFT,"À faire valider par deux locutrices ivoiriennes; tester en situation d’encaissement et confirmer que la formulation ne contourne aucune règle métier. | Cellules linguistiques volontairement vides : aucune base suffisamment fiable et spécifique au dioula véhiculaire ivoirien n’a été établie pour cette intention, unité ou désignation de produit. Validation native requise avant remplissage.",Dioula,dyu,Dioula véhiculaire de Côte d’Ivoire (koïnè mandingue; non Kong/non Odienné),true,
PROVISIONAL_FRM_INTENT_02,FINANCIAL_PRIORITY_INTENT,Demande du montant encore dû par une cliente.,CRITICAL,Combien elle doit ?,Elle doit combien ?,,,DRAFT,"À faire valider par deux locutrices ivoiriennes; tester en situation d’encaissement et confirmer que la formulation ne contourne aucune règle métier. | Cellules linguistiques volontairement vides : aucune base suffisamment fiable et spécifique au dioula véhiculaire ivoirien n’a été établie pour cette intention, unité ou désignation de produit. Validation native requise avant remplissage.",Dioula,dyu,Dioula véhiculaire de Côte d’Ivoire (koïnè mandingue; non Kong/non Odienné),true,
PROVISIONAL_FRM_INTENT_03,FINANCIAL_PRIORITY_INTENT,Accord oral avant une validation; la confirmation métier reste distincte.,CRITICAL,"Oui, valide.","Oui, tu peux valider.",,,DRAFT,"À faire valider par deux locutrices ivoiriennes; tester en situation d’encaissement et confirmer que la formulation ne contourne aucune règle métier. | Cellules linguistiques volontairement vides : aucune base suffisamment fiable et spécifique au dioula véhiculaire ivoirien n’a été établie pour cette intention, unité ou désignation de produit. Validation native requise avant remplissage.",Dioula,dyu,Dioula véhiculaire de Côte d’Ivoire (koïnè mandingue; non Kong/non Odienné),true,
PROVISIONAL_FRM_INTENT_04,FINANCIAL_PRIORITY_INTENT,Refus ou demande d’annulation avant confirmation métier.,CRITICAL,Non / annule.,"Non, annule.",,,DRAFT,"À faire valider par deux locutrices ivoiriennes; tester en situation d’encaissement et confirmer que la formulation ne contourne aucune règle métier. | Cellules linguistiques volontairement vides : aucune base suffisamment fiable et spécifique au dioula véhiculaire ivoirien n’a été établie pour cette intention, unité ou désignation de produit. Validation native requise avant remplissage.",Dioula,dyu,Dioula véhiculaire de Côte d’Ivoire (koïnè mandingue; non Kong/non Odienné),true,
PROVISIONAL_FRM_INTENT_05,FINANCIAL_PRIORITY_INTENT,Annonce d’un montant manquant dans le paiement.,CRITICAL,Il manque {montant} francs.,Il manque {montant} francs.,,,DRAFT,"À faire valider par deux locutrices ivoiriennes; tester en situation d’encaissement et confirmer que la formulation ne contourne aucune règle métier. | Cellules linguistiques volontairement vides : aucune base suffisamment fiable et spécifique au dioula véhiculaire ivoirien n’a été établie pour cette intention, unité ou désignation de produit. Validation native requise avant remplissage.",Dioula,dyu,Dioula véhiculaire de Côte d’Ivoire (koïnè mandingue; non Kong/non Odienné),true,
PROVISIONAL_FRM_INTENT_06,FINANCIAL_PRIORITY_INTENT,Demande de vérifier le calcul ou le compte avant la suite.,CRITICAL,Compte juste.,Vérifie bien le compte.,,,DRAFT,"À faire valider par deux locutrices ivoiriennes; tester en situation d’encaissement et confirmer que la formulation ne contourne aucune règle métier. | Cellules linguistiques volontairement vides : aucune base suffisamment fiable et spécifique au dioula véhiculaire ivoirien n’a été établie pour cette intention, unité ou désignation de produit. Validation native requise avant remplissage.",Dioula,dyu,Dioula véhiculaire de Côte d’Ivoire (koïnè mandingue; non Kong/non Odienné),true,
PROVISIONAL_FRM_INTENT_07,FINANCIAL_PRIORITY_INTENT,Annonce du montant effectivement remis par la cliente.,CRITICAL,Elle a donné {recu} francs.,Elle a donné {recu} francs.,,,DRAFT,"À faire valider par deux locutrices ivoiriennes; tester en situation d’encaissement et confirmer que la formulation ne contourne aucune règle métier. | Cellules linguistiques volontairement vides : aucune base suffisamment fiable et spécifique au dioula véhiculaire ivoirien n’a été établie pour cette intention, unité ou désignation de produit. Validation native requise avant remplissage.",Dioula,dyu,Dioula véhiculaire de Côte d’Ivoire (koïnè mandingue; non Kong/non Odienné),true,
PROVISIONAL_FRM_INTENT_08,FINANCIAL_PRIORITY_INTENT,Annonce de la monnaie à rendre à la cliente.,CRITICAL,Tu rends {monnaie} francs.,Tu lui rends {monnaie} francs.,,,DRAFT,"À faire valider par deux locutrices ivoiriennes; tester en situation d’encaissement et confirmer que la formulation ne contourne aucune règle métier. | Cellules linguistiques volontairement vides : aucune base suffisamment fiable et spécifique au dioula véhiculaire ivoirien n’a été établie pour cette intention, unité ou désignation de produit. Validation native requise avant remplissage.",Dioula,dyu,Dioula véhiculaire de Côte d’Ivoire (koïnè mandingue; non Kong/non Odienné),true,
PROVISIONAL_FRM_INTENT_09,FINANCIAL_PRIORITY_INTENT,Annonce du total dû par la cliente.,CRITICAL,Elle doit {total} francs.,Elle doit {total} francs.,,,DRAFT,"À faire valider par deux locutrices ivoiriennes; tester en situation d’encaissement et confirmer que la formulation ne contourne aucune règle métier. | Cellules linguistiques volontairement vides : aucune base suffisamment fiable et spécifique au dioula véhiculaire ivoirien n’a été établie pour cette intention, unité ou désignation de produit. Validation native requise avant remplissage.",Dioula,dyu,Dioula véhiculaire de Côte d’Ivoire (koïnè mandingue; non Kong/non Odienné),true,
PROVISIONAL_FRM_INTENT_10,FINANCIAL_PRIORITY_INTENT,Demande orale de validation avant l’action métier.,CRITICAL,Je valide ?,Je valide ça ?,,,DRAFT,"À faire valider par deux locutrices ivoiriennes; tester en situation d’encaissement et confirmer que la formulation ne contourne aucune règle métier. | Cellules linguistiques volontairement vides : aucune base suffisamment fiable et spécifique au dioula véhiculaire ivoirien n’a été établie pour cette intention, unité ou désignation de produit. Validation native requise avant remplissage.",Dioula,dyu,Dioula véhiculaire de Côte d’Ivoire (koïnè mandingue; non Kong/non Odienné),true,
PROVISIONAL_FRM_INTENT_11,FINANCIAL_PRIORITY_INTENT,Question sur le prix d’un seul article.,HIGH,Prix d’un seul.,"Un seul, c’est combien ?",,,DRAFT,"À faire valider par deux locutrices ivoiriennes; tester compréhension du montant, du prix ou de la dette en situation de vente. | Cellules linguistiques volontairement vides : aucune base suffisamment fiable et spécifique au dioula véhiculaire ivoirien n’a été établie pour cette intention, unité ou désignation de produit. Validation native requise avant remplissage.",Dioula,dyu,Dioula véhiculaire de Côte d’Ivoire (koïnè mandingue; non Kong/non Odienné),true,
PROVISIONAL_FRM_INTENT_12,FINANCIAL_PRIORITY_INTENT,Question sur le prix total de l’ensemble présenté.,HIGH,Prix du tout.,"Tout ça, c’est combien ?",,,DRAFT,"À faire valider par deux locutrices ivoiriennes; tester compréhension du montant, du prix ou de la dette en situation de vente. | Cellules linguistiques volontairement vides : aucune base suffisamment fiable et spécifique au dioula véhiculaire ivoirien n’a été établie pour cette intention, unité ou désignation de produit. Validation native requise avant remplissage.",Dioula,dyu,Dioula véhiculaire de Côte d’Ivoire (koïnè mandingue; non Kong/non Odienné),true,
PROVISIONAL_FRM_INTENT_13,FINANCIAL_PRIORITY_INTENT,Question générale sur le montant à payer ou le total.,HIGH,Combien ?,Ça fait combien ?,,,DRAFT,"À faire valider par deux locutrices ivoiriennes; tester compréhension du montant, du prix ou de la dette en situation de vente. | Cellules linguistiques volontairement vides : aucune base suffisamment fiable et spécifique au dioula véhiculaire ivoirien n’a été établie pour cette intention, unité ou désignation de produit. Validation native requise avant remplissage.",Dioula,dyu,Dioula véhiculaire de Côte d’Ivoire (koïnè mandingue; non Kong/non Odienné),true,
PROVISIONAL_FRM_INTENT_14,FINANCIAL_PRIORITY_INTENT,Question sur le prix d’un produit ou d’une quantité montrée.,HIGH,C’est à combien ?,C’est à combien ?,,,DRAFT,"À faire valider par deux locutrices ivoiriennes; tester compréhension du montant, du prix ou de la dette en situation de vente. | Cellules linguistiques volontairement vides : aucune base suffisamment fiable et spécifique au dioula véhiculaire ivoirien n’a été établie pour cette intention, unité ou désignation de produit. Validation native requise avant remplissage.",Dioula,dyu,Dioula véhiculaire de Côte d’Ivoire (koïnè mandingue; non Kong/non Odienné),true,
PROVISIONAL_FRM_INTENT_15,FINANCIAL_PRIORITY_INTENT,Question ouverte sur le produit ou l’article vendu.,LOW,Tu as vendu quoi ?,Tu as vendu quoi ?,,,DRAFT,"À faire valider par une vendeuse ivoirienne; vérifier l’usage oral en marché avant toute intégration. | Cellules linguistiques volontairement vides : aucune base suffisamment fiable et spécifique au dioula véhiculaire ivoirien n’a été établie pour cette intention, unité ou désignation de produit. Validation native requise avant remplissage.",Dioula,dyu,Dioula véhiculaire de Côte d’Ivoire (koïnè mandingue; non Kong/non Odienné),true,
PROVISIONAL_FRM_NUMBER_000,NUMBER_0_100,Lecture isolée d’un nombre pour une quantité ou un montant; l’unité et le contexte doivent être ajoutés.,MEDIUM,zéro,zéro,fu,fu,DRAFT,"À faire valider par une locutrice ivoirienne; tester articulation TTS et reconnaissance STT isolée, puis en contexte de quantité et de montant. | Forme numérique à valider par des locutrices/locuteurs du dioula véhiculaire ivoirien; orthographe et articulation TTS/STT à tester en contexte marchand.",Dioula,dyu,Dioula véhiculaire de Côte d’Ivoire (koïnè mandingue; non Kong/non Odienné),true,
PROVISIONAL_FRM_NUMBER_001,NUMBER_0_100,Lecture isolée d’un nombre pour une quantité ou un montant; l’unité et le contexte doivent être ajoutés.,MEDIUM,un,un,kelen,kelen | dɔ,DRAFT,"À faire valider par une locutrice ivoirienne; tester articulation TTS et reconnaissance STT isolée, puis en contexte de quantité et de montant. | Forme numérique à valider par des locutrices/locuteurs du dioula véhiculaire ivoirien; orthographe et articulation TTS/STT à tester en contexte marchand.",Dioula,dyu,Dioula véhiculaire de Côte d’Ivoire (koïnè mandingue; non Kong/non Odienné),true,
PROVISIONAL_FRM_NUMBER_002,NUMBER_0_100,Lecture isolée d’un nombre pour une quantité ou un montant; l’unité et le contexte doivent être ajoutés.,MEDIUM,deux,deux,fila,fila,DRAFT,"À faire valider par une locutrice ivoirienne; tester articulation TTS et reconnaissance STT isolée, puis en contexte de quantité et de montant. | Forme numérique à valider par des locutrices/locuteurs du dioula véhiculaire ivoirien; orthographe et articulation TTS/STT à tester en contexte marchand.",Dioula,dyu,Dioula véhiculaire de Côte d’Ivoire (koïnè mandingue; non Kong/non Odienné),true,
PROVISIONAL_FRM_NUMBER_003,NUMBER_0_100,Lecture isolée d’un nombre pour une quantité ou un montant; l’unité et le contexte doivent être ajoutés.,MEDIUM,trois,trois,saba,saba,DRAFT,"À faire valider par une locutrice ivoirienne; tester articulation TTS et reconnaissance STT isolée, puis en contexte de quantité et de montant. | Forme numérique à valider par des locutrices/locuteurs du dioula véhiculaire ivoirien; orthographe et articulation TTS/STT à tester en contexte marchand.",Dioula,dyu,Dioula véhiculaire de Côte d’Ivoire (koïnè mandingue; non Kong/non Odienné),true,
PROVISIONAL_FRM_NUMBER_004,NUMBER_0_100,Lecture isolée d’un nombre pour une quantité ou un montant; l’unité et le contexte doivent être ajoutés.,MEDIUM,quatre,quatre,naani,naani,DRAFT,"À faire valider par une locutrice ivoirienne; tester articulation TTS et reconnaissance STT isolée, puis en contexte de quantité et de montant. | Forme numérique à valider par des locutrices/locuteurs du dioula véhiculaire ivoirien; orthographe et articulation TTS/STT à tester en contexte marchand.",Dioula,dyu,Dioula véhiculaire de Côte d’Ivoire (koïnè mandingue; non Kong/non Odienné),true,
PROVISIONAL_FRM_NUMBER_005,NUMBER_0_100,Lecture isolée d’un nombre pour une quantité ou un montant; l’unité et le contexte doivent être ajoutés.,MEDIUM,cinq,cinq,looru,looru | duuru,DRAFT,"À faire valider par une locutrice ivoirienne; tester articulation TTS et reconnaissance STT isolée, puis en contexte de quantité et de montant. | Forme numérique à valider par des locutrices/locuteurs du dioula véhiculaire ivoirien; orthographe et articulation TTS/STT à tester en contexte marchand.",Dioula,dyu,Dioula véhiculaire de Côte d’Ivoire (koïnè mandingue; non Kong/non Odienné),true,
PROVISIONAL_FRM_NUMBER_006,NUMBER_0_100,Lecture isolée d’un nombre pour une quantité ou un montant; l’unité et le contexte doivent être ajoutés.,MEDIUM,six,six,wɔɔrɔ,wɔɔrɔ,DRAFT,"À faire valider par une locutrice ivoirienne; tester articulation TTS et reconnaissance STT isolée, puis en contexte de quantité et de montant. | Forme numérique à valider par des locutrices/locuteurs du dioula véhiculaire ivoirien; orthographe et articulation TTS/STT à tester en contexte marchand.",Dioula,dyu,Dioula véhiculaire de Côte d’Ivoire (koïnè mandingue; non Kong/non Odienné),true,
PROVISIONAL_FRM_NUMBER_007,NUMBER_0_100,Lecture isolée d’un nombre pour une quantité ou un montant; l’unité et le contexte doivent être ajoutés.,MEDIUM,sept,sept,wolonfila,wolonfila | woronfila,DRAFT,"À faire valider par une locutrice ivoirienne; tester articulation TTS et reconnaissance STT isolée, puis en contexte de quantité et de montant. | Forme numérique à valider par des locutrices/locuteurs du dioula véhiculaire ivoirien; orthographe et articulation TTS/STT à tester en contexte marchand.",Dioula,dyu,Dioula véhiculaire de Côte d’Ivoire (koïnè mandingue; non Kong/non Odienné),true,
PROVISIONAL_FRM_NUMBER_008,NUMBER_0_100,Lecture isolée d’un nombre pour une quantité ou un montant; l’unité et le contexte doivent être ajoutés.,MEDIUM,huit,huit,seegi,seegi | seegin,DRAFT,"À faire valider par une locutrice ivoirienne; tester articulation TTS et reconnaissance STT isolée, puis en contexte de quantité et de montant. | Forme numérique à valider par des locutrices/locuteurs du dioula véhiculaire ivoirien; orthographe et articulation TTS/STT à tester en contexte marchand.",Dioula,dyu,Dioula véhiculaire de Côte d’Ivoire (koïnè mandingue; non Kong/non Odienné),true,
PROVISIONAL_FRM_NUMBER_009,NUMBER_0_100,Lecture isolée d’un nombre pour une quantité ou un montant; l’unité et le contexte doivent être ajoutés.,MEDIUM,neuf,neuf,kɔnɔtɔ,kɔnɔtɔ | kɔnɔntɔn,DRAFT,"À faire valider par une locutrice ivoirienne; tester articulation TTS et reconnaissance STT isolée, puis en contexte de quantité et de montant. | Forme numérique à valider par des locutrices/locuteurs du dioula véhiculaire ivoirien; orthographe et articulation TTS/STT à tester en contexte marchand.",Dioula,dyu,Dioula véhiculaire de Côte d’Ivoire (koïnè mandingue; non Kong/non Odienné),true,
PROVISIONAL_FRM_NUMBER_010,NUMBER_0_100,Lecture isolée d’un nombre pour une quantité ou un montant; l’unité et le contexte doivent être ajoutés.,MEDIUM,dix,dix,tan ni fu,tan ni fu,DRAFT,"À faire valider par une locutrice ivoirienne; tester articulation TTS et reconnaissance STT isolée, puis en contexte de quantité et de montant. | Forme numérique à valider par des locutrices/locuteurs du dioula véhiculaire ivoirien; orthographe et articulation TTS/STT à tester en contexte marchand.",Dioula,dyu,Dioula véhiculaire de Côte d’Ivoire (koïnè mandingue; non Kong/non Odienné),true,
PROVISIONAL_FRM_NUMBER_011,NUMBER_0_100,Lecture isolée d’un nombre pour une quantité ou un montant; l’unité et le contexte doivent être ajoutés.,MEDIUM,onze,onze,tan ni kelen,tan ni kelen,DRAFT,"À faire valider par une locutrice ivoirienne; tester articulation TTS et reconnaissance STT isolée, puis en contexte de quantité et de montant. | Forme numérique à valider par des locutrices/locuteurs du dioula véhiculaire ivoirien; orthographe et articulation TTS/STT à tester en contexte marchand.",Dioula,dyu,Dioula véhiculaire de Côte d’Ivoire (koïnè mandingue; non Kong/non Odienné),true,
PROVISIONAL_FRM_NUMBER_012,NUMBER_0_100,Lecture isolée d’un nombre pour une quantité ou un montant; l’unité et le contexte doivent être ajoutés.,MEDIUM,douze,douze,tan ni fila,tan ni fila,DRAFT,"À faire valider par une locutrice ivoirienne; tester articulation TTS et reconnaissance STT isolée, puis en contexte de quantité et de montant. | Forme numérique à valider par des locutrices/locuteurs du dioula véhiculaire ivoirien; orthographe et articulation TTS/STT à tester en contexte marchand.",Dioula,dyu,Dioula véhiculaire de Côte d’Ivoire (koïnè mandingue; non Kong/non Odienné),true,
PROVISIONAL_FRM_NUMBER_013,NUMBER_0_100,Lecture isolée d’un nombre pour une quantité ou un montant; l’unité et le contexte doivent être ajoutés.,MEDIUM,treize,treize,tan ni saba,tan ni saba,DRAFT,"À faire valider par une locutrice ivoirienne; tester articulation TTS et reconnaissance STT isolée, puis en contexte de quantité et de montant. | Forme numérique à valider par des locutrices/locuteurs du dioula véhiculaire ivoirien; orthographe et articulation TTS/STT à tester en contexte marchand.",Dioula,dyu,Dioula véhiculaire de Côte d’Ivoire (koïnè mandingue; non Kong/non Odienné),true,
PROVISIONAL_FRM_NUMBER_014,NUMBER_0_100,Lecture isolée d’un nombre pour une quantité ou un montant; l’unité et le contexte doivent être ajoutés.,MEDIUM,quatorze,quatorze,tan ni naani,tan ni naani,DRAFT,"À faire valider par une locutrice ivoirienne; tester articulation TTS et reconnaissance STT isolée, puis en contexte de quantité et de montant. | Forme numérique à valider par des locutrices/locuteurs du dioula véhiculaire ivoirien; orthographe et articulation TTS/STT à tester en contexte marchand.",Dioula,dyu,Dioula véhiculaire de Côte d’Ivoire (koïnè mandingue; non Kong/non Odienné),true,
PROVISIONAL_FRM_NUMBER_015,NUMBER_0_100,Lecture isolée d’un nombre pour une quantité ou un montant; l’unité et le contexte doivent être ajoutés.,MEDIUM,quinze,quinze,tan ni looru,tan ni looru,DRAFT,"À faire valider par une locutrice ivoirienne; tester articulation TTS et reconnaissance STT isolée, puis en contexte de quantité et de montant. | Forme numérique à valider par des locutrices/locuteurs du dioula véhiculaire ivoirien; orthographe et articulation TTS/STT à tester en contexte marchand.",Dioula,dyu,Dioula véhiculaire de Côte d’Ivoire (koïnè mandingue; non Kong/non Odienné),true,
PROVISIONAL_FRM_NUMBER_016,NUMBER_0_100,Lecture isolée d’un nombre pour une quantité ou un montant; l’unité et le contexte doivent être ajoutés.,MEDIUM,seize,seize,tan ni wɔɔrɔ,tan ni wɔɔrɔ,DRAFT,"À faire valider par une locutrice ivoirienne; tester articulation TTS et reconnaissance STT isolée, puis en contexte de quantité et de montant. | Forme numérique à valider par des locutrices/locuteurs du dioula véhiculaire ivoirien; orthographe et articulation TTS/STT à tester en contexte marchand.",Dioula,dyu,Dioula véhiculaire de Côte d’Ivoire (koïnè mandingue; non Kong/non Odienné),true,
PROVISIONAL_FRM_NUMBER_017,NUMBER_0_100,Lecture isolée d’un nombre pour une quantité ou un montant; l’unité et le contexte doivent être ajoutés.,MEDIUM,dix-sept,dix-sept,tan ni wolonfila,tan ni wolonfila,DRAFT,"À faire valider par une locutrice ivoirienne; tester articulation TTS et reconnaissance STT isolée, puis en contexte de quantité et de montant. | Forme numérique à valider par des locutrices/locuteurs du dioula véhiculaire ivoirien; orthographe et articulation TTS/STT à tester en contexte marchand.",Dioula,dyu,Dioula véhiculaire de Côte d’Ivoire (koïnè mandingue; non Kong/non Odienné),true,
PROVISIONAL_FRM_NUMBER_018,NUMBER_0_100,Lecture isolée d’un nombre pour une quantité ou un montant; l’unité et le contexte doivent être ajoutés.,MEDIUM,dix-huit,dix-huit,tan ni seegi,tan ni seegi,DRAFT,"À faire valider par une locutrice ivoirienne; tester articulation TTS et reconnaissance STT isolée, puis en contexte de quantité et de montant. | Forme numérique à valider par des locutrices/locuteurs du dioula véhiculaire ivoirien; orthographe et articulation TTS/STT à tester en contexte marchand.",Dioula,dyu,Dioula véhiculaire de Côte d’Ivoire (koïnè mandingue; non Kong/non Odienné),true,
PROVISIONAL_FRM_NUMBER_019,NUMBER_0_100,Lecture isolée d’un nombre pour une quantité ou un montant; l’unité et le contexte doivent être ajoutés.,MEDIUM,dix-neuf,dix-neuf,tan ni kɔnɔtɔ,tan ni kɔnɔtɔ,DRAFT,"À faire valider par une locutrice ivoirienne; tester articulation TTS et reconnaissance STT isolée, puis en contexte de quantité et de montant. | Forme numérique à valider par des locutrices/locuteurs du dioula véhiculaire ivoirien; orthographe et articulation TTS/STT à tester en contexte marchand.",Dioula,dyu,Dioula véhiculaire de Côte d’Ivoire (koïnè mandingue; non Kong/non Odienné),true,
PROVISIONAL_FRM_NUMBER_020,NUMBER_0_100,Lecture isolée d’un nombre pour une quantité ou un montant; l’unité et le contexte doivent être ajoutés.,MEDIUM,vingt,vingt,mugan,mugan,DRAFT,"À faire valider par une locutrice ivoirienne; tester articulation TTS et reconnaissance STT isolée, puis en contexte de quantité et de montant. | Forme numérique à valider par des locutrices/locuteurs du dioula véhiculaire ivoirien; orthographe et articulation TTS/STT à tester en contexte marchand.",Dioula,dyu,Dioula véhiculaire de Côte d’Ivoire (koïnè mandingue; non Kong/non Odienné),true,
PROVISIONAL_FRM_NUMBER_021,NUMBER_0_100,Lecture isolée d’un nombre pour une quantité ou un montant; l’unité et le contexte doivent être ajoutés.,MEDIUM,vingt et un,vingt et un,mugan ni kelen,mugan ni kelen,DRAFT,"À faire valider par une locutrice ivoirienne; tester articulation TTS et reconnaissance STT isolée, puis en contexte de quantité et de montant. | Forme numérique à valider par des locutrices/locuteurs du dioula véhiculaire ivoirien; orthographe et articulation TTS/STT à tester en contexte marchand.",Dioula,dyu,Dioula véhiculaire de Côte d’Ivoire (koïnè mandingue; non Kong/non Odienné),true,
PROVISIONAL_FRM_NUMBER_022,NUMBER_0_100,Lecture isolée d’un nombre pour une quantité ou un montant; l’unité et le contexte doivent être ajoutés.,MEDIUM,vingt-deux,vingt-deux,mugan ni fila,mugan ni fila,DRAFT,"À faire valider par une locutrice ivoirienne; tester articulation TTS et reconnaissance STT isolée, puis en contexte de quantité et de montant. | Forme numérique à valider par des locutrices/locuteurs du dioula véhiculaire ivoirien; orthographe et articulation TTS/STT à tester en contexte marchand.",Dioula,dyu,Dioula véhiculaire de Côte d’Ivoire (koïnè mandingue; non Kong/non Odienné),true,
PROVISIONAL_FRM_NUMBER_023,NUMBER_0_100,Lecture isolée d’un nombre pour une quantité ou un montant; l’unité et le contexte doivent être ajoutés.,MEDIUM,vingt-trois,vingt-trois,mugan ni saba,mugan ni saba,DRAFT,"À faire valider par une locutrice ivoirienne; tester articulation TTS et reconnaissance STT isolée, puis en contexte de quantité et de montant. | Forme numérique à valider par des locutrices/locuteurs du dioula véhiculaire ivoirien; orthographe et articulation TTS/STT à tester en contexte marchand.",Dioula,dyu,Dioula véhiculaire de Côte d’Ivoire (koïnè mandingue; non Kong/non Odienné),true,
PROVISIONAL_FRM_NUMBER_024,NUMBER_0_100,Lecture isolée d’un nombre pour une quantité ou un montant; l’unité et le contexte doivent être ajoutés.,MEDIUM,vingt-quatre,vingt-quatre,mugan ni naani,mugan ni naani,DRAFT,"À faire valider par une locutrice ivoirienne; tester articulation TTS et reconnaissance STT isolée, puis en contexte de quantité et de montant. | Forme numérique à valider par des locutrices/locuteurs du dioula véhiculaire ivoirien; orthographe et articulation TTS/STT à tester en contexte marchand.",Dioula,dyu,Dioula véhiculaire de Côte d’Ivoire (koïnè mandingue; non Kong/non Odienné),true,
PROVISIONAL_FRM_NUMBER_025,NUMBER_0_100,Lecture isolée d’un nombre pour une quantité ou un montant; l’unité et le contexte doivent être ajoutés.,MEDIUM,vingt-cinq,vingt-cinq,mugan ni looru,mugan ni looru,DRAFT,"À faire valider par une locutrice ivoirienne; tester articulation TTS et reconnaissance STT isolée, puis en contexte de quantité et de montant. | Forme numérique à valider par des locutrices/locuteurs du dioula véhiculaire ivoirien; orthographe et articulation TTS/STT à tester en contexte marchand.",Dioula,dyu,Dioula véhiculaire de Côte d’Ivoire (koïnè mandingue; non Kong/non Odienné),true,
PROVISIONAL_FRM_NUMBER_026,NUMBER_0_100,Lecture isolée d’un nombre pour une quantité ou un montant; l’unité et le contexte doivent être ajoutés.,MEDIUM,vingt-six,vingt-six,mugan ni wɔɔrɔ,mugan ni wɔɔrɔ,DRAFT,"À faire valider par une locutrice ivoirienne; tester articulation TTS et reconnaissance STT isolée, puis en contexte de quantité et de montant. | Forme numérique à valider par des locutrices/locuteurs du dioula véhiculaire ivoirien; orthographe et articulation TTS/STT à tester en contexte marchand.",Dioula,dyu,Dioula véhiculaire de Côte d’Ivoire (koïnè mandingue; non Kong/non Odienné),true,
PROVISIONAL_FRM_NUMBER_027,NUMBER_0_100,Lecture isolée d’un nombre pour une quantité ou un montant; l’unité et le contexte doivent être ajoutés.,MEDIUM,vingt-sept,vingt-sept,mugan ni wolonfila,mugan ni wolonfila,DRAFT,"À faire valider par une locutrice ivoirienne; tester articulation TTS et reconnaissance STT isolée, puis en contexte de quantité et de montant. | Forme numérique à valider par des locutrices/locuteurs du dioula véhiculaire ivoirien; orthographe et articulation TTS/STT à tester en contexte marchand.",Dioula,dyu,Dioula véhiculaire de Côte d’Ivoire (koïnè mandingue; non Kong/non Odienné),true,
PROVISIONAL_FRM_NUMBER_028,NUMBER_0_100,Lecture isolée d’un nombre pour une quantité ou un montant; l’unité et le contexte doivent être ajoutés.,MEDIUM,vingt-huit,vingt-huit,mugan ni seegi,mugan ni seegi,DRAFT,"À faire valider par une locutrice ivoirienne; tester articulation TTS et reconnaissance STT isolée, puis en contexte de quantité et de montant. | Forme numérique à valider par des locutrices/locuteurs du dioula véhiculaire ivoirien; orthographe et articulation TTS/STT à tester en contexte marchand.",Dioula,dyu,Dioula véhiculaire de Côte d’Ivoire (koïnè mandingue; non Kong/non Odienné),true,
PROVISIONAL_FRM_NUMBER_029,NUMBER_0_100,Lecture isolée d’un nombre pour une quantité ou un montant; l’unité et le contexte doivent être ajoutés.,MEDIUM,vingt-neuf,vingt-neuf,mugan ni kɔnɔtɔ,mugan ni kɔnɔtɔ,DRAFT,"À faire valider par une locutrice ivoirienne; tester articulation TTS et reconnaissance STT isolée, puis en contexte de quantité et de montant. | Forme numérique à valider par des locutrices/locuteurs du dioula véhiculaire ivoirien; orthographe et articulation TTS/STT à tester en contexte marchand.",Dioula,dyu,Dioula véhiculaire de Côte d’Ivoire (koïnè mandingue; non Kong/non Odienné),true,
PROVISIONAL_FRM_NUMBER_030,NUMBER_0_100,Lecture isolée d’un nombre pour une quantité ou un montant; l’unité et le contexte doivent être ajoutés.,MEDIUM,trente,trente,bisaba,bisaba,DRAFT,"À faire valider par une locutrice ivoirienne; tester articulation TTS et reconnaissance STT isolée, puis en contexte de quantité et de montant. | Forme numérique à valider par des locutrices/locuteurs du dioula véhiculaire ivoirien; orthographe et articulation TTS/STT à tester en contexte marchand.",Dioula,dyu,Dioula véhiculaire de Côte d’Ivoire (koïnè mandingue; non Kong/non Odienné),true,
PROVISIONAL_FRM_NUMBER_031,NUMBER_0_100,Lecture isolée d’un nombre pour une quantité ou un montant; l’unité et le contexte doivent être ajoutés.,MEDIUM,trente et un,trente et un,bisaba ni kelen,bisaba ni kelen,DRAFT,"À faire valider par une locutrice ivoirienne; tester articulation TTS et reconnaissance STT isolée, puis en contexte de quantité et de montant. | Forme numérique à valider par des locutrices/locuteurs du dioula véhiculaire ivoirien; orthographe et articulation TTS/STT à tester en contexte marchand.",Dioula,dyu,Dioula véhiculaire de Côte d’Ivoire (koïnè mandingue; non Kong/non Odienné),true,
PROVISIONAL_FRM_NUMBER_032,NUMBER_0_100,Lecture isolée d’un nombre pour une quantité ou un montant; l’unité et le contexte doivent être ajoutés.,MEDIUM,trente-deux,trente-deux,bisaba ni fila,bisaba ni fila,DRAFT,"À faire valider par une locutrice ivoirienne; tester articulation TTS et reconnaissance STT isolée, puis en contexte de quantité et de montant. | Forme numérique à valider par des locutrices/locuteurs du dioula véhiculaire ivoirien; orthographe et articulation TTS/STT à tester en contexte marchand.",Dioula,dyu,Dioula véhiculaire de Côte d’Ivoire (koïnè mandingue; non Kong/non Odienné),true,
PROVISIONAL_FRM_NUMBER_033,NUMBER_0_100,Lecture isolée d’un nombre pour une quantité ou un montant; l’unité et le contexte doivent être ajoutés.,MEDIUM,trente-trois,trente-trois,bisaba ni saba,bisaba ni saba,DRAFT,"À faire valider par une locutrice ivoirienne; tester articulation TTS et reconnaissance STT isolée, puis en contexte de quantité et de montant. | Forme numérique à valider par des locutrices/locuteurs du dioula véhiculaire ivoirien; orthographe et articulation TTS/STT à tester en contexte marchand.",Dioula,dyu,Dioula véhiculaire de Côte d’Ivoire (koïnè mandingue; non Kong/non Odienné),true,
PROVISIONAL_FRM_NUMBER_034,NUMBER_0_100,Lecture isolée d’un nombre pour une quantité ou un montant; l’unité et le contexte doivent être ajoutés.,MEDIUM,trente-quatre,trente-quatre,bisaba ni naani,bisaba ni naani,DRAFT,"À faire valider par une locutrice ivoirienne; tester articulation TTS et reconnaissance STT isolée, puis en contexte de quantité et de montant. | Forme numérique à valider par des locutrices/locuteurs du dioula véhiculaire ivoirien; orthographe et articulation TTS/STT à tester en contexte marchand.",Dioula,dyu,Dioula véhiculaire de Côte d’Ivoire (koïnè mandingue; non Kong/non Odienné),true,
PROVISIONAL_FRM_NUMBER_035,NUMBER_0_100,Lecture isolée d’un nombre pour une quantité ou un montant; l’unité et le contexte doivent être ajoutés.,MEDIUM,trente-cinq,trente-cinq,bisaba ni looru,bisaba ni looru,DRAFT,"À faire valider par une locutrice ivoirienne; tester articulation TTS et reconnaissance STT isolée, puis en contexte de quantité et de montant. | Forme numérique à valider par des locutrices/locuteurs du dioula véhiculaire ivoirien; orthographe et articulation TTS/STT à tester en contexte marchand.",Dioula,dyu,Dioula véhiculaire de Côte d’Ivoire (koïnè mandingue; non Kong/non Odienné),true,
PROVISIONAL_FRM_NUMBER_036,NUMBER_0_100,Lecture isolée d’un nombre pour une quantité ou un montant; l’unité et le contexte doivent être ajoutés.,MEDIUM,trente-six,trente-six,bisaba ni wɔɔrɔ,bisaba ni wɔɔrɔ,DRAFT,"À faire valider par une locutrice ivoirienne; tester articulation TTS et reconnaissance STT isolée, puis en contexte de quantité et de montant. | Forme numérique à valider par des locutrices/locuteurs du dioula véhiculaire ivoirien; orthographe et articulation TTS/STT à tester en contexte marchand.",Dioula,dyu,Dioula véhiculaire de Côte d’Ivoire (koïnè mandingue; non Kong/non Odienné),true,
PROVISIONAL_FRM_NUMBER_037,NUMBER_0_100,Lecture isolée d’un nombre pour une quantité ou un montant; l’unité et le contexte doivent être ajoutés.,MEDIUM,trente-sept,trente-sept,bisaba ni wolonfila,bisaba ni wolonfila,DRAFT,"À faire valider par une locutrice ivoirienne; tester articulation TTS et reconnaissance STT isolée, puis en contexte de quantité et de montant. | Forme numérique à valider par des locutrices/locuteurs du dioula véhiculaire ivoirien; orthographe et articulation TTS/STT à tester en contexte marchand.",Dioula,dyu,Dioula véhiculaire de Côte d’Ivoire (koïnè mandingue; non Kong/non Odienné),true,
PROVISIONAL_FRM_NUMBER_038,NUMBER_0_100,Lecture isolée d’un nombre pour une quantité ou un montant; l’unité et le contexte doivent être ajoutés.,MEDIUM,trente-huit,trente-huit,bisaba ni seegi,bisaba ni seegi,DRAFT,"À faire valider par une locutrice ivoirienne; tester articulation TTS et reconnaissance STT isolée, puis en contexte de quantité et de montant. | Forme numérique à valider par des locutrices/locuteurs du dioula véhiculaire ivoirien; orthographe et articulation TTS/STT à tester en contexte marchand.",Dioula,dyu,Dioula véhiculaire de Côte d’Ivoire (koïnè mandingue; non Kong/non Odienné),true,
PROVISIONAL_FRM_NUMBER_039,NUMBER_0_100,Lecture isolée d’un nombre pour une quantité ou un montant; l’unité et le contexte doivent être ajoutés.,MEDIUM,trente-neuf,trente-neuf,bisaba ni kɔnɔtɔ,bisaba ni kɔnɔtɔ,DRAFT,"À faire valider par une locutrice ivoirienne; tester articulation TTS et reconnaissance STT isolée, puis en contexte de quantité et de montant. | Forme numérique à valider par des locutrices/locuteurs du dioula véhiculaire ivoirien; orthographe et articulation TTS/STT à tester en contexte marchand.",Dioula,dyu,Dioula véhiculaire de Côte d’Ivoire (koïnè mandingue; non Kong/non Odienné),true,
PROVISIONAL_FRM_NUMBER_040,NUMBER_0_100,Lecture isolée d’un nombre pour une quantité ou un montant; l’unité et le contexte doivent être ajoutés.,MEDIUM,quarante,quarante,binaani,binaani,DRAFT,"À faire valider par une locutrice ivoirienne; tester articulation TTS et reconnaissance STT isolée, puis en contexte de quantité et de montant. | Forme numérique à valider par des locutrices/locuteurs du dioula véhiculaire ivoirien; orthographe et articulation TTS/STT à tester en contexte marchand.",Dioula,dyu,Dioula véhiculaire de Côte d’Ivoire (koïnè mandingue; non Kong/non Odienné),true,
PROVISIONAL_FRM_NUMBER_041,NUMBER_0_100,Lecture isolée d’un nombre pour une quantité ou un montant; l’unité et le contexte doivent être ajoutés.,MEDIUM,quarante et un,quarante et un,binaani ni kelen,binaani ni kelen,DRAFT,"À faire valider par une locutrice ivoirienne; tester articulation TTS et reconnaissance STT isolée, puis en contexte de quantité et de montant. | Forme numérique à valider par des locutrices/locuteurs du dioula véhiculaire ivoirien; orthographe et articulation TTS/STT à tester en contexte marchand.",Dioula,dyu,Dioula véhiculaire de Côte d’Ivoire (koïnè mandingue; non Kong/non Odienné),true,
PROVISIONAL_FRM_NUMBER_042,NUMBER_0_100,Lecture isolée d’un nombre pour une quantité ou un montant; l’unité et le contexte doivent être ajoutés.,MEDIUM,quarante-deux,quarante-deux,binaani ni fila,binaani ni fila,DRAFT,"À faire valider par une locutrice ivoirienne; tester articulation TTS et reconnaissance STT isolée, puis en contexte de quantité et de montant. | Forme numérique à valider par des locutrices/locuteurs du dioula véhiculaire ivoirien; orthographe et articulation TTS/STT à tester en contexte marchand.",Dioula,dyu,Dioula véhiculaire de Côte d’Ivoire (koïnè mandingue; non Kong/non Odienné),true,
PROVISIONAL_FRM_NUMBER_043,NUMBER_0_100,Lecture isolée d’un nombre pour une quantité ou un montant; l’unité et le contexte doivent être ajoutés.,MEDIUM,quarante-trois,quarante-trois,binaani ni saba,binaani ni saba,DRAFT,"À faire valider par une locutrice ivoirienne; tester articulation TTS et reconnaissance STT isolée, puis en contexte de quantité et de montant. | Forme numérique à valider par des locutrices/locuteurs du dioula véhiculaire ivoirien; orthographe et articulation TTS/STT à tester en contexte marchand.",Dioula,dyu,Dioula véhiculaire de Côte d’Ivoire (koïnè mandingue; non Kong/non Odienné),true,
PROVISIONAL_FRM_NUMBER_044,NUMBER_0_100,Lecture isolée d’un nombre pour une quantité ou un montant; l’unité et le contexte doivent être ajoutés.,MEDIUM,quarante-quatre,quarante-quatre,binaani ni naani,binaani ni naani,DRAFT,"À faire valider par une locutrice ivoirienne; tester articulation TTS et reconnaissance STT isolée, puis en contexte de quantité et de montant. | Forme numérique à valider par des locutrices/locuteurs du dioula véhiculaire ivoirien; orthographe et articulation TTS/STT à tester en contexte marchand.",Dioula,dyu,Dioula véhiculaire de Côte d’Ivoire (koïnè mandingue; non Kong/non Odienné),true,
PROVISIONAL_FRM_NUMBER_045,NUMBER_0_100,Lecture isolée d’un nombre pour une quantité ou un montant; l’unité et le contexte doivent être ajoutés.,MEDIUM,quarante-cinq,quarante-cinq,binaani ni looru,binaani ni looru,DRAFT,"À faire valider par une locutrice ivoirienne; tester articulation TTS et reconnaissance STT isolée, puis en contexte de quantité et de montant. | Forme numérique à valider par des locutrices/locuteurs du dioula véhiculaire ivoirien; orthographe et articulation TTS/STT à tester en contexte marchand.",Dioula,dyu,Dioula véhiculaire de Côte d’Ivoire (koïnè mandingue; non Kong/non Odienné),true,
PROVISIONAL_FRM_NUMBER_046,NUMBER_0_100,Lecture isolée d’un nombre pour une quantité ou un montant; l’unité et le contexte doivent être ajoutés.,MEDIUM,quarante-six,quarante-six,binaani ni wɔɔrɔ,binaani ni wɔɔrɔ,DRAFT,"À faire valider par une locutrice ivoirienne; tester articulation TTS et reconnaissance STT isolée, puis en contexte de quantité et de montant. | Forme numérique à valider par des locutrices/locuteurs du dioula véhiculaire ivoirien; orthographe et articulation TTS/STT à tester en contexte marchand.",Dioula,dyu,Dioula véhiculaire de Côte d’Ivoire (koïnè mandingue; non Kong/non Odienné),true,
PROVISIONAL_FRM_NUMBER_047,NUMBER_0_100,Lecture isolée d’un nombre pour une quantité ou un montant; l’unité et le contexte doivent être ajoutés.,MEDIUM,quarante-sept,quarante-sept,binaani ni wolonfila,binaani ni wolonfila,DRAFT,"À faire valider par une locutrice ivoirienne; tester articulation TTS et reconnaissance STT isolée, puis en contexte de quantité et de montant. | Forme numérique à valider par des locutrices/locuteurs du dioula véhiculaire ivoirien; orthographe et articulation TTS/STT à tester en contexte marchand.",Dioula,dyu,Dioula véhiculaire de Côte d’Ivoire (koïnè mandingue; non Kong/non Odienné),true,
PROVISIONAL_FRM_NUMBER_048,NUMBER_0_100,Lecture isolée d’un nombre pour une quantité ou un montant; l’unité et le contexte doivent être ajoutés.,MEDIUM,quarante-huit,quarante-huit,binaani ni seegi,binaani ni seegi,DRAFT,"À faire valider par une locutrice ivoirienne; tester articulation TTS et reconnaissance STT isolée, puis en contexte de quantité et de montant. | Forme numérique à valider par des locutrices/locuteurs du dioula véhiculaire ivoirien; orthographe et articulation TTS/STT à tester en contexte marchand.",Dioula,dyu,Dioula véhiculaire de Côte d’Ivoire (koïnè mandingue; non Kong/non Odienné),true,
PROVISIONAL_FRM_NUMBER_049,NUMBER_0_100,Lecture isolée d’un nombre pour une quantité ou un montant; l’unité et le contexte doivent être ajoutés.,MEDIUM,quarante-neuf,quarante-neuf,binaani ni kɔnɔtɔ,binaani ni kɔnɔtɔ,DRAFT,"À faire valider par une locutrice ivoirienne; tester articulation TTS et reconnaissance STT isolée, puis en contexte de quantité et de montant. | Forme numérique à valider par des locutrices/locuteurs du dioula véhiculaire ivoirien; orthographe et articulation TTS/STT à tester en contexte marchand.",Dioula,dyu,Dioula véhiculaire de Côte d’Ivoire (koïnè mandingue; non Kong/non Odienné),true,
PROVISIONAL_FRM_NUMBER_050,NUMBER_0_100,Lecture isolée d’un nombre pour une quantité ou un montant; l’unité et le contexte doivent être ajoutés.,MEDIUM,cinquante,cinquante,bilooru,bilooru,DRAFT,"À faire valider par une locutrice ivoirienne; tester articulation TTS et reconnaissance STT isolée, puis en contexte de quantité et de montant. | Forme numérique à valider par des locutrices/locuteurs du dioula véhiculaire ivoirien; orthographe et articulation TTS/STT à tester en contexte marchand.",Dioula,dyu,Dioula véhiculaire de Côte d’Ivoire (koïnè mandingue; non Kong/non Odienné),true,
PROVISIONAL_FRM_NUMBER_051,NUMBER_0_100,Lecture isolée d’un nombre pour une quantité ou un montant; l’unité et le contexte doivent être ajoutés.,MEDIUM,cinquante et un,cinquante et un,bilooru ni kelen,bilooru ni kelen,DRAFT,"À faire valider par une locutrice ivoirienne; tester articulation TTS et reconnaissance STT isolée, puis en contexte de quantité et de montant. | Forme numérique à valider par des locutrices/locuteurs du dioula véhiculaire ivoirien; orthographe et articulation TTS/STT à tester en contexte marchand.",Dioula,dyu,Dioula véhiculaire de Côte d’Ivoire (koïnè mandingue; non Kong/non Odienné),true,
PROVISIONAL_FRM_NUMBER_052,NUMBER_0_100,Lecture isolée d’un nombre pour une quantité ou un montant; l’unité et le contexte doivent être ajoutés.,MEDIUM,cinquante-deux,cinquante-deux,bilooru ni fila,bilooru ni fila,DRAFT,"À faire valider par une locutrice ivoirienne; tester articulation TTS et reconnaissance STT isolée, puis en contexte de quantité et de montant. | Forme numérique à valider par des locutrices/locuteurs du dioula véhiculaire ivoirien; orthographe et articulation TTS/STT à tester en contexte marchand.",Dioula,dyu,Dioula véhiculaire de Côte d’Ivoire (koïnè mandingue; non Kong/non Odienné),true,
PROVISIONAL_FRM_NUMBER_053,NUMBER_0_100,Lecture isolée d’un nombre pour une quantité ou un montant; l’unité et le contexte doivent être ajoutés.,MEDIUM,cinquante-trois,cinquante-trois,bilooru ni saba,bilooru ni saba,DRAFT,"À faire valider par une locutrice ivoirienne; tester articulation TTS et reconnaissance STT isolée, puis en contexte de quantité et de montant. | Forme numérique à valider par des locutrices/locuteurs du dioula véhiculaire ivoirien; orthographe et articulation TTS/STT à tester en contexte marchand.",Dioula,dyu,Dioula véhiculaire de Côte d’Ivoire (koïnè mandingue; non Kong/non Odienné),true,
PROVISIONAL_FRM_NUMBER_054,NUMBER_0_100,Lecture isolée d’un nombre pour une quantité ou un montant; l’unité et le contexte doivent être ajoutés.,MEDIUM,cinquante-quatre,cinquante-quatre,bilooru ni naani,bilooru ni naani,DRAFT,"À faire valider par une locutrice ivoirienne; tester articulation TTS et reconnaissance STT isolée, puis en contexte de quantité et de montant. | Forme numérique à valider par des locutrices/locuteurs du dioula véhiculaire ivoirien; orthographe et articulation TTS/STT à tester en contexte marchand.",Dioula,dyu,Dioula véhiculaire de Côte d’Ivoire (koïnè mandingue; non Kong/non Odienné),true,
PROVISIONAL_FRM_NUMBER_055,NUMBER_0_100,Lecture isolée d’un nombre pour une quantité ou un montant; l’unité et le contexte doivent être ajoutés.,MEDIUM,cinquante-cinq,cinquante-cinq,bilooru ni looru,bilooru ni looru,DRAFT,"À faire valider par une locutrice ivoirienne; tester articulation TTS et reconnaissance STT isolée, puis en contexte de quantité et de montant. | Forme numérique à valider par des locutrices/locuteurs du dioula véhiculaire ivoirien; orthographe et articulation TTS/STT à tester en contexte marchand.",Dioula,dyu,Dioula véhiculaire de Côte d’Ivoire (koïnè mandingue; non Kong/non Odienné),true,
PROVISIONAL_FRM_NUMBER_056,NUMBER_0_100,Lecture isolée d’un nombre pour une quantité ou un montant; l’unité et le contexte doivent être ajoutés.,MEDIUM,cinquante-six,cinquante-six,bilooru ni wɔɔrɔ,bilooru ni wɔɔrɔ,DRAFT,"À faire valider par une locutrice ivoirienne; tester articulation TTS et reconnaissance STT isolée, puis en contexte de quantité et de montant. | Forme numérique à valider par des locutrices/locuteurs du dioula véhiculaire ivoirien; orthographe et articulation TTS/STT à tester en contexte marchand.",Dioula,dyu,Dioula véhiculaire de Côte d’Ivoire (koïnè mandingue; non Kong/non Odienné),true,
PROVISIONAL_FRM_NUMBER_057,NUMBER_0_100,Lecture isolée d’un nombre pour une quantité ou un montant; l’unité et le contexte doivent être ajoutés.,MEDIUM,cinquante-sept,cinquante-sept,bilooru ni wolonfila,bilooru ni wolonfila,DRAFT,"À faire valider par une locutrice ivoirienne; tester articulation TTS et reconnaissance STT isolée, puis en contexte de quantité et de montant. | Forme numérique à valider par des locutrices/locuteurs du dioula véhiculaire ivoirien; orthographe et articulation TTS/STT à tester en contexte marchand.",Dioula,dyu,Dioula véhiculaire de Côte d’Ivoire (koïnè mandingue; non Kong/non Odienné),true,
PROVISIONAL_FRM_NUMBER_058,NUMBER_0_100,Lecture isolée d’un nombre pour une quantité ou un montant; l’unité et le contexte doivent être ajoutés.,MEDIUM,cinquante-huit,cinquante-huit,bilooru ni seegi,bilooru ni seegi,DRAFT,"À faire valider par une locutrice ivoirienne; tester articulation TTS et reconnaissance STT isolée, puis en contexte de quantité et de montant. | Forme numérique à valider par des locutrices/locuteurs du dioula véhiculaire ivoirien; orthographe et articulation TTS/STT à tester en contexte marchand.",Dioula,dyu,Dioula véhiculaire de Côte d’Ivoire (koïnè mandingue; non Kong/non Odienné),true,
PROVISIONAL_FRM_NUMBER_059,NUMBER_0_100,Lecture isolée d’un nombre pour une quantité ou un montant; l’unité et le contexte doivent être ajoutés.,MEDIUM,cinquante-neuf,cinquante-neuf,bilooru ni kɔnɔtɔ,bilooru ni kɔnɔtɔ,DRAFT,"À faire valider par une locutrice ivoirienne; tester articulation TTS et reconnaissance STT isolée, puis en contexte de quantité et de montant. | Forme numérique à valider par des locutrices/locuteurs du dioula véhiculaire ivoirien; orthographe et articulation TTS/STT à tester en contexte marchand.",Dioula,dyu,Dioula véhiculaire de Côte d’Ivoire (koïnè mandingue; non Kong/non Odienné),true,
PROVISIONAL_FRM_NUMBER_060,NUMBER_0_100,Lecture isolée d’un nombre pour une quantité ou un montant; l’unité et le contexte doivent être ajoutés.,MEDIUM,soixante,soixante,biwɔɔrɔ,biwɔɔrɔ,DRAFT,"À faire valider par une locutrice ivoirienne; tester articulation TTS et reconnaissance STT isolée, puis en contexte de quantité et de montant. | Forme numérique à valider par des locutrices/locuteurs du dioula véhiculaire ivoirien; orthographe et articulation TTS/STT à tester en contexte marchand.",Dioula,dyu,Dioula véhiculaire de Côte d’Ivoire (koïnè mandingue; non Kong/non Odienné),true,
PROVISIONAL_FRM_NUMBER_061,NUMBER_0_100,Lecture isolée d’un nombre pour une quantité ou un montant; l’unité et le contexte doivent être ajoutés.,MEDIUM,soixante et un,soixante et un,biwɔɔrɔ ni kelen,biwɔɔrɔ ni kelen,DRAFT,"À faire valider par une locutrice ivoirienne; tester articulation TTS et reconnaissance STT isolée, puis en contexte de quantité et de montant. | Forme numérique à valider par des locutrices/locuteurs du dioula véhiculaire ivoirien; orthographe et articulation TTS/STT à tester en contexte marchand.",Dioula,dyu,Dioula véhiculaire de Côte d’Ivoire (koïnè mandingue; non Kong/non Odienné),true,
PROVISIONAL_FRM_NUMBER_062,NUMBER_0_100,Lecture isolée d’un nombre pour une quantité ou un montant; l’unité et le contexte doivent être ajoutés.,MEDIUM,soixante-deux,soixante-deux,biwɔɔrɔ ni fila,biwɔɔrɔ ni fila,DRAFT,"À faire valider par une locutrice ivoirienne; tester articulation TTS et reconnaissance STT isolée, puis en contexte de quantité et de montant. | Forme numérique à valider par des locutrices/locuteurs du dioula véhiculaire ivoirien; orthographe et articulation TTS/STT à tester en contexte marchand.",Dioula,dyu,Dioula véhiculaire de Côte d’Ivoire (koïnè mandingue; non Kong/non Odienné),true,
PROVISIONAL_FRM_NUMBER_063,NUMBER_0_100,Lecture isolée d’un nombre pour une quantité ou un montant; l’unité et le contexte doivent être ajoutés.,MEDIUM,soixante-trois,soixante-trois,biwɔɔrɔ ni saba,biwɔɔrɔ ni saba,DRAFT,"À faire valider par une locutrice ivoirienne; tester articulation TTS et reconnaissance STT isolée, puis en contexte de quantité et de montant. | Forme numérique à valider par des locutrices/locuteurs du dioula véhiculaire ivoirien; orthographe et articulation TTS/STT à tester en contexte marchand.",Dioula,dyu,Dioula véhiculaire de Côte d’Ivoire (koïnè mandingue; non Kong/non Odienné),true,
PROVISIONAL_FRM_NUMBER_064,NUMBER_0_100,Lecture isolée d’un nombre pour une quantité ou un montant; l’unité et le contexte doivent être ajoutés.,MEDIUM,soixante-quatre,soixante-quatre,biwɔɔrɔ ni naani,biwɔɔrɔ ni naani,DRAFT,"À faire valider par une locutrice ivoirienne; tester articulation TTS et reconnaissance STT isolée, puis en contexte de quantité et de montant. | Forme numérique à valider par des locutrices/locuteurs du dioula véhiculaire ivoirien; orthographe et articulation TTS/STT à tester en contexte marchand.",Dioula,dyu,Dioula véhiculaire de Côte d’Ivoire (koïnè mandingue; non Kong/non Odienné),true,
PROVISIONAL_FRM_NUMBER_065,NUMBER_0_100,Lecture isolée d’un nombre pour une quantité ou un montant; l’unité et le contexte doivent être ajoutés.,MEDIUM,soixante-cinq,soixante-cinq,biwɔɔrɔ ni looru,biwɔɔrɔ ni looru,DRAFT,"À faire valider par une locutrice ivoirienne; tester articulation TTS et reconnaissance STT isolée, puis en contexte de quantité et de montant. | Forme numérique à valider par des locutrices/locuteurs du dioula véhiculaire ivoirien; orthographe et articulation TTS/STT à tester en contexte marchand.",Dioula,dyu,Dioula véhiculaire de Côte d’Ivoire (koïnè mandingue; non Kong/non Odienné),true,
PROVISIONAL_FRM_NUMBER_066,NUMBER_0_100,Lecture isolée d’un nombre pour une quantité ou un montant; l’unité et le contexte doivent être ajoutés.,MEDIUM,soixante-six,soixante-six,biwɔɔrɔ ni wɔɔrɔ,biwɔɔrɔ ni wɔɔrɔ,DRAFT,"À faire valider par une locutrice ivoirienne; tester articulation TTS et reconnaissance STT isolée, puis en contexte de quantité et de montant. | Forme numérique à valider par des locutrices/locuteurs du dioula véhiculaire ivoirien; orthographe et articulation TTS/STT à tester en contexte marchand.",Dioula,dyu,Dioula véhiculaire de Côte d’Ivoire (koïnè mandingue; non Kong/non Odienné),true,
PROVISIONAL_FRM_NUMBER_067,NUMBER_0_100,Lecture isolée d’un nombre pour une quantité ou un montant; l’unité et le contexte doivent être ajoutés.,MEDIUM,soixante-sept,soixante-sept,biwɔɔrɔ ni wolonfila,biwɔɔrɔ ni wolonfila,DRAFT,"À faire valider par une locutrice ivoirienne; tester articulation TTS et reconnaissance STT isolée, puis en contexte de quantité et de montant. | Forme numérique à valider par des locutrices/locuteurs du dioula véhiculaire ivoirien; orthographe et articulation TTS/STT à tester en contexte marchand.",Dioula,dyu,Dioula véhiculaire de Côte d’Ivoire (koïnè mandingue; non Kong/non Odienné),true,
PROVISIONAL_FRM_NUMBER_068,NUMBER_0_100,Lecture isolée d’un nombre pour une quantité ou un montant; l’unité et le contexte doivent être ajoutés.,MEDIUM,soixante-huit,soixante-huit,biwɔɔrɔ ni seegi,biwɔɔrɔ ni seegi,DRAFT,"À faire valider par une locutrice ivoirienne; tester articulation TTS et reconnaissance STT isolée, puis en contexte de quantité et de montant. | Forme numérique à valider par des locutrices/locuteurs du dioula véhiculaire ivoirien; orthographe et articulation TTS/STT à tester en contexte marchand.",Dioula,dyu,Dioula véhiculaire de Côte d’Ivoire (koïnè mandingue; non Kong/non Odienné),true,
PROVISIONAL_FRM_NUMBER_069,NUMBER_0_100,Lecture isolée d’un nombre pour une quantité ou un montant; l’unité et le contexte doivent être ajoutés.,MEDIUM,soixante-neuf,soixante-neuf,biwɔɔrɔ ni kɔnɔtɔ,biwɔɔrɔ ni kɔnɔtɔ,DRAFT,"À faire valider par une locutrice ivoirienne; tester articulation TTS et reconnaissance STT isolée, puis en contexte de quantité et de montant. | Forme numérique à valider par des locutrices/locuteurs du dioula véhiculaire ivoirien; orthographe et articulation TTS/STT à tester en contexte marchand.",Dioula,dyu,Dioula véhiculaire de Côte d’Ivoire (koïnè mandingue; non Kong/non Odienné),true,
PROVISIONAL_FRM_NUMBER_070,NUMBER_0_100,Lecture isolée d’un nombre pour une quantité ou un montant; l’unité et le contexte doivent être ajoutés.,MEDIUM,soixante-dix,soixante-dix,biwolonfila,biwolonfila | biwolonvila,DRAFT,"À faire valider par une locutrice ivoirienne; tester articulation TTS et reconnaissance STT isolée, puis en contexte de quantité et de montant. | Forme numérique à valider par des locutrices/locuteurs du dioula véhiculaire ivoirien; orthographe et articulation TTS/STT à tester en contexte marchand.",Dioula,dyu,Dioula véhiculaire de Côte d’Ivoire (koïnè mandingue; non Kong/non Odienné),true,
PROVISIONAL_FRM_NUMBER_071,NUMBER_0_100,Lecture isolée d’un nombre pour une quantité ou un montant; l’unité et le contexte doivent être ajoutés.,MEDIUM,soixante et onze,soixante et onze,biwolonfila ni kelen,biwolonfila ni kelen,DRAFT,"À faire valider par une locutrice ivoirienne; tester articulation TTS et reconnaissance STT isolée, puis en contexte de quantité et de montant. | Forme numérique à valider par des locutrices/locuteurs du dioula véhiculaire ivoirien; orthographe et articulation TTS/STT à tester en contexte marchand.",Dioula,dyu,Dioula véhiculaire de Côte d’Ivoire (koïnè mandingue; non Kong/non Odienné),true,
PROVISIONAL_FRM_NUMBER_072,NUMBER_0_100,Lecture isolée d’un nombre pour une quantité ou un montant; l’unité et le contexte doivent être ajoutés.,MEDIUM,soixante-douze,soixante-douze,biwolonfila ni fila,biwolonfila ni fila,DRAFT,"À faire valider par une locutrice ivoirienne; tester articulation TTS et reconnaissance STT isolée, puis en contexte de quantité et de montant. | Forme numérique à valider par des locutrices/locuteurs du dioula véhiculaire ivoirien; orthographe et articulation TTS/STT à tester en contexte marchand.",Dioula,dyu,Dioula véhiculaire de Côte d’Ivoire (koïnè mandingue; non Kong/non Odienné),true,
PROVISIONAL_FRM_NUMBER_073,NUMBER_0_100,Lecture isolée d’un nombre pour une quantité ou un montant; l’unité et le contexte doivent être ajoutés.,MEDIUM,soixante-treize,soixante-treize,biwolonfila ni saba,biwolonfila ni saba,DRAFT,"À faire valider par une locutrice ivoirienne; tester articulation TTS et reconnaissance STT isolée, puis en contexte de quantité et de montant. | Forme numérique à valider par des locutrices/locuteurs du dioula véhiculaire ivoirien; orthographe et articulation TTS/STT à tester en contexte marchand.",Dioula,dyu,Dioula véhiculaire de Côte d’Ivoire (koïnè mandingue; non Kong/non Odienné),true,
PROVISIONAL_FRM_NUMBER_074,NUMBER_0_100,Lecture isolée d’un nombre pour une quantité ou un montant; l’unité et le contexte doivent être ajoutés.,MEDIUM,soixante-quatorze,soixante-quatorze,biwolonfila ni naani,biwolonfila ni naani,DRAFT,"À faire valider par une locutrice ivoirienne; tester articulation TTS et reconnaissance STT isolée, puis en contexte de quantité et de montant. | Forme numérique à valider par des locutrices/locuteurs du dioula véhiculaire ivoirien; orthographe et articulation TTS/STT à tester en contexte marchand.",Dioula,dyu,Dioula véhiculaire de Côte d’Ivoire (koïnè mandingue; non Kong/non Odienné),true,
PROVISIONAL_FRM_NUMBER_075,NUMBER_0_100,Lecture isolée d’un nombre pour une quantité ou un montant; l’unité et le contexte doivent être ajoutés.,MEDIUM,soixante-quinze,soixante-quinze,biwolonfila ni looru,biwolonfila ni looru,DRAFT,"À faire valider par une locutrice ivoirienne; tester articulation TTS et reconnaissance STT isolée, puis en contexte de quantité et de montant. | Forme numérique à valider par des locutrices/locuteurs du dioula véhiculaire ivoirien; orthographe et articulation TTS/STT à tester en contexte marchand.",Dioula,dyu,Dioula véhiculaire de Côte d’Ivoire (koïnè mandingue; non Kong/non Odienné),true,
PROVISIONAL_FRM_NUMBER_076,NUMBER_0_100,Lecture isolée d’un nombre pour une quantité ou un montant; l’unité et le contexte doivent être ajoutés.,MEDIUM,soixante-seize,soixante-seize,biwolonfila ni wɔɔrɔ,biwolonfila ni wɔɔrɔ,DRAFT,"À faire valider par une locutrice ivoirienne; tester articulation TTS et reconnaissance STT isolée, puis en contexte de quantité et de montant. | Forme numérique à valider par des locutrices/locuteurs du dioula véhiculaire ivoirien; orthographe et articulation TTS/STT à tester en contexte marchand.",Dioula,dyu,Dioula véhiculaire de Côte d’Ivoire (koïnè mandingue; non Kong/non Odienné),true,
PROVISIONAL_FRM_NUMBER_077,NUMBER_0_100,Lecture isolée d’un nombre pour une quantité ou un montant; l’unité et le contexte doivent être ajoutés.,MEDIUM,soixante-dix-sept,soixante-dix-sept,biwolonfila ni wolonfila,biwolonfila ni wolonfila,DRAFT,"À faire valider par une locutrice ivoirienne; tester articulation TTS et reconnaissance STT isolée, puis en contexte de quantité et de montant. | Forme numérique à valider par des locutrices/locuteurs du dioula véhiculaire ivoirien; orthographe et articulation TTS/STT à tester en contexte marchand.",Dioula,dyu,Dioula véhiculaire de Côte d’Ivoire (koïnè mandingue; non Kong/non Odienné),true,
PROVISIONAL_FRM_NUMBER_078,NUMBER_0_100,Lecture isolée d’un nombre pour une quantité ou un montant; l’unité et le contexte doivent être ajoutés.,MEDIUM,soixante-dix-huit,soixante-dix-huit,biwolonfila ni seegi,biwolonfila ni seegi,DRAFT,"À faire valider par une locutrice ivoirienne; tester articulation TTS et reconnaissance STT isolée, puis en contexte de quantité et de montant. | Forme numérique à valider par des locutrices/locuteurs du dioula véhiculaire ivoirien; orthographe et articulation TTS/STT à tester en contexte marchand.",Dioula,dyu,Dioula véhiculaire de Côte d’Ivoire (koïnè mandingue; non Kong/non Odienné),true,
PROVISIONAL_FRM_NUMBER_079,NUMBER_0_100,Lecture isolée d’un nombre pour une quantité ou un montant; l’unité et le contexte doivent être ajoutés.,MEDIUM,soixante-dix-neuf,soixante-dix-neuf,biwolonfila ni kɔnɔtɔ,biwolonfila ni kɔnɔtɔ,DRAFT,"À faire valider par une locutrice ivoirienne; tester articulation TTS et reconnaissance STT isolée, puis en contexte de quantité et de montant. | Forme numérique à valider par des locutrices/locuteurs du dioula véhiculaire ivoirien; orthographe et articulation TTS/STT à tester en contexte marchand.",Dioula,dyu,Dioula véhiculaire de Côte d’Ivoire (koïnè mandingue; non Kong/non Odienné),true,
PROVISIONAL_FRM_NUMBER_080,NUMBER_0_100,Lecture isolée d’un nombre pour une quantité ou un montant; l’unité et le contexte doivent être ajoutés.,MEDIUM,quatre-vingts,quatre-vingts,biseegi,biseegi,DRAFT,"À faire valider par une locutrice ivoirienne; tester articulation TTS et reconnaissance STT isolée, puis en contexte de quantité et de montant. | Forme numérique à valider par des locutrices/locuteurs du dioula véhiculaire ivoirien; orthographe et articulation TTS/STT à tester en contexte marchand.",Dioula,dyu,Dioula véhiculaire de Côte d’Ivoire (koïnè mandingue; non Kong/non Odienné),true,
PROVISIONAL_FRM_NUMBER_081,NUMBER_0_100,Lecture isolée d’un nombre pour une quantité ou un montant; l’unité et le contexte doivent être ajoutés.,MEDIUM,quatre-vingt-un,quatre-vingt-un,biseegi ni kelen,biseegi ni kelen,DRAFT,"À faire valider par une locutrice ivoirienne; tester articulation TTS et reconnaissance STT isolée, puis en contexte de quantité et de montant. | Forme numérique à valider par des locutrices/locuteurs du dioula véhiculaire ivoirien; orthographe et articulation TTS/STT à tester en contexte marchand.",Dioula,dyu,Dioula véhiculaire de Côte d’Ivoire (koïnè mandingue; non Kong/non Odienné),true,
PROVISIONAL_FRM_NUMBER_082,NUMBER_0_100,Lecture isolée d’un nombre pour une quantité ou un montant; l’unité et le contexte doivent être ajoutés.,MEDIUM,quatre-vingt-deux,quatre-vingt-deux,biseegi ni fila,biseegi ni fila,DRAFT,"À faire valider par une locutrice ivoirienne; tester articulation TTS et reconnaissance STT isolée, puis en contexte de quantité et de montant. | Forme numérique à valider par des locutrices/locuteurs du dioula véhiculaire ivoirien; orthographe et articulation TTS/STT à tester en contexte marchand.",Dioula,dyu,Dioula véhiculaire de Côte d’Ivoire (koïnè mandingue; non Kong/non Odienné),true,
PROVISIONAL_FRM_NUMBER_083,NUMBER_0_100,Lecture isolée d’un nombre pour une quantité ou un montant; l’unité et le contexte doivent être ajoutés.,MEDIUM,quatre-vingt-trois,quatre-vingt-trois,biseegi ni saba,biseegi ni saba,DRAFT,"À faire valider par une locutrice ivoirienne; tester articulation TTS et reconnaissance STT isolée, puis en contexte de quantité et de montant. | Forme numérique à valider par des locutrices/locuteurs du dioula véhiculaire ivoirien; orthographe et articulation TTS/STT à tester en contexte marchand.",Dioula,dyu,Dioula véhiculaire de Côte d’Ivoire (koïnè mandingue; non Kong/non Odienné),true,
PROVISIONAL_FRM_NUMBER_084,NUMBER_0_100,Lecture isolée d’un nombre pour une quantité ou un montant; l’unité et le contexte doivent être ajoutés.,MEDIUM,quatre-vingt-quatre,quatre-vingt-quatre,biseegi ni naani,biseegi ni naani,DRAFT,"À faire valider par une locutrice ivoirienne; tester articulation TTS et reconnaissance STT isolée, puis en contexte de quantité et de montant. | Forme numérique à valider par des locutrices/locuteurs du dioula véhiculaire ivoirien; orthographe et articulation TTS/STT à tester en contexte marchand.",Dioula,dyu,Dioula véhiculaire de Côte d’Ivoire (koïnè mandingue; non Kong/non Odienné),true,
PROVISIONAL_FRM_NUMBER_085,NUMBER_0_100,Lecture isolée d’un nombre pour une quantité ou un montant; l’unité et le contexte doivent être ajoutés.,MEDIUM,quatre-vingt-cinq,quatre-vingt-cinq,biseegi ni looru,biseegi ni looru,DRAFT,"À faire valider par une locutrice ivoirienne; tester articulation TTS et reconnaissance STT isolée, puis en contexte de quantité et de montant. | Forme numérique à valider par des locutrices/locuteurs du dioula véhiculaire ivoirien; orthographe et articulation TTS/STT à tester en contexte marchand.",Dioula,dyu,Dioula véhiculaire de Côte d’Ivoire (koïnè mandingue; non Kong/non Odienné),true,
PROVISIONAL_FRM_NUMBER_086,NUMBER_0_100,Lecture isolée d’un nombre pour une quantité ou un montant; l’unité et le contexte doivent être ajoutés.,MEDIUM,quatre-vingt-six,quatre-vingt-six,biseegi ni wɔɔrɔ,biseegi ni wɔɔrɔ,DRAFT,"À faire valider par une locutrice ivoirienne; tester articulation TTS et reconnaissance STT isolée, puis en contexte de quantité et de montant. | Forme numérique à valider par des locutrices/locuteurs du dioula véhiculaire ivoirien; orthographe et articulation TTS/STT à tester en contexte marchand.",Dioula,dyu,Dioula véhiculaire de Côte d’Ivoire (koïnè mandingue; non Kong/non Odienné),true,
PROVISIONAL_FRM_NUMBER_087,NUMBER_0_100,Lecture isolée d’un nombre pour une quantité ou un montant; l’unité et le contexte doivent être ajoutés.,MEDIUM,quatre-vingt-sept,quatre-vingt-sept,biseegi ni wolonfila,biseegi ni wolonfila,DRAFT,"À faire valider par une locutrice ivoirienne; tester articulation TTS et reconnaissance STT isolée, puis en contexte de quantité et de montant. | Forme numérique à valider par des locutrices/locuteurs du dioula véhiculaire ivoirien; orthographe et articulation TTS/STT à tester en contexte marchand.",Dioula,dyu,Dioula véhiculaire de Côte d’Ivoire (koïnè mandingue; non Kong/non Odienné),true,
PROVISIONAL_FRM_NUMBER_088,NUMBER_0_100,Lecture isolée d’un nombre pour une quantité ou un montant; l’unité et le contexte doivent être ajoutés.,MEDIUM,quatre-vingt-huit,quatre-vingt-huit,biseegi ni seegi,biseegi ni seegi,DRAFT,"À faire valider par une locutrice ivoirienne; tester articulation TTS et reconnaissance STT isolée, puis en contexte de quantité et de montant. | Forme numérique à valider par des locutrices/locuteurs du dioula véhiculaire ivoirien; orthographe et articulation TTS/STT à tester en contexte marchand.",Dioula,dyu,Dioula véhiculaire de Côte d’Ivoire (koïnè mandingue; non Kong/non Odienné),true,
PROVISIONAL_FRM_NUMBER_089,NUMBER_0_100,Lecture isolée d’un nombre pour une quantité ou un montant; l’unité et le contexte doivent être ajoutés.,MEDIUM,quatre-vingt-neuf,quatre-vingt-neuf,biseegi ni kɔnɔtɔ,biseegi ni kɔnɔtɔ,DRAFT,"À faire valider par une locutrice ivoirienne; tester articulation TTS et reconnaissance STT isolée, puis en contexte de quantité et de montant. | Forme numérique à valider par des locutrices/locuteurs du dioula véhiculaire ivoirien; orthographe et articulation TTS/STT à tester en contexte marchand.",Dioula,dyu,Dioula véhiculaire de Côte d’Ivoire (koïnè mandingue; non Kong/non Odienné),true,
PROVISIONAL_FRM_NUMBER_090,NUMBER_0_100,Lecture isolée d’un nombre pour une quantité ou un montant; l’unité et le contexte doivent être ajoutés.,MEDIUM,quatre-vingt-dix,quatre-vingt-dix,bikɔnɔtɔ,bikɔnɔtɔ,DRAFT,"À faire valider par une locutrice ivoirienne; tester articulation TTS et reconnaissance STT isolée, puis en contexte de quantité et de montant. | Forme numérique à valider par des locutrices/locuteurs du dioula véhiculaire ivoirien; orthographe et articulation TTS/STT à tester en contexte marchand.",Dioula,dyu,Dioula véhiculaire de Côte d’Ivoire (koïnè mandingue; non Kong/non Odienné),true,
PROVISIONAL_FRM_NUMBER_091,NUMBER_0_100,Lecture isolée d’un nombre pour une quantité ou un montant; l’unité et le contexte doivent être ajoutés.,MEDIUM,quatre-vingt-onze,quatre-vingt-onze,bikɔnɔtɔ ni kelen,bikɔnɔtɔ ni kelen,DRAFT,"À faire valider par une locutrice ivoirienne; tester articulation TTS et reconnaissance STT isolée, puis en contexte de quantité et de montant. | Forme numérique à valider par des locutrices/locuteurs du dioula véhiculaire ivoirien; orthographe et articulation TTS/STT à tester en contexte marchand.",Dioula,dyu,Dioula véhiculaire de Côte d’Ivoire (koïnè mandingue; non Kong/non Odienné),true,
PROVISIONAL_FRM_NUMBER_092,NUMBER_0_100,Lecture isolée d’un nombre pour une quantité ou un montant; l’unité et le contexte doivent être ajoutés.,MEDIUM,quatre-vingt-douze,quatre-vingt-douze,bikɔnɔtɔ ni fila,bikɔnɔtɔ ni fila,DRAFT,"À faire valider par une locutrice ivoirienne; tester articulation TTS et reconnaissance STT isolée, puis en contexte de quantité et de montant. | Forme numérique à valider par des locutrices/locuteurs du dioula véhiculaire ivoirien; orthographe et articulation TTS/STT à tester en contexte marchand.",Dioula,dyu,Dioula véhiculaire de Côte d’Ivoire (koïnè mandingue; non Kong/non Odienné),true,
PROVISIONAL_FRM_NUMBER_093,NUMBER_0_100,Lecture isolée d’un nombre pour une quantité ou un montant; l’unité et le contexte doivent être ajoutés.,MEDIUM,quatre-vingt-treize,quatre-vingt-treize,bikɔnɔtɔ ni saba,bikɔnɔtɔ ni saba,DRAFT,"À faire valider par une locutrice ivoirienne; tester articulation TTS et reconnaissance STT isolée, puis en contexte de quantité et de montant. | Forme numérique à valider par des locutrices/locuteurs du dioula véhiculaire ivoirien; orthographe et articulation TTS/STT à tester en contexte marchand.",Dioula,dyu,Dioula véhiculaire de Côte d’Ivoire (koïnè mandingue; non Kong/non Odienné),true,
PROVISIONAL_FRM_NUMBER_094,NUMBER_0_100,Lecture isolée d’un nombre pour une quantité ou un montant; l’unité et le contexte doivent être ajoutés.,MEDIUM,quatre-vingt-quatorze,quatre-vingt-quatorze,bikɔnɔtɔ ni naani,bikɔnɔtɔ ni naani,DRAFT,"À faire valider par une locutrice ivoirienne; tester articulation TTS et reconnaissance STT isolée, puis en contexte de quantité et de montant. | Forme numérique à valider par des locutrices/locuteurs du dioula véhiculaire ivoirien; orthographe et articulation TTS/STT à tester en contexte marchand.",Dioula,dyu,Dioula véhiculaire de Côte d’Ivoire (koïnè mandingue; non Kong/non Odienné),true,
PROVISIONAL_FRM_NUMBER_095,NUMBER_0_100,Lecture isolée d’un nombre pour une quantité ou un montant; l’unité et le contexte doivent être ajoutés.,MEDIUM,quatre-vingt-quinze,quatre-vingt-quinze,bikɔnɔtɔ ni looru,bikɔnɔtɔ ni looru,DRAFT,"À faire valider par une locutrice ivoirienne; tester articulation TTS et reconnaissance STT isolée, puis en contexte de quantité et de montant. | Forme numérique à valider par des locutrices/locuteurs du dioula véhiculaire ivoirien; orthographe et articulation TTS/STT à tester en contexte marchand.",Dioula,dyu,Dioula véhiculaire de Côte d’Ivoire (koïnè mandingue; non Kong/non Odienné),true,
PROVISIONAL_FRM_NUMBER_096,NUMBER_0_100,Lecture isolée d’un nombre pour une quantité ou un montant; l’unité et le contexte doivent être ajoutés.,MEDIUM,quatre-vingt-seize,quatre-vingt-seize,bikɔnɔtɔ ni wɔɔrɔ,bikɔnɔtɔ ni wɔɔrɔ,DRAFT,"À faire valider par une locutrice ivoirienne; tester articulation TTS et reconnaissance STT isolée, puis en contexte de quantité et de montant. | Forme numérique à valider par des locutrices/locuteurs du dioula véhiculaire ivoirien; orthographe et articulation TTS/STT à tester en contexte marchand.",Dioula,dyu,Dioula véhiculaire de Côte d’Ivoire (koïnè mandingue; non Kong/non Odienné),true,
PROVISIONAL_FRM_NUMBER_097,NUMBER_0_100,Lecture isolée d’un nombre pour une quantité ou un montant; l’unité et le contexte doivent être ajoutés.,MEDIUM,quatre-vingt-dix-sept,quatre-vingt-dix-sept,bikɔnɔtɔ ni wolonfila,bikɔnɔtɔ ni wolonfila,DRAFT,"À faire valider par une locutrice ivoirienne; tester articulation TTS et reconnaissance STT isolée, puis en contexte de quantité et de montant. | Forme numérique à valider par des locutrices/locuteurs du dioula véhiculaire ivoirien; orthographe et articulation TTS/STT à tester en contexte marchand.",Dioula,dyu,Dioula véhiculaire de Côte d’Ivoire (koïnè mandingue; non Kong/non Odienné),true,
PROVISIONAL_FRM_NUMBER_098,NUMBER_0_100,Lecture isolée d’un nombre pour une quantité ou un montant; l’unité et le contexte doivent être ajoutés.,MEDIUM,quatre-vingt-dix-huit,quatre-vingt-dix-huit,bikɔnɔtɔ ni seegi,bikɔnɔtɔ ni seegi,DRAFT,"À faire valider par une locutrice ivoirienne; tester articulation TTS et reconnaissance STT isolée, puis en contexte de quantité et de montant. | Forme numérique à valider par des locutrices/locuteurs du dioula véhiculaire ivoirien; orthographe et articulation TTS/STT à tester en contexte marchand.",Dioula,dyu,Dioula véhiculaire de Côte d’Ivoire (koïnè mandingue; non Kong/non Odienné),true,
PROVISIONAL_FRM_NUMBER_099,NUMBER_0_100,Lecture isolée d’un nombre pour une quantité ou un montant; l’unité et le contexte doivent être ajoutés.,MEDIUM,quatre-vingt-dix-neuf,quatre-vingt-dix-neuf,bikɔnɔtɔ ni kɔnɔtɔ,bikɔnɔtɔ ni kɔnɔtɔ,DRAFT,"À faire valider par une locutrice ivoirienne; tester articulation TTS et reconnaissance STT isolée, puis en contexte de quantité et de montant. | Forme numérique à valider par des locutrices/locuteurs du dioula véhiculaire ivoirien; orthographe et articulation TTS/STT à tester en contexte marchand.",Dioula,dyu,Dioula véhiculaire de Côte d’Ivoire (koïnè mandingue; non Kong/non Odienné),true,
PROVISIONAL_FRM_NUMBER_100,NUMBER_0_100,Lecture isolée d’un nombre pour une quantité ou un montant; l’unité et le contexte doivent être ajoutés.,MEDIUM,cent,cent,kɛmɛ,kɛmɛ,DRAFT,"À faire valider par une locutrice ivoirienne; tester articulation TTS et reconnaissance STT isolée, puis en contexte de quantité et de montant. | Forme numérique à valider par des locutrices/locuteurs du dioula véhiculaire ivoirien; orthographe et articulation TTS/STT à tester en contexte marchand.",Dioula,dyu,Dioula véhiculaire de Côte d’Ivoire (koïnè mandingue; non Kong/non Odienné),true,
PROVISIONAL_FRM_NUMBER_HUNDRED_200,NUMBER_HUNDREDS,Lecture isolée d’une centaine ou de mille; l’unité et le contexte doivent être ajoutés.,MEDIUM,deux cents,deux cents,kɛmɛ fila,kɛmɛ fila,DRAFT,"À faire valider par une locutrice ivoirienne; tester articulation TTS et reconnaissance STT isolée, puis en contexte de quantité et de montant. | Forme numérique à valider par des locutrices/locuteurs du dioula véhiculaire ivoirien; orthographe et articulation TTS/STT à tester en contexte marchand.",Dioula,dyu,Dioula véhiculaire de Côte d’Ivoire (koïnè mandingue; non Kong/non Odienné),true,
PROVISIONAL_FRM_NUMBER_HUNDRED_300,NUMBER_HUNDREDS,Lecture isolée d’une centaine ou de mille; l’unité et le contexte doivent être ajoutés.,MEDIUM,trois cents,trois cents,kɛmɛ saba,kɛmɛ saba,DRAFT,"À faire valider par une locutrice ivoirienne; tester articulation TTS et reconnaissance STT isolée, puis en contexte de quantité et de montant. | Forme numérique à valider par des locutrices/locuteurs du dioula véhiculaire ivoirien; orthographe et articulation TTS/STT à tester en contexte marchand.",Dioula,dyu,Dioula véhiculaire de Côte d’Ivoire (koïnè mandingue; non Kong/non Odienné),true,
PROVISIONAL_FRM_NUMBER_HUNDRED_400,NUMBER_HUNDREDS,Lecture isolée d’une centaine ou de mille; l’unité et le contexte doivent être ajoutés.,MEDIUM,quatre cents,quatre cents,kɛmɛ naani,kɛmɛ naani,DRAFT,"À faire valider par une locutrice ivoirienne; tester articulation TTS et reconnaissance STT isolée, puis en contexte de quantité et de montant. | Forme numérique à valider par des locutrices/locuteurs du dioula véhiculaire ivoirien; orthographe et articulation TTS/STT à tester en contexte marchand.",Dioula,dyu,Dioula véhiculaire de Côte d’Ivoire (koïnè mandingue; non Kong/non Odienné),true,
PROVISIONAL_FRM_NUMBER_HUNDRED_500,NUMBER_HUNDREDS,Lecture isolée d’une centaine ou de mille; l’unité et le contexte doivent être ajoutés.,MEDIUM,cinq cents,cinq cents,kɛmɛ looru,kɛmɛ looru,DRAFT,"À faire valider par une locutrice ivoirienne; tester articulation TTS et reconnaissance STT isolée, puis en contexte de quantité et de montant. | Forme numérique à valider par des locutrices/locuteurs du dioula véhiculaire ivoirien; orthographe et articulation TTS/STT à tester en contexte marchand.",Dioula,dyu,Dioula véhiculaire de Côte d’Ivoire (koïnè mandingue; non Kong/non Odienné),true,
PROVISIONAL_FRM_NUMBER_HUNDRED_600,NUMBER_HUNDREDS,Lecture isolée d’une centaine ou de mille; l’unité et le contexte doivent être ajoutés.,MEDIUM,six cents,six cents,kɛmɛ wɔɔrɔ,kɛmɛ wɔɔrɔ,DRAFT,"À faire valider par une locutrice ivoirienne; tester articulation TTS et reconnaissance STT isolée, puis en contexte de quantité et de montant. | Forme numérique à valider par des locutrices/locuteurs du dioula véhiculaire ivoirien; orthographe et articulation TTS/STT à tester en contexte marchand.",Dioula,dyu,Dioula véhiculaire de Côte d’Ivoire (koïnè mandingue; non Kong/non Odienné),true,
PROVISIONAL_FRM_NUMBER_HUNDRED_700,NUMBER_HUNDREDS,Lecture isolée d’une centaine ou de mille; l’unité et le contexte doivent être ajoutés.,MEDIUM,sept cents,sept cents,kɛmɛ wolonfila,kɛmɛ wolonfila,DRAFT,"À faire valider par une locutrice ivoirienne; tester articulation TTS et reconnaissance STT isolée, puis en contexte de quantité et de montant. | Forme numérique à valider par des locutrices/locuteurs du dioula véhiculaire ivoirien; orthographe et articulation TTS/STT à tester en contexte marchand.",Dioula,dyu,Dioula véhiculaire de Côte d’Ivoire (koïnè mandingue; non Kong/non Odienné),true,
PROVISIONAL_FRM_NUMBER_HUNDRED_800,NUMBER_HUNDREDS,Lecture isolée d’une centaine ou de mille; l’unité et le contexte doivent être ajoutés.,MEDIUM,huit cents,huit cents,kɛmɛ seegi,kɛmɛ seegi,DRAFT,"À faire valider par une locutrice ivoirienne; tester articulation TTS et reconnaissance STT isolée, puis en contexte de quantité et de montant. | Forme numérique à valider par des locutrices/locuteurs du dioula véhiculaire ivoirien; orthographe et articulation TTS/STT à tester en contexte marchand.",Dioula,dyu,Dioula véhiculaire de Côte d’Ivoire (koïnè mandingue; non Kong/non Odienné),true,
PROVISIONAL_FRM_NUMBER_HUNDRED_900,NUMBER_HUNDREDS,Lecture isolée d’une centaine ou de mille; l’unité et le contexte doivent être ajoutés.,MEDIUM,neuf cents,neuf cents,kɛmɛ kɔnɔtɔ,kɛmɛ kɔnɔtɔ,DRAFT,"À faire valider par une locutrice ivoirienne; tester articulation TTS et reconnaissance STT isolée, puis en contexte de quantité et de montant. | Forme numérique à valider par des locutrices/locuteurs du dioula véhiculaire ivoirien; orthographe et articulation TTS/STT à tester en contexte marchand.",Dioula,dyu,Dioula véhiculaire de Côte d’Ivoire (koïnè mandingue; non Kong/non Odienné),true,
PROVISIONAL_FRM_NUMBER_THOUSAND_1000,NUMBER_THOUSAND,Lecture isolée d’une centaine ou de mille; l’unité et le contexte doivent être ajoutés.,MEDIUM,mille,mille,waga kelen,waga kelen | baa,DRAFT,"À faire valider par une locutrice ivoirienne; tester articulation TTS et reconnaissance STT isolée, puis en contexte de quantité et de montant. | Forme numérique à valider par des locutrices/locuteurs du dioula véhiculaire ivoirien; choisir une seule forme opérationnelle après test TTS/STT pour éviter toute ambiguïté.",Dioula,dyu,Dioula véhiculaire de Côte d’Ivoire (koïnè mandingue; non Kong/non Odienné),true,
PROVISIONAL_FRM_UNIT_01_UNITE,UNIT,Unité de vente orale.,LOW,unité,à l’unité,,,DRAFT,"À faire valider en marché; vérifier que l’unité correspond bien à la pratique de vente locale visée. | Cellules linguistiques volontairement vides : aucune base suffisamment fiable et spécifique au dioula véhiculaire ivoirien n’a été établie pour cette intention, unité ou désignation de produit. Validation native requise avant remplissage.",Dioula,dyu,Dioula véhiculaire de Côte d’Ivoire (koïnè mandingue; non Kong/non Odienné),true,
PROVISIONAL_FRM_UNIT_02_TAS,UNIT,Unité de vente orale.,LOW,tas,tas,,,DRAFT,"À faire valider en marché; vérifier que l’unité correspond bien à la pratique de vente locale visée. | Cellules linguistiques volontairement vides : aucune base suffisamment fiable et spécifique au dioula véhiculaire ivoirien n’a été établie pour cette intention, unité ou désignation de produit. Validation native requise avant remplissage.",Dioula,dyu,Dioula véhiculaire de Côte d’Ivoire (koïnè mandingue; non Kong/non Odienné),true,
PROVISIONAL_FRM_UNIT_03_SAC,UNIT,Unité de vente orale.,LOW,sac,sac,,,DRAFT,"À faire valider en marché; vérifier que l’unité correspond bien à la pratique de vente locale visée. | Cellules linguistiques volontairement vides : aucune base suffisamment fiable et spécifique au dioula véhiculaire ivoirien n’a été établie pour cette intention, unité ou désignation de produit. Validation native requise avant remplissage.",Dioula,dyu,Dioula véhiculaire de Côte d’Ivoire (koïnè mandingue; non Kong/non Odienné),true,
PROVISIONAL_FRM_UNIT_04_KILO,UNIT,Unité de vente orale.,LOW,kilo,kilo,,,DRAFT,"À faire valider en marché; vérifier que l’unité correspond bien à la pratique de vente locale visée. | Cellules linguistiques volontairement vides : aucune base suffisamment fiable et spécifique au dioula véhiculaire ivoirien n’a été établie pour cette intention, unité ou désignation de produit. Validation native requise avant remplissage.",Dioula,dyu,Dioula véhiculaire de Côte d’Ivoire (koïnè mandingue; non Kong/non Odienné),true,
PROVISIONAL_FRM_UNIT_05_BOTTE,UNIT,Unité de vente orale.,LOW,botte,botte,,,DRAFT,"À faire valider en marché; vérifier que l’unité correspond bien à la pratique de vente locale visée. | Cellules linguistiques volontairement vides : aucune base suffisamment fiable et spécifique au dioula véhiculaire ivoirien n’a été établie pour cette intention, unité ou désignation de produit. Validation native requise avant remplissage.",Dioula,dyu,Dioula véhiculaire de Côte d’Ivoire (koïnè mandingue; non Kong/non Odienné),true,
PROVISIONAL_FRM_UNIT_06_BIDON,UNIT,Unité de vente orale.,LOW,bidon,bidon,,,DRAFT,"À faire valider en marché; vérifier que l’unité correspond bien à la pratique de vente locale visée. | Cellules linguistiques volontairement vides : aucune base suffisamment fiable et spécifique au dioula véhiculaire ivoirien n’a été établie pour cette intention, unité ou désignation de produit. Validation native requise avant remplissage.",Dioula,dyu,Dioula véhiculaire de Côte d’Ivoire (koïnè mandingue; non Kong/non Odienné),true,
PROVISIONAL_FRM_UNIT_07_SACHET,UNIT,Unité de vente orale.,LOW,sachet,sachet,,,DRAFT,"À faire valider en marché; vérifier que l’unité correspond bien à la pratique de vente locale visée. | Cellules linguistiques volontairement vides : aucune base suffisamment fiable et spécifique au dioula véhiculaire ivoirien n’a été établie pour cette intention, unité ou désignation de produit. Validation native requise avant remplissage.",Dioula,dyu,Dioula véhiculaire de Côte d’Ivoire (koïnè mandingue; non Kong/non Odienné),true,
PROVISIONAL_FRM_UNIT_08_PAQUET,UNIT,Unité de vente orale.,LOW,paquet,paquet,,,DRAFT,"À faire valider en marché; vérifier que l’unité correspond bien à la pratique de vente locale visée. | Cellules linguistiques volontairement vides : aucune base suffisamment fiable et spécifique au dioula véhiculaire ivoirien n’a été établie pour cette intention, unité ou désignation de produit. Validation native requise avant remplissage.",Dioula,dyu,Dioula véhiculaire de Côte d’Ivoire (koïnè mandingue; non Kong/non Odienné),true,
PROVISIONAL_FRM_UNIT_09_MORCEAU,UNIT,Unité de vente orale.,LOW,morceau,morceau,,,DRAFT,"À faire valider en marché; vérifier que l’unité correspond bien à la pratique de vente locale visée. | Cellules linguistiques volontairement vides : aucune base suffisamment fiable et spécifique au dioula véhiculaire ivoirien n’a été établie pour cette intention, unité ou désignation de produit. Validation native requise avant remplissage.",Dioula,dyu,Dioula véhiculaire de Côte d’Ivoire (koïnè mandingue; non Kong/non Odienné),true,
PROVISIONAL_FRM_UNIT_10_LITRE,UNIT,Unité de vente orale.,LOW,litre,litre,,,DRAFT,"À faire valider en marché; vérifier que l’unité correspond bien à la pratique de vente locale visée. | Cellules linguistiques volontairement vides : aucune base suffisamment fiable et spécifique au dioula véhiculaire ivoirien n’a été établie pour cette intention, unité ou désignation de produit. Validation native requise avant remplissage.",Dioula,dyu,Dioula véhiculaire de Côte d’Ivoire (koïnè mandingue; non Kong/non Odienné),true,
PROVISIONAL_FRM_UNIT_11_REGIME,UNIT,Unité de vente orale.,LOW,régime,régime,,,DRAFT,"À faire valider en marché; vérifier que l’unité correspond bien à la pratique de vente locale visée. | Cellules linguistiques volontairement vides : aucune base suffisamment fiable et spécifique au dioula véhiculaire ivoirien n’a été établie pour cette intention, unité ou désignation de produit. Validation native requise avant remplissage.",Dioula,dyu,Dioula véhiculaire de Côte d’Ivoire (koïnè mandingue; non Kong/non Odienné),true,
PROVISIONAL_FRM_UNIT_12_CARTON,UNIT,Unité de vente orale.,LOW,carton,carton,,,DRAFT,"À faire valider en marché; vérifier que l’unité correspond bien à la pratique de vente locale visée. | Cellules linguistiques volontairement vides : aucune base suffisamment fiable et spécifique au dioula véhiculaire ivoirien n’a été établie pour cette intention, unité ou désignation de produit. Validation native requise avant remplissage.",Dioula,dyu,Dioula véhiculaire de Côte d’Ivoire (koïnè mandingue; non Kong/non Odienné),true,
PROVISIONAL_FRM_UNIT_13_CAISSE,UNIT,Unité de vente orale.,LOW,caisse,caisse,,,DRAFT,"À faire valider en marché; vérifier que l’unité correspond bien à la pratique de vente locale visée. | Cellules linguistiques volontairement vides : aucune base suffisamment fiable et spécifique au dioula véhiculaire ivoirien n’a été établie pour cette intention, unité ou désignation de produit. Validation native requise avant remplissage.",Dioula,dyu,Dioula véhiculaire de Côte d’Ivoire (koïnè mandingue; non Kong/non Odienné),true,
PROVISIONAL_FRM_UNIT_14_BOUTEILLE,UNIT,Unité de vente orale.,LOW,bouteille,bouteille,,,DRAFT,"À faire valider en marché; vérifier que l’unité correspond bien à la pratique de vente locale visée. | Cellules linguistiques volontairement vides : aucune base suffisamment fiable et spécifique au dioula véhiculaire ivoirien n’a été établie pour cette intention, unité ou désignation de produit. Validation native requise avant remplissage.",Dioula,dyu,Dioula véhiculaire de Côte d’Ivoire (koïnè mandingue; non Kong/non Odienné),true,
PROVISIONAL_FRM_UNIT_15_PANIER,UNIT,Unité de vente orale.,LOW,panier,panier,,,DRAFT,"À faire valider en marché; vérifier que l’unité correspond bien à la pratique de vente locale visée. | Cellules linguistiques volontairement vides : aucune base suffisamment fiable et spécifique au dioula véhiculaire ivoirien n’a été établie pour cette intention, unité ou désignation de produit. Validation native requise avant remplissage.",Dioula,dyu,Dioula véhiculaire de Côte d’Ivoire (koïnè mandingue; non Kong/non Odienné),true,
PROVISIONAL_FRM_UNIT_16_FRANC,UNIT,Dénomination monétaire orale; à associer à un nombre et au contexte.,HIGH,franc,franc,,,DRAFT,"À faire valider par deux locutrices ivoiriennes; tester compréhension du montant, du prix ou de la dette en situation de vente. | Cellules linguistiques volontairement vides : aucune base suffisamment fiable et spécifique au dioula véhiculaire ivoirien n’a été établie pour cette intention, unité ou désignation de produit. Validation native requise avant remplissage.",Dioula,dyu,Dioula véhiculaire de Côte d’Ivoire (koïnè mandingue; non Kong/non Odienné),true,
PROVISIONAL_FRM_UNIT_17_FCFA,UNIT,Dénomination monétaire orale; à associer à un nombre et au contexte.,HIGH,FCFA,franc CFA,,,DRAFT,"À faire valider par deux locutrices ivoiriennes; tester compréhension du montant, du prix ou de la dette en situation de vente. | Cellules linguistiques volontairement vides : aucune base suffisamment fiable et spécifique au dioula véhiculaire ivoirien n’a été établie pour cette intention, unité ou désignation de produit. Validation native requise avant remplissage.",Dioula,dyu,Dioula véhiculaire de Côte d’Ivoire (koïnè mandingue; non Kong/non Odienné),true,
PROVISIONAL_FRM_PRODUCT_01_TOMATE,PRODUCT,Nom de produit à annoncer ou saisir dans une vente; aucun identifiant produit métier n’est créé.,LOW,tomate,tomate,,,DRAFT,"À faire valider par une vendeuse ivoirienne; vérifier l’usage oral en marché avant toute intégration. | Cellules linguistiques volontairement vides : aucune base suffisamment fiable et spécifique au dioula véhiculaire ivoirien n’a été établie pour cette intention, unité ou désignation de produit. Validation native requise avant remplissage.",Dioula,dyu,Dioula véhiculaire de Côte d’Ivoire (koïnè mandingue; non Kong/non Odienné),true,
PROVISIONAL_FRM_PRODUCT_02_PIMENT,PRODUCT,Nom de produit à annoncer ou saisir dans une vente; aucun identifiant produit métier n’est créé.,LOW,piment,piment,,,DRAFT,"À faire valider par une vendeuse ivoirienne; vérifier l’usage oral en marché avant toute intégration. | Cellules linguistiques volontairement vides : aucune base suffisamment fiable et spécifique au dioula véhiculaire ivoirien n’a été établie pour cette intention, unité ou désignation de produit. Validation native requise avant remplissage.",Dioula,dyu,Dioula véhiculaire de Côte d’Ivoire (koïnè mandingue; non Kong/non Odienné),true,
PROVISIONAL_FRM_PRODUCT_03_GOMBO,PRODUCT,Nom de produit à annoncer ou saisir dans une vente; aucun identifiant produit métier n’est créé.,LOW,gombo,gombo,,,DRAFT,"À faire valider par une vendeuse ivoirienne; vérifier l’usage oral en marché avant toute intégration. | Cellules linguistiques volontairement vides : aucune base suffisamment fiable et spécifique au dioula véhiculaire ivoirien n’a été établie pour cette intention, unité ou désignation de produit. Validation native requise avant remplissage.",Dioula,dyu,Dioula véhiculaire de Côte d’Ivoire (koïnè mandingue; non Kong/non Odienné),true,
PROVISIONAL_FRM_PRODUCT_04_ATTIEKE,PRODUCT,Nom de produit à annoncer ou saisir dans une vente; aucun identifiant produit métier n’est créé.,LOW,attiéké,attiéké,,,DRAFT,"À faire valider par une vendeuse ivoirienne; vérifier l’usage oral en marché avant toute intégration. | Cellules linguistiques volontairement vides : aucune base suffisamment fiable et spécifique au dioula véhiculaire ivoirien n’a été établie pour cette intention, unité ou désignation de produit. Validation native requise avant remplissage.",Dioula,dyu,Dioula véhiculaire de Côte d’Ivoire (koïnè mandingue; non Kong/non Odienné),true,
PROVISIONAL_FRM_PRODUCT_05_BANANE,PRODUCT,Nom de produit à annoncer ou saisir dans une vente; aucun identifiant produit métier n’est créé.,LOW,banane,banane,,,DRAFT,"À faire valider par une vendeuse ivoirienne; vérifier l’usage oral en marché avant toute intégration. | Cellules linguistiques volontairement vides : aucune base suffisamment fiable et spécifique au dioula véhiculaire ivoirien n’a été établie pour cette intention, unité ou désignation de produit. Validation native requise avant remplissage.",Dioula,dyu,Dioula véhiculaire de Côte d’Ivoire (koïnè mandingue; non Kong/non Odienné),true,
PROVISIONAL_FRM_PRODUCT_06_PLANTAIN,PRODUCT,Nom de produit à annoncer ou saisir dans une vente; aucun identifiant produit métier n’est créé.,LOW,plantain,plantain,,,DRAFT,"À faire valider par une vendeuse ivoirienne; vérifier l’usage oral en marché avant toute intégration. | Cellules linguistiques volontairement vides : aucune base suffisamment fiable et spécifique au dioula véhiculaire ivoirien n’a été établie pour cette intention, unité ou désignation de produit. Validation native requise avant remplissage.",Dioula,dyu,Dioula véhiculaire de Côte d’Ivoire (koïnè mandingue; non Kong/non Odienné),true,
PROVISIONAL_FRM_PRODUCT_07_IGNAME,PRODUCT,Nom de produit à annoncer ou saisir dans une vente; aucun identifiant produit métier n’est créé.,LOW,igname,igname,,,DRAFT,"À faire valider par une vendeuse ivoirienne; vérifier l’usage oral en marché avant toute intégration. | Cellules linguistiques volontairement vides : aucune base suffisamment fiable et spécifique au dioula véhiculaire ivoirien n’a été établie pour cette intention, unité ou désignation de produit. Validation native requise avant remplissage.",Dioula,dyu,Dioula véhiculaire de Côte d’Ivoire (koïnè mandingue; non Kong/non Odienné),true,
PROVISIONAL_FRM_PRODUCT_08_MANIOC,PRODUCT,Nom de produit à annoncer ou saisir dans une vente; aucun identifiant produit métier n’est créé.,LOW,manioc,manioc,,,DRAFT,"À faire valider par une vendeuse ivoirienne; vérifier l’usage oral en marché avant toute intégration. | Cellules linguistiques volontairement vides : aucune base suffisamment fiable et spécifique au dioula véhiculaire ivoirien n’a été établie pour cette intention, unité ou désignation de produit. Validation native requise avant remplissage.",Dioula,dyu,Dioula véhiculaire de Côte d’Ivoire (koïnè mandingue; non Kong/non Odienné),true,
PROVISIONAL_FRM_PRODUCT_09_AUBERGINE,PRODUCT,Nom de produit à annoncer ou saisir dans une vente; aucun identifiant produit métier n’est créé.,LOW,aubergine,aubergine,,,DRAFT,"À faire valider par une vendeuse ivoirienne; vérifier l’usage oral en marché avant toute intégration. | Cellules linguistiques volontairement vides : aucune base suffisamment fiable et spécifique au dioula véhiculaire ivoirien n’a été établie pour cette intention, unité ou désignation de produit. Validation native requise avant remplissage.",Dioula,dyu,Dioula véhiculaire de Côte d’Ivoire (koïnè mandingue; non Kong/non Odienné),true,
PROVISIONAL_FRM_PRODUCT_10_OIGNON,PRODUCT,Nom de produit à annoncer ou saisir dans une vente; aucun identifiant produit métier n’est créé.,LOW,oignon,oignon,,,DRAFT,"À faire valider par une vendeuse ivoirienne; vérifier l’usage oral en marché avant toute intégration. | Cellules linguistiques volontairement vides : aucune base suffisamment fiable et spécifique au dioula véhiculaire ivoirien n’a été établie pour cette intention, unité ou désignation de produit. Validation native requise avant remplissage.",Dioula,dyu,Dioula véhiculaire de Côte d’Ivoire (koïnè mandingue; non Kong/non Odienné),true,
PROVISIONAL_FRM_PRODUCT_11_AIL,PRODUCT,Nom de produit à annoncer ou saisir dans une vente; aucun identifiant produit métier n’est créé.,LOW,ail,ail,,,DRAFT,"À faire valider par une vendeuse ivoirienne; vérifier l’usage oral en marché avant toute intégration. | Cellules linguistiques volontairement vides : aucune base suffisamment fiable et spécifique au dioula véhiculaire ivoirien n’a été établie pour cette intention, unité ou désignation de produit. Validation native requise avant remplissage.",Dioula,dyu,Dioula véhiculaire de Côte d’Ivoire (koïnè mandingue; non Kong/non Odienné),true,
PROVISIONAL_FRM_PRODUCT_12_POISSON,PRODUCT,Nom de produit à annoncer ou saisir dans une vente; aucun identifiant produit métier n’est créé.,LOW,poisson,poisson,,,DRAFT,"À faire valider par une vendeuse ivoirienne; vérifier l’usage oral en marché avant toute intégration. | Cellules linguistiques volontairement vides : aucune base suffisamment fiable et spécifique au dioula véhiculaire ivoirien n’a été établie pour cette intention, unité ou désignation de produit. Validation native requise avant remplissage.",Dioula,dyu,Dioula véhiculaire de Côte d’Ivoire (koïnè mandingue; non Kong/non Odienné),true,
PROVISIONAL_FRM_PRODUCT_13_VIANDE,PRODUCT,Nom de produit à annoncer ou saisir dans une vente; aucun identifiant produit métier n’est créé.,LOW,viande,viande,,,DRAFT,"À faire valider par une vendeuse ivoirienne; vérifier l’usage oral en marché avant toute intégration. | Cellules linguistiques volontairement vides : aucune base suffisamment fiable et spécifique au dioula véhiculaire ivoirien n’a été établie pour cette intention, unité ou désignation de produit. Validation native requise avant remplissage.",Dioula,dyu,Dioula véhiculaire de Côte d’Ivoire (koïnè mandingue; non Kong/non Odienné),true,
PROVISIONAL_FRM_PRODUCT_14_POULET,PRODUCT,Nom de produit à annoncer ou saisir dans une vente; aucun identifiant produit métier n’est créé.,LOW,poulet,poulet,,,DRAFT,"À faire valider par une vendeuse ivoirienne; vérifier l’usage oral en marché avant toute intégration. | Cellules linguistiques volontairement vides : aucune base suffisamment fiable et spécifique au dioula véhiculaire ivoirien n’a été établie pour cette intention, unité ou désignation de produit. Validation native requise avant remplissage.",Dioula,dyu,Dioula véhiculaire de Côte d’Ivoire (koïnè mandingue; non Kong/non Odienné),true,
PROVISIONAL_FRM_PRODUCT_15_HUILE,PRODUCT,Nom de produit à annoncer ou saisir dans une vente; aucun identifiant produit métier n’est créé.,LOW,huile,huile,,,DRAFT,"À faire valider par une vendeuse ivoirienne; vérifier l’usage oral en marché avant toute intégration. | Cellules linguistiques volontairement vides : aucune base suffisamment fiable et spécifique au dioula véhiculaire ivoirien n’a été établie pour cette intention, unité ou désignation de produit. Validation native requise avant remplissage.",Dioula,dyu,Dioula véhiculaire de Côte d’Ivoire (koïnè mandingue; non Kong/non Odienné),true,
PROVISIONAL_FRM_PRODUCT_16_SEL,PRODUCT,Nom de produit à annoncer ou saisir dans une vente; aucun identifiant produit métier n’est créé.,LOW,sel,sel,,,DRAFT,"À faire valider par une vendeuse ivoirienne; vérifier l’usage oral en marché avant toute intégration. | Cellules linguistiques volontairement vides : aucune base suffisamment fiable et spécifique au dioula véhiculaire ivoirien n’a été établie pour cette intention, unité ou désignation de produit. Validation native requise avant remplissage.",Dioula,dyu,Dioula véhiculaire de Côte d’Ivoire (koïnè mandingue; non Kong/non Odienné),true,
PROVISIONAL_FRM_PRODUCT_17_SUCRE,PRODUCT,Nom de produit à annoncer ou saisir dans une vente; aucun identifiant produit métier n’est créé.,LOW,sucre,sucre,,,DRAFT,"À faire valider par une vendeuse ivoirienne; vérifier l’usage oral en marché avant toute intégration. | Cellules linguistiques volontairement vides : aucune base suffisamment fiable et spécifique au dioula véhiculaire ivoirien n’a été établie pour cette intention, unité ou désignation de produit. Validation native requise avant remplissage.",Dioula,dyu,Dioula véhiculaire de Côte d’Ivoire (koïnè mandingue; non Kong/non Odienné),true,
PROVISIONAL_FRM_PRODUCT_18_RIZ,PRODUCT,Nom de produit à annoncer ou saisir dans une vente; aucun identifiant produit métier n’est créé.,LOW,riz,riz,,,DRAFT,"À faire valider par une vendeuse ivoirienne; vérifier l’usage oral en marché avant toute intégration. | Cellules linguistiques volontairement vides : aucune base suffisamment fiable et spécifique au dioula véhiculaire ivoirien n’a été établie pour cette intention, unité ou désignation de produit. Validation native requise avant remplissage.",Dioula,dyu,Dioula véhiculaire de Côte d’Ivoire (koïnè mandingue; non Kong/non Odienné),true,
PROVISIONAL_FRM_PRODUCT_19_HARICOT,PRODUCT,Nom de produit à annoncer ou saisir dans une vente; aucun identifiant produit métier n’est créé.,LOW,haricot,haricot,,,DRAFT,"À faire valider par une vendeuse ivoirienne; vérifier l’usage oral en marché avant toute intégration. | Cellules linguistiques volontairement vides : aucune base suffisamment fiable et spécifique au dioula véhiculaire ivoirien n’a été établie pour cette intention, unité ou désignation de produit. Validation native requise avant remplissage.",Dioula,dyu,Dioula véhiculaire de Côte d’Ivoire (koïnè mandingue; non Kong/non Odienné),true,
PROVISIONAL_FRM_PRODUCT_20_MAIS,PRODUCT,Nom de produit à annoncer ou saisir dans une vente; aucun identifiant produit métier n’est créé.,LOW,maïs,maïs,,,DRAFT,"À faire valider par une vendeuse ivoirienne; vérifier l’usage oral en marché avant toute intégration. | Cellules linguistiques volontairement vides : aucune base suffisamment fiable et spécifique au dioula véhiculaire ivoirien n’a été établie pour cette intention, unité ou désignation de produit. Validation native requise avant remplissage.",Dioula,dyu,Dioula véhiculaire de Côte d’Ivoire (koïnè mandingue; non Kong/non Odienné),true,
PROVISIONAL_FRM_PRODUCT_21_FOUTOU,PRODUCT,Nom de produit à annoncer ou saisir dans une vente; aucun identifiant produit métier n’est créé.,LOW,foutou,foutou,,,DRAFT,"À faire valider par une vendeuse ivoirienne; vérifier l’usage oral en marché avant toute intégration. | Cellules linguistiques volontairement vides : aucune base suffisamment fiable et spécifique au dioula véhiculaire ivoirien n’a été établie pour cette intention, unité ou désignation de produit. Validation native requise avant remplissage.",Dioula,dyu,Dioula véhiculaire de Côte d’Ivoire (koïnè mandingue; non Kong/non Odienné),true,
PROVISIONAL_FRM_PRODUCT_22_ORANGE,PRODUCT,Nom de produit à annoncer ou saisir dans une vente; aucun identifiant produit métier n’est créé.,LOW,orange,orange,,,DRAFT,"À faire valider par une vendeuse ivoirienne; vérifier l’usage oral en marché avant toute intégration. | Cellules linguistiques volontairement vides : aucune base suffisamment fiable et spécifique au dioula véhiculaire ivoirien n’a été établie pour cette intention, unité ou désignation de produit. Validation native requise avant remplissage.",Dioula,dyu,Dioula véhiculaire de Côte d’Ivoire (koïnè mandingue; non Kong/non Odienné),true,
PROVISIONAL_FRM_PRODUCT_23_SAVON,PRODUCT,Nom de produit à annoncer ou saisir dans une vente; aucun identifiant produit métier n’est créé.,LOW,savon,savon,,,DRAFT,"À faire valider par une vendeuse ivoirienne; vérifier l’usage oral en marché avant toute intégration. | Cellules linguistiques volontairement vides : aucune base suffisamment fiable et spécifique au dioula véhiculaire ivoirien n’a été établie pour cette intention, unité ou désignation de produit. Validation native requise avant remplissage.",Dioula,dyu,Dioula véhiculaire de Côte d’Ivoire (koïnè mandingue; non Kong/non Odienné),true,
PROVISIONAL_FRM_PRODUCT_24_FARINE,PRODUCT,Nom de produit à annoncer ou saisir dans une vente; aucun identifiant produit métier n’est créé.,LOW,farine,farine,,,DRAFT,"À faire valider par une vendeuse ivoirienne; vérifier l’usage oral en marché avant toute intégration. | Cellules linguistiques volontairement vides : aucune base suffisamment fiable et spécifique au dioula véhiculaire ivoirien n’a été établie pour cette intention, unité ou désignation de produit. Validation native requise avant remplissage.",Dioula,dyu,Dioula véhiculaire de Côte d’Ivoire (koïnè mandingue; non Kong/non Odienné),true,
PROVISIONAL_FRM_PRODUCT_25_JUS,PRODUCT,Nom de produit à annoncer ou saisir dans une vente; aucun identifiant produit métier n’est créé.,LOW,jus,jus,,,DRAFT,"À faire valider par une vendeuse ivoirienne; vérifier l’usage oral en marché avant toute intégration. | Cellules linguistiques volontairement vides : aucune base suffisamment fiable et spécifique au dioula véhiculaire ivoirien n’a été établie pour cette intention, unité ou désignation de produit. Validation native requise avant remplissage.",Dioula,dyu,Dioula véhiculaire de Côte d’Ivoire (koïnè mandingue; non Kong/non Odienné),true,
PROVISIONAL_FRM_PRODUCT_26_LAIT,PRODUCT,Nom de produit à annoncer ou saisir dans une vente; aucun identifiant produit métier n’est créé.,LOW,lait,lait,,,DRAFT,"À faire valider par une vendeuse ivoirienne; vérifier l’usage oral en marché avant toute intégration. | Cellules linguistiques volontairement vides : aucune base suffisamment fiable et spécifique au dioula véhiculaire ivoirien n’a été établie pour cette intention, unité ou désignation de produit. Validation native requise avant remplissage.",Dioula,dyu,Dioula véhiculaire de Côte d’Ivoire (koïnè mandingue; non Kong/non Odienné),true,
