PROVISIONAL_KEY,CATEGORY,CONTEXT,MONEY_CRITICALITY,FR_SOURCE,FR_MARCHE,TTS_CANONICAL,STT_VARIANTS,STATUS,VALIDATION_NOTE,LANGUAGE,LANGUAGE_CODE,LANGUAGE_VARIETY,VALIDATION_NATIVE_REQUISE,RISK_NOTE
PROVISIONAL_FRM_INTENT_01,FINANCIAL_PRIORITY_INTENT,Commande orale d’encaissement; elle ne vaut pas confirmation métier du paiement.,CRITICAL,Encaisse.,Encaisse ça.,,,DRAFT,À faire valider par deux locutrices ivoiriennes; tester en situation d’encaissement et confirmer que la formulation ne contourne aucune règle métier. | Cellules linguistiques volontairement vides : contenu financier/prix/unité monétaire laissé vide faute de validation native solide en situation de marché. Ne pas déduire ni employer pour une confirmation ou une action de paiement.,Gouro,goa,Gouro de Zuénoula (goa) ; variantes Sinfra/Vavoua/Nord/Sud exclues sauf mention explicite,true,
PROVISIONAL_FRM_INTENT_02,FINANCIAL_PRIORITY_INTENT,Demande du montant encore dû par une cliente.,CRITICAL,Combien elle doit ?,Elle doit combien ?,,,DRAFT,À faire valider par deux locutrices ivoiriennes; tester en situation d’encaissement et confirmer que la formulation ne contourne aucune règle métier. | Cellules linguistiques volontairement vides : contenu financier/prix/unité monétaire laissé vide faute de validation native solide en situation de marché. Ne pas déduire ni employer pour une confirmation ou une action de paiement.,Gouro,goa,Gouro de Zuénoula (goa) ; variantes Sinfra/Vavoua/Nord/Sud exclues sauf mention explicite,true,
PROVISIONAL_FRM_INTENT_03,FINANCIAL_PRIORITY_INTENT,Accord oral avant une validation; la confirmation métier reste distincte.,CRITICAL,"Oui, valide.","Oui, tu peux valider.",,,DRAFT,À faire valider par deux locutrices ivoiriennes; tester en situation d’encaissement et confirmer que la formulation ne contourne aucune règle métier. | Cellules linguistiques volontairement vides : contenu financier/prix/unité monétaire laissé vide faute de validation native solide en situation de marché. Ne pas déduire ni employer pour une confirmation ou une action de paiement.,Gouro,goa,Gouro de Zuénoula (goa) ; variantes Sinfra/Vavoua/Nord/Sud exclues sauf mention explicite,true,
PROVISIONAL_FRM_INTENT_04,FINANCIAL_PRIORITY_INTENT,Refus ou demande d’annulation avant confirmation métier.,CRITICAL,Non / annule.,"Non, annule.",,,DRAFT,À faire valider par deux locutrices ivoiriennes; tester en situation d’encaissement et confirmer que la formulation ne contourne aucune règle métier. | Cellules linguistiques volontairement vides : contenu financier/prix/unité monétaire laissé vide faute de validation native solide en situation de marché. Ne pas déduire ni employer pour une confirmation ou une action de paiement.,Gouro,goa,Gouro de Zuénoula (goa) ; variantes Sinfra/Vavoua/Nord/Sud exclues sauf mention explicite,true,
PROVISIONAL_FRM_INTENT_05,FINANCIAL_PRIORITY_INTENT,Annonce d’un montant manquant dans le paiement.,CRITICAL,Il manque {montant} francs.,Il manque {montant} francs.,,,DRAFT,À faire valider par deux locutrices ivoiriennes; tester en situation d’encaissement et confirmer que la formulation ne contourne aucune règle métier. | Cellules linguistiques volontairement vides : contenu financier/prix/unité monétaire laissé vide faute de validation native solide en situation de marché. Ne pas déduire ni employer pour une confirmation ou une action de paiement.,Gouro,goa,Gouro de Zuénoula (goa) ; variantes Sinfra/Vavoua/Nord/Sud exclues sauf mention explicite,true,
PROVISIONAL_FRM_INTENT_06,FINANCIAL_PRIORITY_INTENT,Demande de vérifier le calcul ou le compte avant la suite.,CRITICAL,Compte juste.,Vérifie bien le compte.,,,DRAFT,À faire valider par deux locutrices ivoiriennes; tester en situation d’encaissement et confirmer que la formulation ne contourne aucune règle métier. | Cellules linguistiques volontairement vides : contenu financier/prix/unité monétaire laissé vide faute de validation native solide en situation de marché. Ne pas déduire ni employer pour une confirmation ou une action de paiement.,Gouro,goa,Gouro de Zuénoula (goa) ; variantes Sinfra/Vavoua/Nord/Sud exclues sauf mention explicite,true,
PROVISIONAL_FRM_INTENT_07,FINANCIAL_PRIORITY_INTENT,Annonce du montant effectivement remis par la cliente.,CRITICAL,Elle a donné {recu} francs.,Elle a donné {recu} francs.,,,DRAFT,À faire valider par deux locutrices ivoiriennes; tester en situation d’encaissement et confirmer que la formulation ne contourne aucune règle métier. | Cellules linguistiques volontairement vides : contenu financier/prix/unité monétaire laissé vide faute de validation native solide en situation de marché. Ne pas déduire ni employer pour une confirmation ou une action de paiement.,Gouro,goa,Gouro de Zuénoula (goa) ; variantes Sinfra/Vavoua/Nord/Sud exclues sauf mention explicite,true,
PROVISIONAL_FRM_INTENT_08,FINANCIAL_PRIORITY_INTENT,Annonce de la monnaie à rendre à la cliente.,CRITICAL,Tu rends {monnaie} francs.,Tu lui rends {monnaie} francs.,,,DRAFT,À faire valider par deux locutrices ivoiriennes; tester en situation d’encaissement et confirmer que la formulation ne contourne aucune règle métier. | Cellules linguistiques volontairement vides : contenu financier/prix/unité monétaire laissé vide faute de validation native solide en situation de marché. Ne pas déduire ni employer pour une confirmation ou une action de paiement.,Gouro,goa,Gouro de Zuénoula (goa) ; variantes Sinfra/Vavoua/Nord/Sud exclues sauf mention explicite,true,
PROVISIONAL_FRM_INTENT_09,FINANCIAL_PRIORITY_INTENT,Annonce du total dû par la cliente.,CRITICAL,Elle doit {total} francs.,Elle doit {total} francs.,,,DRAFT,À faire valider par deux locutrices ivoiriennes; tester en situation d’encaissement et confirmer que la formulation ne contourne aucune règle métier. | Cellules linguistiques volontairement vides : contenu financier/prix/unité monétaire laissé vide faute de validation native solide en situation de marché. Ne pas déduire ni employer pour une confirmation ou une action de paiement.,Gouro,goa,Gouro de Zuénoula (goa) ; variantes Sinfra/Vavoua/Nord/Sud exclues sauf mention explicite,true,
PROVISIONAL_FRM_INTENT_10,FINANCIAL_PRIORITY_INTENT,Demande orale de validation avant l’action métier.,CRITICAL,Je valide ?,Je valide ça ?,,,DRAFT,À faire valider par deux locutrices ivoiriennes; tester en situation d’encaissement et confirmer que la formulation ne contourne aucune règle métier. | Cellules linguistiques volontairement vides : contenu financier/prix/unité monétaire laissé vide faute de validation native solide en situation de marché. Ne pas déduire ni employer pour une confirmation ou une action de paiement.,Gouro,goa,Gouro de Zuénoula (goa) ; variantes Sinfra/Vavoua/Nord/Sud exclues sauf mention explicite,true,
PROVISIONAL_FRM_INTENT_11,FINANCIAL_PRIORITY_INTENT,Question sur le prix d’un seul article.,HIGH,Prix d’un seul.,"Un seul, c’est combien ?",,,DRAFT,"À faire valider par deux locutrices ivoiriennes; tester compréhension du montant, du prix ou de la dette en situation de vente. | Cellules linguistiques volontairement vides : contenu financier/prix/unité monétaire laissé vide faute de validation native solide en situation de marché. Ne pas déduire ni employer pour une confirmation ou une action de paiement.",Gouro,goa,Gouro de Zuénoula (goa) ; variantes Sinfra/Vavoua/Nord/Sud exclues sauf mention explicite,true,
PROVISIONAL_FRM_INTENT_12,FINANCIAL_PRIORITY_INTENT,Question sur le prix total de l’ensemble présenté.,HIGH,Prix du tout.,"Tout ça, c’est combien ?",,,DRAFT,"À faire valider par deux locutrices ivoiriennes; tester compréhension du montant, du prix ou de la dette en situation de vente. | Cellules linguistiques volontairement vides : contenu financier/prix/unité monétaire laissé vide faute de validation native solide en situation de marché. Ne pas déduire ni employer pour une confirmation ou une action de paiement.",Gouro,goa,Gouro de Zuénoula (goa) ; variantes Sinfra/Vavoua/Nord/Sud exclues sauf mention explicite,true,
PROVISIONAL_FRM_INTENT_13,FINANCIAL_PRIORITY_INTENT,Question générale sur le montant à payer ou le total.,HIGH,Combien ?,Ça fait combien ?,,,DRAFT,"À faire valider par deux locutrices ivoiriennes; tester compréhension du montant, du prix ou de la dette en situation de vente. | Cellules linguistiques volontairement vides : contenu financier/prix/unité monétaire laissé vide faute de validation native solide en situation de marché. Ne pas déduire ni employer pour une confirmation ou une action de paiement.",Gouro,goa,Gouro de Zuénoula (goa) ; variantes Sinfra/Vavoua/Nord/Sud exclues sauf mention explicite,true,
PROVISIONAL_FRM_INTENT_14,FINANCIAL_PRIORITY_INTENT,Question sur le prix d’un produit ou d’une quantité montrée.,HIGH,C’est à combien ?,C’est à combien ?,,,DRAFT,"À faire valider par deux locutrices ivoiriennes; tester compréhension du montant, du prix ou de la dette en situation de vente. | Cellules linguistiques volontairement vides : contenu financier/prix/unité monétaire laissé vide faute de validation native solide en situation de marché. Ne pas déduire ni employer pour une confirmation ou une action de paiement.",Gouro,goa,Gouro de Zuénoula (goa) ; variantes Sinfra/Vavoua/Nord/Sud exclues sauf mention explicite,true,
PROVISIONAL_FRM_INTENT_15,FINANCIAL_PRIORITY_INTENT,Question ouverte sur le produit ou l’article vendu.,LOW,Tu as vendu quoi ?,Tu as vendu quoi ?,,,DRAFT,À faire valider par une vendeuse ivoirienne; vérifier l’usage oral en marché avant toute intégration. | Cellules linguistiques volontairement vides : contenu financier/prix/unité monétaire laissé vide faute de validation native solide en situation de marché. Ne pas déduire ni employer pour une confirmation ou une action de paiement.,Gouro,goa,Gouro de Zuénoula (goa) ; variantes Sinfra/Vavoua/Nord/Sud exclues sauf mention explicite,true,
PROVISIONAL_FRM_NUMBER_000,NUMBER_0_100,Lecture isolée d’un nombre pour une quantité ou un montant; l’unité et le contexte doivent être ajoutés.,MEDIUM,zéro,zéro,,,DRAFT,"À faire valider par une locutrice ivoirienne; tester articulation TTS et reconnaissance STT isolée, puis en contexte de quantité et de montant. | Cellules linguistiques volontairement vides : aucune forme suffisamment sûre, générique et attribuable au gouro de Zuénoula n’a été établie pour cette entrée. Ne pas déduire une forme par analogie ; validation native requise avant remplissage.",Gouro,goa,Gouro de Zuénoula (goa) ; variantes Sinfra/Vavoua/Nord/Sud exclues sauf mention explicite,true,
PROVISIONAL_FRM_NUMBER_001,NUMBER_0_100,Lecture isolée d’un nombre pour une quantité ou un montant; l’unité et le contexte doivent être ajoutés.,MEDIUM,un,un,dʋ,dʋ,DRAFT,"À faire valider par une locutrice ivoirienne; tester articulation TTS et reconnaissance STT isolée, puis en contexte de quantité et de montant. | Base documentaire Zuénoula : Kuznetsova & Kuznetsova (2021), Dictionnaire gouro-français, dʋ — numéral « un ». Attestation lexicale isolée uniquement : prononciation, ton, adéquation marchande et couverture STT à faire valider par locuteur·rice natif·ve.",Gouro,goa,Gouro de Zuénoula (goa) ; variantes Sinfra/Vavoua/Nord/Sud exclues sauf mention explicite,true,
PROVISIONAL_FRM_NUMBER_002,NUMBER_0_100,Lecture isolée d’un nombre pour une quantité ou un montant; l’unité et le contexte doivent être ajoutés.,MEDIUM,deux,deux,fíé,fíé,DRAFT,"À faire valider par une locutrice ivoirienne; tester articulation TTS et reconnaissance STT isolée, puis en contexte de quantité et de montant. | Base documentaire Zuénoula : Kuznetsova & Kuznetsova (2021), Dictionnaire gouro-français, fíé — numéral « deux ». Attestation lexicale isolée uniquement : prononciation, ton, adéquation marchande et couverture STT à faire valider par locuteur·rice natif·ve.",Gouro,goa,Gouro de Zuénoula (goa) ; variantes Sinfra/Vavoua/Nord/Sud exclues sauf mention explicite,true,
PROVISIONAL_FRM_NUMBER_003,NUMBER_0_100,Lecture isolée d’un nombre pour une quantité ou un montant; l’unité et le contexte doivent être ajoutés.,MEDIUM,trois,trois,yaá,yaá,DRAFT,"À faire valider par une locutrice ivoirienne; tester articulation TTS et reconnaissance STT isolée, puis en contexte de quantité et de montant. | Base documentaire Zuénoula : Kuznetsova & Kuznetsova (2021), Dictionnaire gouro-français, yaá — numéral « trois ». Attestation lexicale isolée uniquement : prononciation, ton, adéquation marchande et couverture STT à faire valider par locuteur·rice natif·ve.",Gouro,goa,Gouro de Zuénoula (goa) ; variantes Sinfra/Vavoua/Nord/Sud exclues sauf mention explicite,true,
PROVISIONAL_FRM_NUMBER_004,NUMBER_0_100,Lecture isolée d’un nombre pour une quantité ou un montant; l’unité et le contexte doivent être ajoutés.,MEDIUM,quatre,quatre,zìɛ́n,zìɛ́n,DRAFT,"À faire valider par une locutrice ivoirienne; tester articulation TTS et reconnaissance STT isolée, puis en contexte de quantité et de montant. | Base documentaire Zuénoula : Kuznetsova & Kuznetsova (2021), Dictionnaire gouro-français, zìɛ́n — numéral « quatre ». Attestation lexicale isolée uniquement : prononciation, ton, adéquation marchande et couverture STT à faire valider par locuteur·rice natif·ve.",Gouro,goa,Gouro de Zuénoula (goa) ; variantes Sinfra/Vavoua/Nord/Sud exclues sauf mention explicite,true,
PROVISIONAL_FRM_NUMBER_005,NUMBER_0_100,Lecture isolée d’un nombre pour une quantité ou un montant; l’unité et le contexte doivent être ajoutés.,MEDIUM,cinq,cinq,sólú,sólú,DRAFT,"À faire valider par une locutrice ivoirienne; tester articulation TTS et reconnaissance STT isolée, puis en contexte de quantité et de montant. | Base documentaire Zuénoula : Kuznetsova & Kuznetsova (2021), Dictionnaire gouro-français, sólú — numéral « cinq ». Attestation lexicale isolée uniquement : prononciation, ton, adéquation marchande et couverture STT à faire valider par locuteur·rice natif·ve.",Gouro,goa,Gouro de Zuénoula (goa) ; variantes Sinfra/Vavoua/Nord/Sud exclues sauf mention explicite,true,
PROVISIONAL_FRM_NUMBER_006,NUMBER_0_100,Lecture isolée d’un nombre pour une quantité ou un montant; l’unité et le contexte doivent être ajoutés.,MEDIUM,six,six,suɛdʋ,suɛdʋ | suɛlʋ,DRAFT,"À faire valider par une locutrice ivoirienne; tester articulation TTS et reconnaissance STT isolée, puis en contexte de quantité et de montant. | Base documentaire Zuénoula : Kuznetsova & Kuznetsova (2021), Dictionnaire gouro-français, suɛdʋ, suɛlʋ — numéral « six ». Attestation lexicale isolée uniquement : prononciation, ton, adéquation marchande et couverture STT à faire valider par locuteur·rice natif·ve.",Gouro,goa,Gouro de Zuénoula (goa) ; variantes Sinfra/Vavoua/Nord/Sud exclues sauf mention explicite,true,
PROVISIONAL_FRM_NUMBER_007,NUMBER_0_100,Lecture isolée d’un nombre pour une quantité ou un montant; l’unité et le contexte doivent être ajoutés.,MEDIUM,sept,sept,,,DRAFT,"À faire valider par une locutrice ivoirienne; tester articulation TTS et reconnaissance STT isolée, puis en contexte de quantité et de montant. | Cellules linguistiques volontairement vides : aucune forme suffisamment sûre, générique et attribuable au gouro de Zuénoula n’a été établie pour cette entrée. Ne pas déduire une forme par analogie ; validation native requise avant remplissage.",Gouro,goa,Gouro de Zuénoula (goa) ; variantes Sinfra/Vavoua/Nord/Sud exclues sauf mention explicite,true,
PROVISIONAL_FRM_NUMBER_008,NUMBER_0_100,Lecture isolée d’un nombre pour une quantité ou un montant; l’unité et le contexte doivent être ajoutés.,MEDIUM,huit,huit,sʋlaá,sʋlaá,DRAFT,"À faire valider par une locutrice ivoirienne; tester articulation TTS et reconnaissance STT isolée, puis en contexte de quantité et de montant. | Base documentaire Zuénoula : Kuznetsova & Kuznetsova (2021), Dictionnaire gouro-français, sʋlaá — « huit » attribué à Zuénoula par le renvoi de l’entrée yaá; les variantes Sinfra sont exclues. Attestation lexicale isolée uniquement : prononciation, ton, adéquation marchande et couverture STT à faire valider par locuteur·rice natif·ve.",Gouro,goa,Gouro de Zuénoula (goa) ; variantes Sinfra/Vavoua/Nord/Sud exclues sauf mention explicite,true,
PROVISIONAL_FRM_NUMBER_009,NUMBER_0_100,Lecture isolée d’un nombre pour une quantité ou un montant; l’unité et le contexte doivent être ajoutés.,MEDIUM,neuf,neuf,sʋlàzìɛ́n,sʋlàzìɛ́n,DRAFT,"À faire valider par une locutrice ivoirienne; tester articulation TTS et reconnaissance STT isolée, puis en contexte de quantité et de montant. | Base documentaire Zuénoula : Kuznetsova & Kuznetsova (2021), Dictionnaire gouro-français, sʋlàzìɛ́n — numéral « neuf ». Attestation lexicale isolée uniquement : prononciation, ton, adéquation marchande et couverture STT à faire valider par locuteur·rice natif·ve.",Gouro,goa,Gouro de Zuénoula (goa) ; variantes Sinfra/Vavoua/Nord/Sud exclues sauf mention explicite,true,
PROVISIONAL_FRM_NUMBER_010,NUMBER_0_100,Lecture isolée d’un nombre pour une quantité ou un montant; l’unité et le contexte doivent être ajoutés.,MEDIUM,dix,dix,vu,vu,DRAFT,"À faire valider par une locutrice ivoirienne; tester articulation TTS et reconnaissance STT isolée, puis en contexte de quantité et de montant. | Base documentaire Zuénoula : Kuznetsova & Kuznetsova (2021), Dictionnaire gouro-français, vu — numéral « dix ». Attestation lexicale isolée uniquement : prononciation, ton, adéquation marchande et couverture STT à faire valider par locuteur·rice natif·ve.",Gouro,goa,Gouro de Zuénoula (goa) ; variantes Sinfra/Vavoua/Nord/Sud exclues sauf mention explicite,true,
PROVISIONAL_FRM_NUMBER_011,NUMBER_0_100,Lecture isolée d’un nombre pour une quantité ou un montant; l’unité et le contexte doivent être ajoutés.,MEDIUM,onze,onze,,,DRAFT,"À faire valider par une locutrice ivoirienne; tester articulation TTS et reconnaissance STT isolée, puis en contexte de quantité et de montant. | Cellules linguistiques volontairement vides : aucune forme suffisamment sûre, générique et attribuable au gouro de Zuénoula n’a été établie pour cette entrée. Ne pas déduire une forme par analogie ; validation native requise avant remplissage.",Gouro,goa,Gouro de Zuénoula (goa) ; variantes Sinfra/Vavoua/Nord/Sud exclues sauf mention explicite,true,
PROVISIONAL_FRM_NUMBER_012,NUMBER_0_100,Lecture isolée d’un nombre pour une quantité ou un montant; l’unité et le contexte doivent être ajoutés.,MEDIUM,douze,douze,,,DRAFT,"À faire valider par une locutrice ivoirienne; tester articulation TTS et reconnaissance STT isolée, puis en contexte de quantité et de montant. | Cellules linguistiques volontairement vides : aucune forme suffisamment sûre, générique et attribuable au gouro de Zuénoula n’a été établie pour cette entrée. Ne pas déduire une forme par analogie ; validation native requise avant remplissage.",Gouro,goa,Gouro de Zuénoula (goa) ; variantes Sinfra/Vavoua/Nord/Sud exclues sauf mention explicite,true,
PROVISIONAL_FRM_NUMBER_013,NUMBER_0_100,Lecture isolée d’un nombre pour une quantité ou un montant; l’unité et le contexte doivent être ajoutés.,MEDIUM,treize,treize,,,DRAFT,"À faire valider par une locutrice ivoirienne; tester articulation TTS et reconnaissance STT isolée, puis en contexte de quantité et de montant. | Cellules linguistiques volontairement vides : aucune forme suffisamment sûre, générique et attribuable au gouro de Zuénoula n’a été établie pour cette entrée. Ne pas déduire une forme par analogie ; validation native requise avant remplissage.",Gouro,goa,Gouro de Zuénoula (goa) ; variantes Sinfra/Vavoua/Nord/Sud exclues sauf mention explicite,true,
PROVISIONAL_FRM_NUMBER_014,NUMBER_0_100,Lecture isolée d’un nombre pour une quantité ou un montant; l’unité et le contexte doivent être ajoutés.,MEDIUM,quatorze,quatorze,,,DRAFT,"À faire valider par une locutrice ivoirienne; tester articulation TTS et reconnaissance STT isolée, puis en contexte de quantité et de montant. | Cellules linguistiques volontairement vides : aucune forme suffisamment sûre, générique et attribuable au gouro de Zuénoula n’a été établie pour cette entrée. Ne pas déduire une forme par analogie ; validation native requise avant remplissage.",Gouro,goa,Gouro de Zuénoula (goa) ; variantes Sinfra/Vavoua/Nord/Sud exclues sauf mention explicite,true,
PROVISIONAL_FRM_NUMBER_015,NUMBER_0_100,Lecture isolée d’un nombre pour une quantité ou un montant; l’unité et le contexte doivent être ajoutés.,MEDIUM,quinze,quinze,,,DRAFT,"À faire valider par une locutrice ivoirienne; tester articulation TTS et reconnaissance STT isolée, puis en contexte de quantité et de montant. | Cellules linguistiques volontairement vides : aucune forme suffisamment sûre, générique et attribuable au gouro de Zuénoula n’a été établie pour cette entrée. Ne pas déduire une forme par analogie ; validation native requise avant remplissage.",Gouro,goa,Gouro de Zuénoula (goa) ; variantes Sinfra/Vavoua/Nord/Sud exclues sauf mention explicite,true,
PROVISIONAL_FRM_NUMBER_016,NUMBER_0_100,Lecture isolée d’un nombre pour une quantité ou un montant; l’unité et le contexte doivent être ajoutés.,MEDIUM,seize,seize,,,DRAFT,"À faire valider par une locutrice ivoirienne; tester articulation TTS et reconnaissance STT isolée, puis en contexte de quantité et de montant. | Cellules linguistiques volontairement vides : aucune forme suffisamment sûre, générique et attribuable au gouro de Zuénoula n’a été établie pour cette entrée. Ne pas déduire une forme par analogie ; validation native requise avant remplissage.",Gouro,goa,Gouro de Zuénoula (goa) ; variantes Sinfra/Vavoua/Nord/Sud exclues sauf mention explicite,true,
PROVISIONAL_FRM_NUMBER_017,NUMBER_0_100,Lecture isolée d’un nombre pour une quantité ou un montant; l’unité et le contexte doivent être ajoutés.,MEDIUM,dix-sept,dix-sept,,,DRAFT,"À faire valider par une locutrice ivoirienne; tester articulation TTS et reconnaissance STT isolée, puis en contexte de quantité et de montant. | Cellules linguistiques volontairement vides : aucune forme suffisamment sûre, générique et attribuable au gouro de Zuénoula n’a été établie pour cette entrée. Ne pas déduire une forme par analogie ; validation native requise avant remplissage.",Gouro,goa,Gouro de Zuénoula (goa) ; variantes Sinfra/Vavoua/Nord/Sud exclues sauf mention explicite,true,
PROVISIONAL_FRM_NUMBER_018,NUMBER_0_100,Lecture isolée d’un nombre pour une quantité ou un montant; l’unité et le contexte doivent être ajoutés.,MEDIUM,dix-huit,dix-huit,,,DRAFT,"À faire valider par une locutrice ivoirienne; tester articulation TTS et reconnaissance STT isolée, puis en contexte de quantité et de montant. | Cellules linguistiques volontairement vides : aucune forme suffisamment sûre, générique et attribuable au gouro de Zuénoula n’a été établie pour cette entrée. Ne pas déduire une forme par analogie ; validation native requise avant remplissage.",Gouro,goa,Gouro de Zuénoula (goa) ; variantes Sinfra/Vavoua/Nord/Sud exclues sauf mention explicite,true,
PROVISIONAL_FRM_NUMBER_019,NUMBER_0_100,Lecture isolée d’un nombre pour une quantité ou un montant; l’unité et le contexte doivent être ajoutés.,MEDIUM,dix-neuf,dix-neuf,,,DRAFT,"À faire valider par une locutrice ivoirienne; tester articulation TTS et reconnaissance STT isolée, puis en contexte de quantité et de montant. | Cellules linguistiques volontairement vides : aucune forme suffisamment sûre, générique et attribuable au gouro de Zuénoula n’a été établie pour cette entrée. Ne pas déduire une forme par analogie ; validation native requise avant remplissage.",Gouro,goa,Gouro de Zuénoula (goa) ; variantes Sinfra/Vavoua/Nord/Sud exclues sauf mention explicite,true,
PROVISIONAL_FRM_NUMBER_020,NUMBER_0_100,Lecture isolée d’un nombre pour une quantité ou un montant; l’unité et le contexte doivent être ajoutés.,MEDIUM,vingt,vingt,yɔ dʋ,yɔ dʋ,DRAFT,"À faire valider par une locutrice ivoirienne; tester articulation TTS et reconnaissance STT isolée, puis en contexte de quantité et de montant. | Base documentaire Zuénoula : Kuznetsova & Kuznetsova (2021), Dictionnaire gouro-français, yɔ dʋ — « vingt » (yɔ « vingtaine » + dʋ « un »), expression donnée dans l’entrée yɔ. Attestation lexicale isolée uniquement : prononciation, ton, adéquation marchande et couverture STT à faire valider par locuteur·rice natif·ve.",Gouro,goa,Gouro de Zuénoula (goa) ; variantes Sinfra/Vavoua/Nord/Sud exclues sauf mention explicite,true,
PROVISIONAL_FRM_NUMBER_021,NUMBER_0_100,Lecture isolée d’un nombre pour une quantité ou un montant; l’unité et le contexte doivent être ajoutés.,MEDIUM,vingt et un,vingt et un,,,DRAFT,"À faire valider par une locutrice ivoirienne; tester articulation TTS et reconnaissance STT isolée, puis en contexte de quantité et de montant. | Cellules linguistiques volontairement vides : aucune forme suffisamment sûre, générique et attribuable au gouro de Zuénoula n’a été établie pour cette entrée. Ne pas déduire une forme par analogie ; validation native requise avant remplissage.",Gouro,goa,Gouro de Zuénoula (goa) ; variantes Sinfra/Vavoua/Nord/Sud exclues sauf mention explicite,true,
PROVISIONAL_FRM_NUMBER_022,NUMBER_0_100,Lecture isolée d’un nombre pour une quantité ou un montant; l’unité et le contexte doivent être ajoutés.,MEDIUM,vingt-deux,vingt-deux,,,DRAFT,"À faire valider par une locutrice ivoirienne; tester articulation TTS et reconnaissance STT isolée, puis en contexte de quantité et de montant. | Cellules linguistiques volontairement vides : aucune forme suffisamment sûre, générique et attribuable au gouro de Zuénoula n’a été établie pour cette entrée. Ne pas déduire une forme par analogie ; validation native requise avant remplissage.",Gouro,goa,Gouro de Zuénoula (goa) ; variantes Sinfra/Vavoua/Nord/Sud exclues sauf mention explicite,true,
PROVISIONAL_FRM_NUMBER_023,NUMBER_0_100,Lecture isolée d’un nombre pour une quantité ou un montant; l’unité et le contexte doivent être ajoutés.,MEDIUM,vingt-trois,vingt-trois,,,DRAFT,"À faire valider par une locutrice ivoirienne; tester articulation TTS et reconnaissance STT isolée, puis en contexte de quantité et de montant. | Cellules linguistiques volontairement vides : aucune forme suffisamment sûre, générique et attribuable au gouro de Zuénoula n’a été établie pour cette entrée. Ne pas déduire une forme par analogie ; validation native requise avant remplissage.",Gouro,goa,Gouro de Zuénoula (goa) ; variantes Sinfra/Vavoua/Nord/Sud exclues sauf mention explicite,true,
PROVISIONAL_FRM_NUMBER_024,NUMBER_0_100,Lecture isolée d’un nombre pour une quantité ou un montant; l’unité et le contexte doivent être ajoutés.,MEDIUM,vingt-quatre,vingt-quatre,,,DRAFT,"À faire valider par une locutrice ivoirienne; tester articulation TTS et reconnaissance STT isolée, puis en contexte de quantité et de montant. | Cellules linguistiques volontairement vides : aucune forme suffisamment sûre, générique et attribuable au gouro de Zuénoula n’a été établie pour cette entrée. Ne pas déduire une forme par analogie ; validation native requise avant remplissage.",Gouro,goa,Gouro de Zuénoula (goa) ; variantes Sinfra/Vavoua/Nord/Sud exclues sauf mention explicite,true,
PROVISIONAL_FRM_NUMBER_025,NUMBER_0_100,Lecture isolée d’un nombre pour une quantité ou un montant; l’unité et le contexte doivent être ajoutés.,MEDIUM,vingt-cinq,vingt-cinq,,,DRAFT,"À faire valider par une locutrice ivoirienne; tester articulation TTS et reconnaissance STT isolée, puis en contexte de quantité et de montant. | Cellules linguistiques volontairement vides : aucune forme suffisamment sûre, générique et attribuable au gouro de Zuénoula n’a été établie pour cette entrée. Ne pas déduire une forme par analogie ; validation native requise avant remplissage.",Gouro,goa,Gouro de Zuénoula (goa) ; variantes Sinfra/Vavoua/Nord/Sud exclues sauf mention explicite,true,
PROVISIONAL_FRM_NUMBER_026,NUMBER_0_100,Lecture isolée d’un nombre pour une quantité ou un montant; l’unité et le contexte doivent être ajoutés.,MEDIUM,vingt-six,vingt-six,,,DRAFT,"À faire valider par une locutrice ivoirienne; tester articulation TTS et reconnaissance STT isolée, puis en contexte de quantité et de montant. | Cellules linguistiques volontairement vides : aucune forme suffisamment sûre, générique et attribuable au gouro de Zuénoula n’a été établie pour cette entrée. Ne pas déduire une forme par analogie ; validation native requise avant remplissage.",Gouro,goa,Gouro de Zuénoula (goa) ; variantes Sinfra/Vavoua/Nord/Sud exclues sauf mention explicite,true,
PROVISIONAL_FRM_NUMBER_027,NUMBER_0_100,Lecture isolée d’un nombre pour une quantité ou un montant; l’unité et le contexte doivent être ajoutés.,MEDIUM,vingt-sept,vingt-sept,,,DRAFT,"À faire valider par une locutrice ivoirienne; tester articulation TTS et reconnaissance STT isolée, puis en contexte de quantité et de montant. | Cellules linguistiques volontairement vides : aucune forme suffisamment sûre, générique et attribuable au gouro de Zuénoula n’a été établie pour cette entrée. Ne pas déduire une forme par analogie ; validation native requise avant remplissage.",Gouro,goa,Gouro de Zuénoula (goa) ; variantes Sinfra/Vavoua/Nord/Sud exclues sauf mention explicite,true,
PROVISIONAL_FRM_NUMBER_028,NUMBER_0_100,Lecture isolée d’un nombre pour une quantité ou un montant; l’unité et le contexte doivent être ajoutés.,MEDIUM,vingt-huit,vingt-huit,,,DRAFT,"À faire valider par une locutrice ivoirienne; tester articulation TTS et reconnaissance STT isolée, puis en contexte de quantité et de montant. | Cellules linguistiques volontairement vides : aucune forme suffisamment sûre, générique et attribuable au gouro de Zuénoula n’a été établie pour cette entrée. Ne pas déduire une forme par analogie ; validation native requise avant remplissage.",Gouro,goa,Gouro de Zuénoula (goa) ; variantes Sinfra/Vavoua/Nord/Sud exclues sauf mention explicite,true,
PROVISIONAL_FRM_NUMBER_029,NUMBER_0_100,Lecture isolée d’un nombre pour une quantité ou un montant; l’unité et le contexte doivent être ajoutés.,MEDIUM,vingt-neuf,vingt-neuf,,,DRAFT,"À faire valider par une locutrice ivoirienne; tester articulation TTS et reconnaissance STT isolée, puis en contexte de quantité et de montant. | Cellules linguistiques volontairement vides : aucune forme suffisamment sûre, générique et attribuable au gouro de Zuénoula n’a été établie pour cette entrée. Ne pas déduire une forme par analogie ; validation native requise avant remplissage.",Gouro,goa,Gouro de Zuénoula (goa) ; variantes Sinfra/Vavoua/Nord/Sud exclues sauf mention explicite,true,
PROVISIONAL_FRM_NUMBER_030,NUMBER_0_100,Lecture isolée d’un nombre pour une quantité ou un montant; l’unité et le contexte doivent être ajoutés.,MEDIUM,trente,trente,yɔ dʋ wɔ́lɛ́ vu,yɔ dʋ wɔ́lɛ́ vu,DRAFT,"À faire valider par une locutrice ivoirienne; tester articulation TTS et reconnaissance STT isolée, puis en contexte de quantité et de montant. | Base documentaire Zuénoula : Kuznetsova & Kuznetsova (2021), Dictionnaire gouro-français, yɔ dʋ wɔ́lɛ́ vu — « trente », exemple direct de l’entrée yɔ. Attestation lexicale isolée uniquement : prononciation, ton, adéquation marchande et couverture STT à faire valider par locuteur·rice natif·ve.",Gouro,goa,Gouro de Zuénoula (goa) ; variantes Sinfra/Vavoua/Nord/Sud exclues sauf mention explicite,true,
PROVISIONAL_FRM_NUMBER_031,NUMBER_0_100,Lecture isolée d’un nombre pour une quantité ou un montant; l’unité et le contexte doivent être ajoutés.,MEDIUM,trente et un,trente et un,,,DRAFT,"À faire valider par une locutrice ivoirienne; tester articulation TTS et reconnaissance STT isolée, puis en contexte de quantité et de montant. | Cellules linguistiques volontairement vides : aucune forme suffisamment sûre, générique et attribuable au gouro de Zuénoula n’a été établie pour cette entrée. Ne pas déduire une forme par analogie ; validation native requise avant remplissage.",Gouro,goa,Gouro de Zuénoula (goa) ; variantes Sinfra/Vavoua/Nord/Sud exclues sauf mention explicite,true,
PROVISIONAL_FRM_NUMBER_032,NUMBER_0_100,Lecture isolée d’un nombre pour une quantité ou un montant; l’unité et le contexte doivent être ajoutés.,MEDIUM,trente-deux,trente-deux,,,DRAFT,"À faire valider par une locutrice ivoirienne; tester articulation TTS et reconnaissance STT isolée, puis en contexte de quantité et de montant. | Cellules linguistiques volontairement vides : aucune forme suffisamment sûre, générique et attribuable au gouro de Zuénoula n’a été établie pour cette entrée. Ne pas déduire une forme par analogie ; validation native requise avant remplissage.",Gouro,goa,Gouro de Zuénoula (goa) ; variantes Sinfra/Vavoua/Nord/Sud exclues sauf mention explicite,true,
PROVISIONAL_FRM_NUMBER_033,NUMBER_0_100,Lecture isolée d’un nombre pour une quantité ou un montant; l’unité et le contexte doivent être ajoutés.,MEDIUM,trente-trois,trente-trois,,,DRAFT,"À faire valider par une locutrice ivoirienne; tester articulation TTS et reconnaissance STT isolée, puis en contexte de quantité et de montant. | Cellules linguistiques volontairement vides : aucune forme suffisamment sûre, générique et attribuable au gouro de Zuénoula n’a été établie pour cette entrée. Ne pas déduire une forme par analogie ; validation native requise avant remplissage.",Gouro,goa,Gouro de Zuénoula (goa) ; variantes Sinfra/Vavoua/Nord/Sud exclues sauf mention explicite,true,
PROVISIONAL_FRM_NUMBER_034,NUMBER_0_100,Lecture isolée d’un nombre pour une quantité ou un montant; l’unité et le contexte doivent être ajoutés.,MEDIUM,trente-quatre,trente-quatre,,,DRAFT,"À faire valider par une locutrice ivoirienne; tester articulation TTS et reconnaissance STT isolée, puis en contexte de quantité et de montant. | Cellules linguistiques volontairement vides : aucune forme suffisamment sûre, générique et attribuable au gouro de Zuénoula n’a été établie pour cette entrée. Ne pas déduire une forme par analogie ; validation native requise avant remplissage.",Gouro,goa,Gouro de Zuénoula (goa) ; variantes Sinfra/Vavoua/Nord/Sud exclues sauf mention explicite,true,
PROVISIONAL_FRM_NUMBER_035,NUMBER_0_100,Lecture isolée d’un nombre pour une quantité ou un montant; l’unité et le contexte doivent être ajoutés.,MEDIUM,trente-cinq,trente-cinq,,,DRAFT,"À faire valider par une locutrice ivoirienne; tester articulation TTS et reconnaissance STT isolée, puis en contexte de quantité et de montant. | Cellules linguistiques volontairement vides : aucune forme suffisamment sûre, générique et attribuable au gouro de Zuénoula n’a été établie pour cette entrée. Ne pas déduire une forme par analogie ; validation native requise avant remplissage.",Gouro,goa,Gouro de Zuénoula (goa) ; variantes Sinfra/Vavoua/Nord/Sud exclues sauf mention explicite,true,
PROVISIONAL_FRM_NUMBER_036,NUMBER_0_100,Lecture isolée d’un nombre pour une quantité ou un montant; l’unité et le contexte doivent être ajoutés.,MEDIUM,trente-six,trente-six,,,DRAFT,"À faire valider par une locutrice ivoirienne; tester articulation TTS et reconnaissance STT isolée, puis en contexte de quantité et de montant. | Cellules linguistiques volontairement vides : aucune forme suffisamment sûre, générique et attribuable au gouro de Zuénoula n’a été établie pour cette entrée. Ne pas déduire une forme par analogie ; validation native requise avant remplissage.",Gouro,goa,Gouro de Zuénoula (goa) ; variantes Sinfra/Vavoua/Nord/Sud exclues sauf mention explicite,true,
PROVISIONAL_FRM_NUMBER_037,NUMBER_0_100,Lecture isolée d’un nombre pour une quantité ou un montant; l’unité et le contexte doivent être ajoutés.,MEDIUM,trente-sept,trente-sept,,,DRAFT,"À faire valider par une locutrice ivoirienne; tester articulation TTS et reconnaissance STT isolée, puis en contexte de quantité et de montant. | Cellules linguistiques volontairement vides : aucune forme suffisamment sûre, générique et attribuable au gouro de Zuénoula n’a été établie pour cette entrée. Ne pas déduire une forme par analogie ; validation native requise avant remplissage.",Gouro,goa,Gouro de Zuénoula (goa) ; variantes Sinfra/Vavoua/Nord/Sud exclues sauf mention explicite,true,
PROVISIONAL_FRM_NUMBER_038,NUMBER_0_100,Lecture isolée d’un nombre pour une quantité ou un montant; l’unité et le contexte doivent être ajoutés.,MEDIUM,trente-huit,trente-huit,,,DRAFT,"À faire valider par une locutrice ivoirienne; tester articulation TTS et reconnaissance STT isolée, puis en contexte de quantité et de montant. | Cellules linguistiques volontairement vides : aucune forme suffisamment sûre, générique et attribuable au gouro de Zuénoula n’a été établie pour cette entrée. Ne pas déduire une forme par analogie ; validation native requise avant remplissage.",Gouro,goa,Gouro de Zuénoula (goa) ; variantes Sinfra/Vavoua/Nord/Sud exclues sauf mention explicite,true,
PROVISIONAL_FRM_NUMBER_039,NUMBER_0_100,Lecture isolée d’un nombre pour une quantité ou un montant; l’unité et le contexte doivent être ajoutés.,MEDIUM,trente-neuf,trente-neuf,,,DRAFT,"À faire valider par une locutrice ivoirienne; tester articulation TTS et reconnaissance STT isolée, puis en contexte de quantité et de montant. | Cellules linguistiques volontairement vides : aucune forme suffisamment sûre, générique et attribuable au gouro de Zuénoula n’a été établie pour cette entrée. Ne pas déduire une forme par analogie ; validation native requise avant remplissage.",Gouro,goa,Gouro de Zuénoula (goa) ; variantes Sinfra/Vavoua/Nord/Sud exclues sauf mention explicite,true,
PROVISIONAL_FRM_NUMBER_040,NUMBER_0_100,Lecture isolée d’un nombre pour une quantité ou un montant; l’unité et le contexte doivent être ajoutés.,MEDIUM,quarante,quarante,,,DRAFT,"À faire valider par une locutrice ivoirienne; tester articulation TTS et reconnaissance STT isolée, puis en contexte de quantité et de montant. | Cellules linguistiques volontairement vides : aucune forme suffisamment sûre, générique et attribuable au gouro de Zuénoula n’a été établie pour cette entrée. Ne pas déduire une forme par analogie ; validation native requise avant remplissage.",Gouro,goa,Gouro de Zuénoula (goa) ; variantes Sinfra/Vavoua/Nord/Sud exclues sauf mention explicite,true,
PROVISIONAL_FRM_NUMBER_041,NUMBER_0_100,Lecture isolée d’un nombre pour une quantité ou un montant; l’unité et le contexte doivent être ajoutés.,MEDIUM,quarante et un,quarante et un,,,DRAFT,"À faire valider par une locutrice ivoirienne; tester articulation TTS et reconnaissance STT isolée, puis en contexte de quantité et de montant. | Cellules linguistiques volontairement vides : aucune forme suffisamment sûre, générique et attribuable au gouro de Zuénoula n’a été établie pour cette entrée. Ne pas déduire une forme par analogie ; validation native requise avant remplissage.",Gouro,goa,Gouro de Zuénoula (goa) ; variantes Sinfra/Vavoua/Nord/Sud exclues sauf mention explicite,true,
PROVISIONAL_FRM_NUMBER_042,NUMBER_0_100,Lecture isolée d’un nombre pour une quantité ou un montant; l’unité et le contexte doivent être ajoutés.,MEDIUM,quarante-deux,quarante-deux,,,DRAFT,"À faire valider par une locutrice ivoirienne; tester articulation TTS et reconnaissance STT isolée, puis en contexte de quantité et de montant. | Cellules linguistiques volontairement vides : aucune forme suffisamment sûre, générique et attribuable au gouro de Zuénoula n’a été établie pour cette entrée. Ne pas déduire une forme par analogie ; validation native requise avant remplissage.",Gouro,goa,Gouro de Zuénoula (goa) ; variantes Sinfra/Vavoua/Nord/Sud exclues sauf mention explicite,true,
PROVISIONAL_FRM_NUMBER_043,NUMBER_0_100,Lecture isolée d’un nombre pour une quantité ou un montant; l’unité et le contexte doivent être ajoutés.,MEDIUM,quarante-trois,quarante-trois,,,DRAFT,"À faire valider par une locutrice ivoirienne; tester articulation TTS et reconnaissance STT isolée, puis en contexte de quantité et de montant. | Cellules linguistiques volontairement vides : aucune forme suffisamment sûre, générique et attribuable au gouro de Zuénoula n’a été établie pour cette entrée. Ne pas déduire une forme par analogie ; validation native requise avant remplissage.",Gouro,goa,Gouro de Zuénoula (goa) ; variantes Sinfra/Vavoua/Nord/Sud exclues sauf mention explicite,true,
PROVISIONAL_FRM_NUMBER_044,NUMBER_0_100,Lecture isolée d’un nombre pour une quantité ou un montant; l’unité et le contexte doivent être ajoutés.,MEDIUM,quarante-quatre,quarante-quatre,,,DRAFT,"À faire valider par une locutrice ivoirienne; tester articulation TTS et reconnaissance STT isolée, puis en contexte de quantité et de montant. | Cellules linguistiques volontairement vides : aucune forme suffisamment sûre, générique et attribuable au gouro de Zuénoula n’a été établie pour cette entrée. Ne pas déduire une forme par analogie ; validation native requise avant remplissage.",Gouro,goa,Gouro de Zuénoula (goa) ; variantes Sinfra/Vavoua/Nord/Sud exclues sauf mention explicite,true,
PROVISIONAL_FRM_NUMBER_045,NUMBER_0_100,Lecture isolée d’un nombre pour une quantité ou un montant; l’unité et le contexte doivent être ajoutés.,MEDIUM,quarante-cinq,quarante-cinq,,,DRAFT,"À faire valider par une locutrice ivoirienne; tester articulation TTS et reconnaissance STT isolée, puis en contexte de quantité et de montant. | Cellules linguistiques volontairement vides : aucune forme suffisamment sûre, générique et attribuable au gouro de Zuénoula n’a été établie pour cette entrée. Ne pas déduire une forme par analogie ; validation native requise avant remplissage.",Gouro,goa,Gouro de Zuénoula (goa) ; variantes Sinfra/Vavoua/Nord/Sud exclues sauf mention explicite,true,
PROVISIONAL_FRM_NUMBER_046,NUMBER_0_100,Lecture isolée d’un nombre pour une quantité ou un montant; l’unité et le contexte doivent être ajoutés.,MEDIUM,quarante-six,quarante-six,,,DRAFT,"À faire valider par une locutrice ivoirienne; tester articulation TTS et reconnaissance STT isolée, puis en contexte de quantité et de montant. | Cellules linguistiques volontairement vides : aucune forme suffisamment sûre, générique et attribuable au gouro de Zuénoula n’a été établie pour cette entrée. Ne pas déduire une forme par analogie ; validation native requise avant remplissage.",Gouro,goa,Gouro de Zuénoula (goa) ; variantes Sinfra/Vavoua/Nord/Sud exclues sauf mention explicite,true,
PROVISIONAL_FRM_NUMBER_047,NUMBER_0_100,Lecture isolée d’un nombre pour une quantité ou un montant; l’unité et le contexte doivent être ajoutés.,MEDIUM,quarante-sept,quarante-sept,,,DRAFT,"À faire valider par une locutrice ivoirienne; tester articulation TTS et reconnaissance STT isolée, puis en contexte de quantité et de montant. | Cellules linguistiques volontairement vides : aucune forme suffisamment sûre, générique et attribuable au gouro de Zuénoula n’a été établie pour cette entrée. Ne pas déduire une forme par analogie ; validation native requise avant remplissage.",Gouro,goa,Gouro de Zuénoula (goa) ; variantes Sinfra/Vavoua/Nord/Sud exclues sauf mention explicite,true,
PROVISIONAL_FRM_NUMBER_048,NUMBER_0_100,Lecture isolée d’un nombre pour une quantité ou un montant; l’unité et le contexte doivent être ajoutés.,MEDIUM,quarante-huit,quarante-huit,,,DRAFT,"À faire valider par une locutrice ivoirienne; tester articulation TTS et reconnaissance STT isolée, puis en contexte de quantité et de montant. | Cellules linguistiques volontairement vides : aucune forme suffisamment sûre, générique et attribuable au gouro de Zuénoula n’a été établie pour cette entrée. Ne pas déduire une forme par analogie ; validation native requise avant remplissage.",Gouro,goa,Gouro de Zuénoula (goa) ; variantes Sinfra/Vavoua/Nord/Sud exclues sauf mention explicite,true,
PROVISIONAL_FRM_NUMBER_049,NUMBER_0_100,Lecture isolée d’un nombre pour une quantité ou un montant; l’unité et le contexte doivent être ajoutés.,MEDIUM,quarante-neuf,quarante-neuf,,,DRAFT,"À faire valider par une locutrice ivoirienne; tester articulation TTS et reconnaissance STT isolée, puis en contexte de quantité et de montant. | Cellules linguistiques volontairement vides : aucune forme suffisamment sûre, générique et attribuable au gouro de Zuénoula n’a été établie pour cette entrée. Ne pas déduire une forme par analogie ; validation native requise avant remplissage.",Gouro,goa,Gouro de Zuénoula (goa) ; variantes Sinfra/Vavoua/Nord/Sud exclues sauf mention explicite,true,
PROVISIONAL_FRM_NUMBER_050,NUMBER_0_100,Lecture isolée d’un nombre pour une quantité ou un montant; l’unité et le contexte doivent être ajoutés.,MEDIUM,cinquante,cinquante,,,DRAFT,"À faire valider par une locutrice ivoirienne; tester articulation TTS et reconnaissance STT isolée, puis en contexte de quantité et de montant. | Cellules linguistiques volontairement vides : aucune forme suffisamment sûre, générique et attribuable au gouro de Zuénoula n’a été établie pour cette entrée. Ne pas déduire une forme par analogie ; validation native requise avant remplissage.",Gouro,goa,Gouro de Zuénoula (goa) ; variantes Sinfra/Vavoua/Nord/Sud exclues sauf mention explicite,true,
PROVISIONAL_FRM_NUMBER_051,NUMBER_0_100,Lecture isolée d’un nombre pour une quantité ou un montant; l’unité et le contexte doivent être ajoutés.,MEDIUM,cinquante et un,cinquante et un,,,DRAFT,"À faire valider par une locutrice ivoirienne; tester articulation TTS et reconnaissance STT isolée, puis en contexte de quantité et de montant. | Cellules linguistiques volontairement vides : aucune forme suffisamment sûre, générique et attribuable au gouro de Zuénoula n’a été établie pour cette entrée. Ne pas déduire une forme par analogie ; validation native requise avant remplissage.",Gouro,goa,Gouro de Zuénoula (goa) ; variantes Sinfra/Vavoua/Nord/Sud exclues sauf mention explicite,true,
PROVISIONAL_FRM_NUMBER_052,NUMBER_0_100,Lecture isolée d’un nombre pour une quantité ou un montant; l’unité et le contexte doivent être ajoutés.,MEDIUM,cinquante-deux,cinquante-deux,,,DRAFT,"À faire valider par une locutrice ivoirienne; tester articulation TTS et reconnaissance STT isolée, puis en contexte de quantité et de montant. | Cellules linguistiques volontairement vides : aucune forme suffisamment sûre, générique et attribuable au gouro de Zuénoula n’a été établie pour cette entrée. Ne pas déduire une forme par analogie ; validation native requise avant remplissage.",Gouro,goa,Gouro de Zuénoula (goa) ; variantes Sinfra/Vavoua/Nord/Sud exclues sauf mention explicite,true,
PROVISIONAL_FRM_NUMBER_053,NUMBER_0_100,Lecture isolée d’un nombre pour une quantité ou un montant; l’unité et le contexte doivent être ajoutés.,MEDIUM,cinquante-trois,cinquante-trois,,,DRAFT,"À faire valider par une locutrice ivoirienne; tester articulation TTS et reconnaissance STT isolée, puis en contexte de quantité et de montant. | Cellules linguistiques volontairement vides : aucune forme suffisamment sûre, générique et attribuable au gouro de Zuénoula n’a été établie pour cette entrée. Ne pas déduire une forme par analogie ; validation native requise avant remplissage.",Gouro,goa,Gouro de Zuénoula (goa) ; variantes Sinfra/Vavoua/Nord/Sud exclues sauf mention explicite,true,
PROVISIONAL_FRM_NUMBER_054,NUMBER_0_100,Lecture isolée d’un nombre pour une quantité ou un montant; l’unité et le contexte doivent être ajoutés.,MEDIUM,cinquante-quatre,cinquante-quatre,,,DRAFT,"À faire valider par une locutrice ivoirienne; tester articulation TTS et reconnaissance STT isolée, puis en contexte de quantité et de montant. | Cellules linguistiques volontairement vides : aucune forme suffisamment sûre, générique et attribuable au gouro de Zuénoula n’a été établie pour cette entrée. Ne pas déduire une forme par analogie ; validation native requise avant remplissage.",Gouro,goa,Gouro de Zuénoula (goa) ; variantes Sinfra/Vavoua/Nord/Sud exclues sauf mention explicite,true,
PROVISIONAL_FRM_NUMBER_055,NUMBER_0_100,Lecture isolée d’un nombre pour une quantité ou un montant; l’unité et le contexte doivent être ajoutés.,MEDIUM,cinquante-cinq,cinquante-cinq,,,DRAFT,"À faire valider par une locutrice ivoirienne; tester articulation TTS et reconnaissance STT isolée, puis en contexte de quantité et de montant. | Cellules linguistiques volontairement vides : aucune forme suffisamment sûre, générique et attribuable au gouro de Zuénoula n’a été établie pour cette entrée. Ne pas déduire une forme par analogie ; validation native requise avant remplissage.",Gouro,goa,Gouro de Zuénoula (goa) ; variantes Sinfra/Vavoua/Nord/Sud exclues sauf mention explicite,true,
PROVISIONAL_FRM_NUMBER_056,NUMBER_0_100,Lecture isolée d’un nombre pour une quantité ou un montant; l’unité et le contexte doivent être ajoutés.,MEDIUM,cinquante-six,cinquante-six,,,DRAFT,"À faire valider par une locutrice ivoirienne; tester articulation TTS et reconnaissance STT isolée, puis en contexte de quantité et de montant. | Cellules linguistiques volontairement vides : aucune forme suffisamment sûre, générique et attribuable au gouro de Zuénoula n’a été établie pour cette entrée. Ne pas déduire une forme par analogie ; validation native requise avant remplissage.",Gouro,goa,Gouro de Zuénoula (goa) ; variantes Sinfra/Vavoua/Nord/Sud exclues sauf mention explicite,true,
PROVISIONAL_FRM_NUMBER_057,NUMBER_0_100,Lecture isolée d’un nombre pour une quantité ou un montant; l’unité et le contexte doivent être ajoutés.,MEDIUM,cinquante-sept,cinquante-sept,,,DRAFT,"À faire valider par une locutrice ivoirienne; tester articulation TTS et reconnaissance STT isolée, puis en contexte de quantité et de montant. | Cellules linguistiques volontairement vides : aucune forme suffisamment sûre, générique et attribuable au gouro de Zuénoula n’a été établie pour cette entrée. Ne pas déduire une forme par analogie ; validation native requise avant remplissage.",Gouro,goa,Gouro de Zuénoula (goa) ; variantes Sinfra/Vavoua/Nord/Sud exclues sauf mention explicite,true,
PROVISIONAL_FRM_NUMBER_058,NUMBER_0_100,Lecture isolée d’un nombre pour une quantité ou un montant; l’unité et le contexte doivent être ajoutés.,MEDIUM,cinquante-huit,cinquante-huit,,,DRAFT,"À faire valider par une locutrice ivoirienne; tester articulation TTS et reconnaissance STT isolée, puis en contexte de quantité et de montant. | Cellules linguistiques volontairement vides : aucune forme suffisamment sûre, générique et attribuable au gouro de Zuénoula n’a été établie pour cette entrée. Ne pas déduire une forme par analogie ; validation native requise avant remplissage.",Gouro,goa,Gouro de Zuénoula (goa) ; variantes Sinfra/Vavoua/Nord/Sud exclues sauf mention explicite,true,
PROVISIONAL_FRM_NUMBER_059,NUMBER_0_100,Lecture isolée d’un nombre pour une quantité ou un montant; l’unité et le contexte doivent être ajoutés.,MEDIUM,cinquante-neuf,cinquante-neuf,,,DRAFT,"À faire valider par une locutrice ivoirienne; tester articulation TTS et reconnaissance STT isolée, puis en contexte de quantité et de montant. | Cellules linguistiques volontairement vides : aucune forme suffisamment sûre, générique et attribuable au gouro de Zuénoula n’a été établie pour cette entrée. Ne pas déduire une forme par analogie ; validation native requise avant remplissage.",Gouro,goa,Gouro de Zuénoula (goa) ; variantes Sinfra/Vavoua/Nord/Sud exclues sauf mention explicite,true,
PROVISIONAL_FRM_NUMBER_060,NUMBER_0_100,Lecture isolée d’un nombre pour une quantité ou un montant; l’unité et le contexte doivent être ajoutés.,MEDIUM,soixante,soixante,,,DRAFT,"À faire valider par une locutrice ivoirienne; tester articulation TTS et reconnaissance STT isolée, puis en contexte de quantité et de montant. | Cellules linguistiques volontairement vides : aucune forme suffisamment sûre, générique et attribuable au gouro de Zuénoula n’a été établie pour cette entrée. Ne pas déduire une forme par analogie ; validation native requise avant remplissage.",Gouro,goa,Gouro de Zuénoula (goa) ; variantes Sinfra/Vavoua/Nord/Sud exclues sauf mention explicite,true,
PROVISIONAL_FRM_NUMBER_061,NUMBER_0_100,Lecture isolée d’un nombre pour une quantité ou un montant; l’unité et le contexte doivent être ajoutés.,MEDIUM,soixante et un,soixante et un,,,DRAFT,"À faire valider par une locutrice ivoirienne; tester articulation TTS et reconnaissance STT isolée, puis en contexte de quantité et de montant. | Cellules linguistiques volontairement vides : aucune forme suffisamment sûre, générique et attribuable au gouro de Zuénoula n’a été établie pour cette entrée. Ne pas déduire une forme par analogie ; validation native requise avant remplissage.",Gouro,goa,Gouro de Zuénoula (goa) ; variantes Sinfra/Vavoua/Nord/Sud exclues sauf mention explicite,true,
PROVISIONAL_FRM_NUMBER_062,NUMBER_0_100,Lecture isolée d’un nombre pour une quantité ou un montant; l’unité et le contexte doivent être ajoutés.,MEDIUM,soixante-deux,soixante-deux,,,DRAFT,"À faire valider par une locutrice ivoirienne; tester articulation TTS et reconnaissance STT isolée, puis en contexte de quantité et de montant. | Cellules linguistiques volontairement vides : aucune forme suffisamment sûre, générique et attribuable au gouro de Zuénoula n’a été établie pour cette entrée. Ne pas déduire une forme par analogie ; validation native requise avant remplissage.",Gouro,goa,Gouro de Zuénoula (goa) ; variantes Sinfra/Vavoua/Nord/Sud exclues sauf mention explicite,true,
PROVISIONAL_FRM_NUMBER_063,NUMBER_0_100,Lecture isolée d’un nombre pour une quantité ou un montant; l’unité et le contexte doivent être ajoutés.,MEDIUM,soixante-trois,soixante-trois,,,DRAFT,"À faire valider par une locutrice ivoirienne; tester articulation TTS et reconnaissance STT isolée, puis en contexte de quantité et de montant. | Cellules linguistiques volontairement vides : aucune forme suffisamment sûre, générique et attribuable au gouro de Zuénoula n’a été établie pour cette entrée. Ne pas déduire une forme par analogie ; validation native requise avant remplissage.",Gouro,goa,Gouro de Zuénoula (goa) ; variantes Sinfra/Vavoua/Nord/Sud exclues sauf mention explicite,true,
PROVISIONAL_FRM_NUMBER_064,NUMBER_0_100,Lecture isolée d’un nombre pour une quantité ou un montant; l’unité et le contexte doivent être ajoutés.,MEDIUM,soixante-quatre,soixante-quatre,,,DRAFT,"À faire valider par une locutrice ivoirienne; tester articulation TTS et reconnaissance STT isolée, puis en contexte de quantité et de montant. | Cellules linguistiques volontairement vides : aucune forme suffisamment sûre, générique et attribuable au gouro de Zuénoula n’a été établie pour cette entrée. Ne pas déduire une forme par analogie ; validation native requise avant remplissage.",Gouro,goa,Gouro de Zuénoula (goa) ; variantes Sinfra/Vavoua/Nord/Sud exclues sauf mention explicite,true,
PROVISIONAL_FRM_NUMBER_065,NUMBER_0_100,Lecture isolée d’un nombre pour une quantité ou un montant; l’unité et le contexte doivent être ajoutés.,MEDIUM,soixante-cinq,soixante-cinq,,,DRAFT,"À faire valider par une locutrice ivoirienne; tester articulation TTS et reconnaissance STT isolée, puis en contexte de quantité et de montant. | Cellules linguistiques volontairement vides : aucune forme suffisamment sûre, générique et attribuable au gouro de Zuénoula n’a été établie pour cette entrée. Ne pas déduire une forme par analogie ; validation native requise avant remplissage.",Gouro,goa,Gouro de Zuénoula (goa) ; variantes Sinfra/Vavoua/Nord/Sud exclues sauf mention explicite,true,
PROVISIONAL_FRM_NUMBER_066,NUMBER_0_100,Lecture isolée d’un nombre pour une quantité ou un montant; l’unité et le contexte doivent être ajoutés.,MEDIUM,soixante-six,soixante-six,,,DRAFT,"À faire valider par une locutrice ivoirienne; tester articulation TTS et reconnaissance STT isolée, puis en contexte de quantité et de montant. | Cellules linguistiques volontairement vides : aucune forme suffisamment sûre, générique et attribuable au gouro de Zuénoula n’a été établie pour cette entrée. Ne pas déduire une forme par analogie ; validation native requise avant remplissage.",Gouro,goa,Gouro de Zuénoula (goa) ; variantes Sinfra/Vavoua/Nord/Sud exclues sauf mention explicite,true,
PROVISIONAL_FRM_NUMBER_067,NUMBER_0_100,Lecture isolée d’un nombre pour une quantité ou un montant; l’unité et le contexte doivent être ajoutés.,MEDIUM,soixante-sept,soixante-sept,,,DRAFT,"À faire valider par une locutrice ivoirienne; tester articulation TTS et reconnaissance STT isolée, puis en contexte de quantité et de montant. | Cellules linguistiques volontairement vides : aucune forme suffisamment sûre, générique et attribuable au gouro de Zuénoula n’a été établie pour cette entrée. Ne pas déduire une forme par analogie ; validation native requise avant remplissage.",Gouro,goa,Gouro de Zuénoula (goa) ; variantes Sinfra/Vavoua/Nord/Sud exclues sauf mention explicite,true,
PROVISIONAL_FRM_NUMBER_068,NUMBER_0_100,Lecture isolée d’un nombre pour une quantité ou un montant; l’unité et le contexte doivent être ajoutés.,MEDIUM,soixante-huit,soixante-huit,,,DRAFT,"À faire valider par une locutrice ivoirienne; tester articulation TTS et reconnaissance STT isolée, puis en contexte de quantité et de montant. | Cellules linguistiques volontairement vides : aucune forme suffisamment sûre, générique et attribuable au gouro de Zuénoula n’a été établie pour cette entrée. Ne pas déduire une forme par analogie ; validation native requise avant remplissage.",Gouro,goa,Gouro de Zuénoula (goa) ; variantes Sinfra/Vavoua/Nord/Sud exclues sauf mention explicite,true,
PROVISIONAL_FRM_NUMBER_069,NUMBER_0_100,Lecture isolée d’un nombre pour une quantité ou un montant; l’unité et le contexte doivent être ajoutés.,MEDIUM,soixante-neuf,soixante-neuf,,,DRAFT,"À faire valider par une locutrice ivoirienne; tester articulation TTS et reconnaissance STT isolée, puis en contexte de quantité et de montant. | Cellules linguistiques volontairement vides : aucune forme suffisamment sûre, générique et attribuable au gouro de Zuénoula n’a été établie pour cette entrée. Ne pas déduire une forme par analogie ; validation native requise avant remplissage.",Gouro,goa,Gouro de Zuénoula (goa) ; variantes Sinfra/Vavoua/Nord/Sud exclues sauf mention explicite,true,
PROVISIONAL_FRM_NUMBER_070,NUMBER_0_100,Lecture isolée d’un nombre pour une quantité ou un montant; l’unité et le contexte doivent être ajoutés.,MEDIUM,soixante-dix,soixante-dix,,,DRAFT,"À faire valider par une locutrice ivoirienne; tester articulation TTS et reconnaissance STT isolée, puis en contexte de quantité et de montant. | Cellules linguistiques volontairement vides : aucune forme suffisamment sûre, générique et attribuable au gouro de Zuénoula n’a été établie pour cette entrée. Ne pas déduire une forme par analogie ; validation native requise avant remplissage.",Gouro,goa,Gouro de Zuénoula (goa) ; variantes Sinfra/Vavoua/Nord/Sud exclues sauf mention explicite,true,
PROVISIONAL_FRM_NUMBER_071,NUMBER_0_100,Lecture isolée d’un nombre pour une quantité ou un montant; l’unité et le contexte doivent être ajoutés.,MEDIUM,soixante et onze,soixante et onze,,,DRAFT,"À faire valider par une locutrice ivoirienne; tester articulation TTS et reconnaissance STT isolée, puis en contexte de quantité et de montant. | Cellules linguistiques volontairement vides : aucune forme suffisamment sûre, générique et attribuable au gouro de Zuénoula n’a été établie pour cette entrée. Ne pas déduire une forme par analogie ; validation native requise avant remplissage.",Gouro,goa,Gouro de Zuénoula (goa) ; variantes Sinfra/Vavoua/Nord/Sud exclues sauf mention explicite,true,
PROVISIONAL_FRM_NUMBER_072,NUMBER_0_100,Lecture isolée d’un nombre pour une quantité ou un montant; l’unité et le contexte doivent être ajoutés.,MEDIUM,soixante-douze,soixante-douze,,,DRAFT,"À faire valider par une locutrice ivoirienne; tester articulation TTS et reconnaissance STT isolée, puis en contexte de quantité et de montant. | Cellules linguistiques volontairement vides : aucune forme suffisamment sûre, générique et attribuable au gouro de Zuénoula n’a été établie pour cette entrée. Ne pas déduire une forme par analogie ; validation native requise avant remplissage.",Gouro,goa,Gouro de Zuénoula (goa) ; variantes Sinfra/Vavoua/Nord/Sud exclues sauf mention explicite,true,
PROVISIONAL_FRM_NUMBER_073,NUMBER_0_100,Lecture isolée d’un nombre pour une quantité ou un montant; l’unité et le contexte doivent être ajoutés.,MEDIUM,soixante-treize,soixante-treize,,,DRAFT,"À faire valider par une locutrice ivoirienne; tester articulation TTS et reconnaissance STT isolée, puis en contexte de quantité et de montant. | Cellules linguistiques volontairement vides : aucune forme suffisamment sûre, générique et attribuable au gouro de Zuénoula n’a été établie pour cette entrée. Ne pas déduire une forme par analogie ; validation native requise avant remplissage.",Gouro,goa,Gouro de Zuénoula (goa) ; variantes Sinfra/Vavoua/Nord/Sud exclues sauf mention explicite,true,
PROVISIONAL_FRM_NUMBER_074,NUMBER_0_100,Lecture isolée d’un nombre pour une quantité ou un montant; l’unité et le contexte doivent être ajoutés.,MEDIUM,soixante-quatorze,soixante-quatorze,,,DRAFT,"À faire valider par une locutrice ivoirienne; tester articulation TTS et reconnaissance STT isolée, puis en contexte de quantité et de montant. | Cellules linguistiques volontairement vides : aucune forme suffisamment sûre, générique et attribuable au gouro de Zuénoula n’a été établie pour cette entrée. Ne pas déduire une forme par analogie ; validation native requise avant remplissage.",Gouro,goa,Gouro de Zuénoula (goa) ; variantes Sinfra/Vavoua/Nord/Sud exclues sauf mention explicite,true,
PROVISIONAL_FRM_NUMBER_075,NUMBER_0_100,Lecture isolée d’un nombre pour une quantité ou un montant; l’unité et le contexte doivent être ajoutés.,MEDIUM,soixante-quinze,soixante-quinze,,,DRAFT,"À faire valider par une locutrice ivoirienne; tester articulation TTS et reconnaissance STT isolée, puis en contexte de quantité et de montant. | Cellules linguistiques volontairement vides : aucune forme suffisamment sûre, générique et attribuable au gouro de Zuénoula n’a été établie pour cette entrée. Ne pas déduire une forme par analogie ; validation native requise avant remplissage.",Gouro,goa,Gouro de Zuénoula (goa) ; variantes Sinfra/Vavoua/Nord/Sud exclues sauf mention explicite,true,
PROVISIONAL_FRM_NUMBER_076,NUMBER_0_100,Lecture isolée d’un nombre pour une quantité ou un montant; l’unité et le contexte doivent être ajoutés.,MEDIUM,soixante-seize,soixante-seize,,,DRAFT,"À faire valider par une locutrice ivoirienne; tester articulation TTS et reconnaissance STT isolée, puis en contexte de quantité et de montant. | Cellules linguistiques volontairement vides : aucune forme suffisamment sûre, générique et attribuable au gouro de Zuénoula n’a été établie pour cette entrée. Ne pas déduire une forme par analogie ; validation native requise avant remplissage.",Gouro,goa,Gouro de Zuénoula (goa) ; variantes Sinfra/Vavoua/Nord/Sud exclues sauf mention explicite,true,
PROVISIONAL_FRM_NUMBER_077,NUMBER_0_100,Lecture isolée d’un nombre pour une quantité ou un montant; l’unité et le contexte doivent être ajoutés.,MEDIUM,soixante-dix-sept,soixante-dix-sept,,,DRAFT,"À faire valider par une locutrice ivoirienne; tester articulation TTS et reconnaissance STT isolée, puis en contexte de quantité et de montant. | Cellules linguistiques volontairement vides : aucune forme suffisamment sûre, générique et attribuable au gouro de Zuénoula n’a été établie pour cette entrée. Ne pas déduire une forme par analogie ; validation native requise avant remplissage.",Gouro,goa,Gouro de Zuénoula (goa) ; variantes Sinfra/Vavoua/Nord/Sud exclues sauf mention explicite,true,
PROVISIONAL_FRM_NUMBER_078,NUMBER_0_100,Lecture isolée d’un nombre pour une quantité ou un montant; l’unité et le contexte doivent être ajoutés.,MEDIUM,soixante-dix-huit,soixante-dix-huit,,,DRAFT,"À faire valider par une locutrice ivoirienne; tester articulation TTS et reconnaissance STT isolée, puis en contexte de quantité et de montant. | Cellules linguistiques volontairement vides : aucune forme suffisamment sûre, générique et attribuable au gouro de Zuénoula n’a été établie pour cette entrée. Ne pas déduire une forme par analogie ; validation native requise avant remplissage.",Gouro,goa,Gouro de Zuénoula (goa) ; variantes Sinfra/Vavoua/Nord/Sud exclues sauf mention explicite,true,
PROVISIONAL_FRM_NUMBER_079,NUMBER_0_100,Lecture isolée d’un nombre pour une quantité ou un montant; l’unité et le contexte doivent être ajoutés.,MEDIUM,soixante-dix-neuf,soixante-dix-neuf,,,DRAFT,"À faire valider par une locutrice ivoirienne; tester articulation TTS et reconnaissance STT isolée, puis en contexte de quantité et de montant. | Cellules linguistiques volontairement vides : aucune forme suffisamment sûre, générique et attribuable au gouro de Zuénoula n’a été établie pour cette entrée. Ne pas déduire une forme par analogie ; validation native requise avant remplissage.",Gouro,goa,Gouro de Zuénoula (goa) ; variantes Sinfra/Vavoua/Nord/Sud exclues sauf mention explicite,true,
PROVISIONAL_FRM_NUMBER_080,NUMBER_0_100,Lecture isolée d’un nombre pour une quantité ou un montant; l’unité et le contexte doivent être ajoutés.,MEDIUM,quatre-vingts,quatre-vingts,,,DRAFT,"À faire valider par une locutrice ivoirienne; tester articulation TTS et reconnaissance STT isolée, puis en contexte de quantité et de montant. | Cellules linguistiques volontairement vides : aucune forme suffisamment sûre, générique et attribuable au gouro de Zuénoula n’a été établie pour cette entrée. Ne pas déduire une forme par analogie ; validation native requise avant remplissage.",Gouro,goa,Gouro de Zuénoula (goa) ; variantes Sinfra/Vavoua/Nord/Sud exclues sauf mention explicite,true,
PROVISIONAL_FRM_NUMBER_081,NUMBER_0_100,Lecture isolée d’un nombre pour une quantité ou un montant; l’unité et le contexte doivent être ajoutés.,MEDIUM,quatre-vingt-un,quatre-vingt-un,,,DRAFT,"À faire valider par une locutrice ivoirienne; tester articulation TTS et reconnaissance STT isolée, puis en contexte de quantité et de montant. | Cellules linguistiques volontairement vides : aucune forme suffisamment sûre, générique et attribuable au gouro de Zuénoula n’a été établie pour cette entrée. Ne pas déduire une forme par analogie ; validation native requise avant remplissage.",Gouro,goa,Gouro de Zuénoula (goa) ; variantes Sinfra/Vavoua/Nord/Sud exclues sauf mention explicite,true,
PROVISIONAL_FRM_NUMBER_082,NUMBER_0_100,Lecture isolée d’un nombre pour une quantité ou un montant; l’unité et le contexte doivent être ajoutés.,MEDIUM,quatre-vingt-deux,quatre-vingt-deux,,,DRAFT,"À faire valider par une locutrice ivoirienne; tester articulation TTS et reconnaissance STT isolée, puis en contexte de quantité et de montant. | Cellules linguistiques volontairement vides : aucune forme suffisamment sûre, générique et attribuable au gouro de Zuénoula n’a été établie pour cette entrée. Ne pas déduire une forme par analogie ; validation native requise avant remplissage.",Gouro,goa,Gouro de Zuénoula (goa) ; variantes Sinfra/Vavoua/Nord/Sud exclues sauf mention explicite,true,
PROVISIONAL_FRM_NUMBER_083,NUMBER_0_100,Lecture isolée d’un nombre pour une quantité ou un montant; l’unité et le contexte doivent être ajoutés.,MEDIUM,quatre-vingt-trois,quatre-vingt-trois,,,DRAFT,"À faire valider par une locutrice ivoirienne; tester articulation TTS et reconnaissance STT isolée, puis en contexte de quantité et de montant. | Cellules linguistiques volontairement vides : aucune forme suffisamment sûre, générique et attribuable au gouro de Zuénoula n’a été établie pour cette entrée. Ne pas déduire une forme par analogie ; validation native requise avant remplissage.",Gouro,goa,Gouro de Zuénoula (goa) ; variantes Sinfra/Vavoua/Nord/Sud exclues sauf mention explicite,true,
PROVISIONAL_FRM_NUMBER_084,NUMBER_0_100,Lecture isolée d’un nombre pour une quantité ou un montant; l’unité et le contexte doivent être ajoutés.,MEDIUM,quatre-vingt-quatre,quatre-vingt-quatre,,,DRAFT,"À faire valider par une locutrice ivoirienne; tester articulation TTS et reconnaissance STT isolée, puis en contexte de quantité et de montant. | Cellules linguistiques volontairement vides : aucune forme suffisamment sûre, générique et attribuable au gouro de Zuénoula n’a été établie pour cette entrée. Ne pas déduire une forme par analogie ; validation native requise avant remplissage.",Gouro,goa,Gouro de Zuénoula (goa) ; variantes Sinfra/Vavoua/Nord/Sud exclues sauf mention explicite,true,
PROVISIONAL_FRM_NUMBER_085,NUMBER_0_100,Lecture isolée d’un nombre pour une quantité ou un montant; l’unité et le contexte doivent être ajoutés.,MEDIUM,quatre-vingt-cinq,quatre-vingt-cinq,,,DRAFT,"À faire valider par une locutrice ivoirienne; tester articulation TTS et reconnaissance STT isolée, puis en contexte de quantité et de montant. | Cellules linguistiques volontairement vides : aucune forme suffisamment sûre, générique et attribuable au gouro de Zuénoula n’a été établie pour cette entrée. Ne pas déduire une forme par analogie ; validation native requise avant remplissage.",Gouro,goa,Gouro de Zuénoula (goa) ; variantes Sinfra/Vavoua/Nord/Sud exclues sauf mention explicite,true,
PROVISIONAL_FRM_NUMBER_086,NUMBER_0_100,Lecture isolée d’un nombre pour une quantité ou un montant; l’unité et le contexte doivent être ajoutés.,MEDIUM,quatre-vingt-six,quatre-vingt-six,,,DRAFT,"À faire valider par une locutrice ivoirienne; tester articulation TTS et reconnaissance STT isolée, puis en contexte de quantité et de montant. | Cellules linguistiques volontairement vides : aucune forme suffisamment sûre, générique et attribuable au gouro de Zuénoula n’a été établie pour cette entrée. Ne pas déduire une forme par analogie ; validation native requise avant remplissage.",Gouro,goa,Gouro de Zuénoula (goa) ; variantes Sinfra/Vavoua/Nord/Sud exclues sauf mention explicite,true,
PROVISIONAL_FRM_NUMBER_087,NUMBER_0_100,Lecture isolée d’un nombre pour une quantité ou un montant; l’unité et le contexte doivent être ajoutés.,MEDIUM,quatre-vingt-sept,quatre-vingt-sept,,,DRAFT,"À faire valider par une locutrice ivoirienne; tester articulation TTS et reconnaissance STT isolée, puis en contexte de quantité et de montant. | Cellules linguistiques volontairement vides : aucune forme suffisamment sûre, générique et attribuable au gouro de Zuénoula n’a été établie pour cette entrée. Ne pas déduire une forme par analogie ; validation native requise avant remplissage.",Gouro,goa,Gouro de Zuénoula (goa) ; variantes Sinfra/Vavoua/Nord/Sud exclues sauf mention explicite,true,
PROVISIONAL_FRM_NUMBER_088,NUMBER_0_100,Lecture isolée d’un nombre pour une quantité ou un montant; l’unité et le contexte doivent être ajoutés.,MEDIUM,quatre-vingt-huit,quatre-vingt-huit,,,DRAFT,"À faire valider par une locutrice ivoirienne; tester articulation TTS et reconnaissance STT isolée, puis en contexte de quantité et de montant. | Cellules linguistiques volontairement vides : aucune forme suffisamment sûre, générique et attribuable au gouro de Zuénoula n’a été établie pour cette entrée. Ne pas déduire une forme par analogie ; validation native requise avant remplissage.",Gouro,goa,Gouro de Zuénoula (goa) ; variantes Sinfra/Vavoua/Nord/Sud exclues sauf mention explicite,true,
PROVISIONAL_FRM_NUMBER_089,NUMBER_0_100,Lecture isolée d’un nombre pour une quantité ou un montant; l’unité et le contexte doivent être ajoutés.,MEDIUM,quatre-vingt-neuf,quatre-vingt-neuf,,,DRAFT,"À faire valider par une locutrice ivoirienne; tester articulation TTS et reconnaissance STT isolée, puis en contexte de quantité et de montant. | Cellules linguistiques volontairement vides : aucune forme suffisamment sûre, générique et attribuable au gouro de Zuénoula n’a été établie pour cette entrée. Ne pas déduire une forme par analogie ; validation native requise avant remplissage.",Gouro,goa,Gouro de Zuénoula (goa) ; variantes Sinfra/Vavoua/Nord/Sud exclues sauf mention explicite,true,
PROVISIONAL_FRM_NUMBER_090,NUMBER_0_100,Lecture isolée d’un nombre pour une quantité ou un montant; l’unité et le contexte doivent être ajoutés.,MEDIUM,quatre-vingt-dix,quatre-vingt-dix,,,DRAFT,"À faire valider par une locutrice ivoirienne; tester articulation TTS et reconnaissance STT isolée, puis en contexte de quantité et de montant. | Cellules linguistiques volontairement vides : aucune forme suffisamment sûre, générique et attribuable au gouro de Zuénoula n’a été établie pour cette entrée. Ne pas déduire une forme par analogie ; validation native requise avant remplissage.",Gouro,goa,Gouro de Zuénoula (goa) ; variantes Sinfra/Vavoua/Nord/Sud exclues sauf mention explicite,true,
PROVISIONAL_FRM_NUMBER_091,NUMBER_0_100,Lecture isolée d’un nombre pour une quantité ou un montant; l’unité et le contexte doivent être ajoutés.,MEDIUM,quatre-vingt-onze,quatre-vingt-onze,,,DRAFT,"À faire valider par une locutrice ivoirienne; tester articulation TTS et reconnaissance STT isolée, puis en contexte de quantité et de montant. | Cellules linguistiques volontairement vides : aucune forme suffisamment sûre, générique et attribuable au gouro de Zuénoula n’a été établie pour cette entrée. Ne pas déduire une forme par analogie ; validation native requise avant remplissage.",Gouro,goa,Gouro de Zuénoula (goa) ; variantes Sinfra/Vavoua/Nord/Sud exclues sauf mention explicite,true,
PROVISIONAL_FRM_NUMBER_092,NUMBER_0_100,Lecture isolée d’un nombre pour une quantité ou un montant; l’unité et le contexte doivent être ajoutés.,MEDIUM,quatre-vingt-douze,quatre-vingt-douze,,,DRAFT,"À faire valider par une locutrice ivoirienne; tester articulation TTS et reconnaissance STT isolée, puis en contexte de quantité et de montant. | Cellules linguistiques volontairement vides : aucune forme suffisamment sûre, générique et attribuable au gouro de Zuénoula n’a été établie pour cette entrée. Ne pas déduire une forme par analogie ; validation native requise avant remplissage.",Gouro,goa,Gouro de Zuénoula (goa) ; variantes Sinfra/Vavoua/Nord/Sud exclues sauf mention explicite,true,
PROVISIONAL_FRM_NUMBER_093,NUMBER_0_100,Lecture isolée d’un nombre pour une quantité ou un montant; l’unité et le contexte doivent être ajoutés.,MEDIUM,quatre-vingt-treize,quatre-vingt-treize,,,DRAFT,"À faire valider par une locutrice ivoirienne; tester articulation TTS et reconnaissance STT isolée, puis en contexte de quantité et de montant. | Cellules linguistiques volontairement vides : aucune forme suffisamment sûre, générique et attribuable au gouro de Zuénoula n’a été établie pour cette entrée. Ne pas déduire une forme par analogie ; validation native requise avant remplissage.",Gouro,goa,Gouro de Zuénoula (goa) ; variantes Sinfra/Vavoua/Nord/Sud exclues sauf mention explicite,true,
PROVISIONAL_FRM_NUMBER_094,NUMBER_0_100,Lecture isolée d’un nombre pour une quantité ou un montant; l’unité et le contexte doivent être ajoutés.,MEDIUM,quatre-vingt-quatorze,quatre-vingt-quatorze,,,DRAFT,"À faire valider par une locutrice ivoirienne; tester articulation TTS et reconnaissance STT isolée, puis en contexte de quantité et de montant. | Cellules linguistiques volontairement vides : aucune forme suffisamment sûre, générique et attribuable au gouro de Zuénoula n’a été établie pour cette entrée. Ne pas déduire une forme par analogie ; validation native requise avant remplissage.",Gouro,goa,Gouro de Zuénoula (goa) ; variantes Sinfra/Vavoua/Nord/Sud exclues sauf mention explicite,true,
PROVISIONAL_FRM_NUMBER_095,NUMBER_0_100,Lecture isolée d’un nombre pour une quantité ou un montant; l’unité et le contexte doivent être ajoutés.,MEDIUM,quatre-vingt-quinze,quatre-vingt-quinze,,,DRAFT,"À faire valider par une locutrice ivoirienne; tester articulation TTS et reconnaissance STT isolée, puis en contexte de quantité et de montant. | Cellules linguistiques volontairement vides : aucune forme suffisamment sûre, générique et attribuable au gouro de Zuénoula n’a été établie pour cette entrée. Ne pas déduire une forme par analogie ; validation native requise avant remplissage.",Gouro,goa,Gouro de Zuénoula (goa) ; variantes Sinfra/Vavoua/Nord/Sud exclues sauf mention explicite,true,
PROVISIONAL_FRM_NUMBER_096,NUMBER_0_100,Lecture isolée d’un nombre pour une quantité ou un montant; l’unité et le contexte doivent être ajoutés.,MEDIUM,quatre-vingt-seize,quatre-vingt-seize,,,DRAFT,"À faire valider par une locutrice ivoirienne; tester articulation TTS et reconnaissance STT isolée, puis en contexte de quantité et de montant. | Cellules linguistiques volontairement vides : aucune forme suffisamment sûre, générique et attribuable au gouro de Zuénoula n’a été établie pour cette entrée. Ne pas déduire une forme par analogie ; validation native requise avant remplissage.",Gouro,goa,Gouro de Zuénoula (goa) ; variantes Sinfra/Vavoua/Nord/Sud exclues sauf mention explicite,true,
PROVISIONAL_FRM_NUMBER_097,NUMBER_0_100,Lecture isolée d’un nombre pour une quantité ou un montant; l’unité et le contexte doivent être ajoutés.,MEDIUM,quatre-vingt-dix-sept,quatre-vingt-dix-sept,,,DRAFT,"À faire valider par une locutrice ivoirienne; tester articulation TTS et reconnaissance STT isolée, puis en contexte de quantité et de montant. | Cellules linguistiques volontairement vides : aucune forme suffisamment sûre, générique et attribuable au gouro de Zuénoula n’a été établie pour cette entrée. Ne pas déduire une forme par analogie ; validation native requise avant remplissage.",Gouro,goa,Gouro de Zuénoula (goa) ; variantes Sinfra/Vavoua/Nord/Sud exclues sauf mention explicite,true,
PROVISIONAL_FRM_NUMBER_098,NUMBER_0_100,Lecture isolée d’un nombre pour une quantité ou un montant; l’unité et le contexte doivent être ajoutés.,MEDIUM,quatre-vingt-dix-huit,quatre-vingt-dix-huit,,,DRAFT,"À faire valider par une locutrice ivoirienne; tester articulation TTS et reconnaissance STT isolée, puis en contexte de quantité et de montant. | Cellules linguistiques volontairement vides : aucune forme suffisamment sûre, générique et attribuable au gouro de Zuénoula n’a été établie pour cette entrée. Ne pas déduire une forme par analogie ; validation native requise avant remplissage.",Gouro,goa,Gouro de Zuénoula (goa) ; variantes Sinfra/Vavoua/Nord/Sud exclues sauf mention explicite,true,
PROVISIONAL_FRM_NUMBER_099,NUMBER_0_100,Lecture isolée d’un nombre pour une quantité ou un montant; l’unité et le contexte doivent être ajoutés.,MEDIUM,quatre-vingt-dix-neuf,quatre-vingt-dix-neuf,,,DRAFT,"À faire valider par une locutrice ivoirienne; tester articulation TTS et reconnaissance STT isolée, puis en contexte de quantité et de montant. | Cellules linguistiques volontairement vides : aucune forme suffisamment sûre, générique et attribuable au gouro de Zuénoula n’a été établie pour cette entrée. Ne pas déduire une forme par analogie ; validation native requise avant remplissage.",Gouro,goa,Gouro de Zuénoula (goa) ; variantes Sinfra/Vavoua/Nord/Sud exclues sauf mention explicite,true,
PROVISIONAL_FRM_NUMBER_100,NUMBER_0_100,Lecture isolée d’un nombre pour une quantité ou un montant; l’unité et le contexte doivent être ajoutés.,MEDIUM,cent,cent,,,DRAFT,"À faire valider par une locutrice ivoirienne; tester articulation TTS et reconnaissance STT isolée, puis en contexte de quantité et de montant. | Cellules linguistiques volontairement vides : aucune forme suffisamment sûre, générique et attribuable au gouro de Zuénoula n’a été établie pour cette entrée. Ne pas déduire une forme par analogie ; validation native requise avant remplissage.",Gouro,goa,Gouro de Zuénoula (goa) ; variantes Sinfra/Vavoua/Nord/Sud exclues sauf mention explicite,true,
PROVISIONAL_FRM_NUMBER_HUNDRED_200,NUMBER_HUNDREDS,Lecture isolée d’une centaine ou de mille; l’unité et le contexte doivent être ajoutés.,MEDIUM,deux cents,deux cents,wúlù,wúlù | wúlû,DRAFT,"À faire valider par une locutrice ivoirienne; tester articulation TTS et reconnaissance STT isolée, puis en contexte de quantité et de montant. | Base documentaire Zuénoula : Kuznetsova & Kuznetsova (2021), Dictionnaire gouro-français, wúlù, wúlû — « deux cents ». La forme est fournie comme entrée numérale; aucun montage des autres centaines n’est inféré. Attestation lexicale isolée uniquement : prononciation, ton, adéquation marchande et couverture STT à faire valider par locuteur·rice natif·ve.",Gouro,goa,Gouro de Zuénoula (goa) ; variantes Sinfra/Vavoua/Nord/Sud exclues sauf mention explicite,true,
PROVISIONAL_FRM_NUMBER_HUNDRED_300,NUMBER_HUNDREDS,Lecture isolée d’une centaine ou de mille; l’unité et le contexte doivent être ajoutés.,MEDIUM,trois cents,trois cents,,,DRAFT,"À faire valider par une locutrice ivoirienne; tester articulation TTS et reconnaissance STT isolée, puis en contexte de quantité et de montant. | Cellules linguistiques volontairement vides : aucune forme suffisamment sûre, générique et attribuable au gouro de Zuénoula n’a été établie pour cette entrée. Ne pas déduire une forme par analogie ; validation native requise avant remplissage.",Gouro,goa,Gouro de Zuénoula (goa) ; variantes Sinfra/Vavoua/Nord/Sud exclues sauf mention explicite,true,
PROVISIONAL_FRM_NUMBER_HUNDRED_400,NUMBER_HUNDREDS,Lecture isolée d’une centaine ou de mille; l’unité et le contexte doivent être ajoutés.,MEDIUM,quatre cents,quatre cents,,,DRAFT,"À faire valider par une locutrice ivoirienne; tester articulation TTS et reconnaissance STT isolée, puis en contexte de quantité et de montant. | Cellules linguistiques volontairement vides : aucune forme suffisamment sûre, générique et attribuable au gouro de Zuénoula n’a été établie pour cette entrée. Ne pas déduire une forme par analogie ; validation native requise avant remplissage.",Gouro,goa,Gouro de Zuénoula (goa) ; variantes Sinfra/Vavoua/Nord/Sud exclues sauf mention explicite,true,
PROVISIONAL_FRM_NUMBER_HUNDRED_500,NUMBER_HUNDREDS,Lecture isolée d’une centaine ou de mille; l’unité et le contexte doivent être ajoutés.,MEDIUM,cinq cents,cinq cents,,,DRAFT,"À faire valider par une locutrice ivoirienne; tester articulation TTS et reconnaissance STT isolée, puis en contexte de quantité et de montant. | Cellules linguistiques volontairement vides : aucune forme suffisamment sûre, générique et attribuable au gouro de Zuénoula n’a été établie pour cette entrée. Ne pas déduire une forme par analogie ; validation native requise avant remplissage.",Gouro,goa,Gouro de Zuénoula (goa) ; variantes Sinfra/Vavoua/Nord/Sud exclues sauf mention explicite,true,
PROVISIONAL_FRM_NUMBER_HUNDRED_600,NUMBER_HUNDREDS,Lecture isolée d’une centaine ou de mille; l’unité et le contexte doivent être ajoutés.,MEDIUM,six cents,six cents,,,DRAFT,"À faire valider par une locutrice ivoirienne; tester articulation TTS et reconnaissance STT isolée, puis en contexte de quantité et de montant. | Cellules linguistiques volontairement vides : aucune forme suffisamment sûre, générique et attribuable au gouro de Zuénoula n’a été établie pour cette entrée. Ne pas déduire une forme par analogie ; validation native requise avant remplissage.",Gouro,goa,Gouro de Zuénoula (goa) ; variantes Sinfra/Vavoua/Nord/Sud exclues sauf mention explicite,true,
PROVISIONAL_FRM_NUMBER_HUNDRED_700,NUMBER_HUNDREDS,Lecture isolée d’une centaine ou de mille; l’unité et le contexte doivent être ajoutés.,MEDIUM,sept cents,sept cents,,,DRAFT,"À faire valider par une locutrice ivoirienne; tester articulation TTS et reconnaissance STT isolée, puis en contexte de quantité et de montant. | Cellules linguistiques volontairement vides : aucune forme suffisamment sûre, générique et attribuable au gouro de Zuénoula n’a été établie pour cette entrée. Ne pas déduire une forme par analogie ; validation native requise avant remplissage.",Gouro,goa,Gouro de Zuénoula (goa) ; variantes Sinfra/Vavoua/Nord/Sud exclues sauf mention explicite,true,
PROVISIONAL_FRM_NUMBER_HUNDRED_800,NUMBER_HUNDREDS,Lecture isolée d’une centaine ou de mille; l’unité et le contexte doivent être ajoutés.,MEDIUM,huit cents,huit cents,,,DRAFT,"À faire valider par une locutrice ivoirienne; tester articulation TTS et reconnaissance STT isolée, puis en contexte de quantité et de montant. | Cellules linguistiques volontairement vides : aucune forme suffisamment sûre, générique et attribuable au gouro de Zuénoula n’a été établie pour cette entrée. Ne pas déduire une forme par analogie ; validation native requise avant remplissage.",Gouro,goa,Gouro de Zuénoula (goa) ; variantes Sinfra/Vavoua/Nord/Sud exclues sauf mention explicite,true,
PROVISIONAL_FRM_NUMBER_HUNDRED_900,NUMBER_HUNDREDS,Lecture isolée d’une centaine ou de mille; l’unité et le contexte doivent être ajoutés.,MEDIUM,neuf cents,neuf cents,,,DRAFT,"À faire valider par une locutrice ivoirienne; tester articulation TTS et reconnaissance STT isolée, puis en contexte de quantité et de montant. | Cellules linguistiques volontairement vides : aucune forme suffisamment sûre, générique et attribuable au gouro de Zuénoula n’a été établie pour cette entrée. Ne pas déduire une forme par analogie ; validation native requise avant remplissage.",Gouro,goa,Gouro de Zuénoula (goa) ; variantes Sinfra/Vavoua/Nord/Sud exclues sauf mention explicite,true,
PROVISIONAL_FRM_NUMBER_THOUSAND_1000,NUMBER_THOUSAND,Lecture isolée d’une centaine ou de mille; l’unité et le contexte doivent être ajoutés.,MEDIUM,mille,mille,,,DRAFT,"À faire valider par une locutrice ivoirienne; tester articulation TTS et reconnaissance STT isolée, puis en contexte de quantité et de montant. | Cellules linguistiques volontairement vides : aucune forme suffisamment sûre, générique et attribuable au gouro de Zuénoula n’a été établie pour cette entrée. Ne pas déduire une forme par analogie ; validation native requise avant remplissage.",Gouro,goa,Gouro de Zuénoula (goa) ; variantes Sinfra/Vavoua/Nord/Sud exclues sauf mention explicite,true,
PROVISIONAL_FRM_UNIT_01_UNITE,UNIT,Unité de vente orale.,LOW,unité,à l’unité,,,DRAFT,"À faire valider en marché; vérifier que l’unité correspond bien à la pratique de vente locale visée. | Cellules linguistiques volontairement vides : aucune forme suffisamment sûre, générique et attribuable au gouro de Zuénoula n’a été établie pour cette entrée. Ne pas déduire une forme par analogie ; validation native requise avant remplissage.",Gouro,goa,Gouro de Zuénoula (goa) ; variantes Sinfra/Vavoua/Nord/Sud exclues sauf mention explicite,true,
PROVISIONAL_FRM_UNIT_02_TAS,UNIT,Unité de vente orale.,LOW,tas,tas,,,DRAFT,"À faire valider en marché; vérifier que l’unité correspond bien à la pratique de vente locale visée. | Cellules linguistiques volontairement vides : aucune forme suffisamment sûre, générique et attribuable au gouro de Zuénoula n’a été établie pour cette entrée. Ne pas déduire une forme par analogie ; validation native requise avant remplissage.",Gouro,goa,Gouro de Zuénoula (goa) ; variantes Sinfra/Vavoua/Nord/Sud exclues sauf mention explicite,true,
PROVISIONAL_FRM_UNIT_03_SAC,UNIT,Unité de vente orale.,LOW,sac,sac,,,DRAFT,"À faire valider en marché; vérifier que l’unité correspond bien à la pratique de vente locale visée. | Cellules linguistiques volontairement vides : aucune forme suffisamment sûre, générique et attribuable au gouro de Zuénoula n’a été établie pour cette entrée. Ne pas déduire une forme par analogie ; validation native requise avant remplissage.",Gouro,goa,Gouro de Zuénoula (goa) ; variantes Sinfra/Vavoua/Nord/Sud exclues sauf mention explicite,true,
PROVISIONAL_FRM_UNIT_04_KILO,UNIT,Unité de vente orale.,LOW,kilo,kilo,,,DRAFT,"À faire valider en marché; vérifier que l’unité correspond bien à la pratique de vente locale visée. | Cellules linguistiques volontairement vides : aucune forme suffisamment sûre, générique et attribuable au gouro de Zuénoula n’a été établie pour cette entrée. Ne pas déduire une forme par analogie ; validation native requise avant remplissage.",Gouro,goa,Gouro de Zuénoula (goa) ; variantes Sinfra/Vavoua/Nord/Sud exclues sauf mention explicite,true,
PROVISIONAL_FRM_UNIT_05_BOTTE,UNIT,Unité de vente orale.,LOW,botte,botte,dìn,dìn,DRAFT,"À faire valider en marché; vérifier que l’unité correspond bien à la pratique de vente locale visée. | Base documentaire Zuénoula : Kuznetsova & Kuznetsova (2021), Dictionnaire gouro-français, dìn — « régime, botte ». Attestation lexicale isolée uniquement : prononciation, ton, adéquation marchande et couverture STT à faire valider par locuteur·rice natif·ve.",Gouro,goa,Gouro de Zuénoula (goa) ; variantes Sinfra/Vavoua/Nord/Sud exclues sauf mention explicite,true,
PROVISIONAL_FRM_UNIT_06_BIDON,UNIT,Unité de vente orale.,LOW,bidon,bidon,,,DRAFT,"À faire valider en marché; vérifier que l’unité correspond bien à la pratique de vente locale visée. | Cellules linguistiques volontairement vides : aucune forme suffisamment sûre, générique et attribuable au gouro de Zuénoula n’a été établie pour cette entrée. Ne pas déduire une forme par analogie ; validation native requise avant remplissage.",Gouro,goa,Gouro de Zuénoula (goa) ; variantes Sinfra/Vavoua/Nord/Sud exclues sauf mention explicite,true,
PROVISIONAL_FRM_UNIT_07_SACHET,UNIT,Unité de vente orale.,LOW,sachet,sachet,mana,mana,DRAFT,"À faire valider en marché; vérifier que l’unité correspond bien à la pratique de vente locale visée. | Base documentaire Zuénoula : Kuznetsova & Kuznetsova (2021), Dictionnaire gouro-français, mana — « sachet en plastique ». Attestation lexicale isolée uniquement : prononciation, ton, adéquation marchande et couverture STT à faire valider par locuteur·rice natif·ve.",Gouro,goa,Gouro de Zuénoula (goa) ; variantes Sinfra/Vavoua/Nord/Sud exclues sauf mention explicite,true,
PROVISIONAL_FRM_UNIT_08_PAQUET,UNIT,Unité de vente orale.,LOW,paquet,paquet,dìlì,dìlì,DRAFT,"À faire valider en marché; vérifier que l’unité correspond bien à la pratique de vente locale visée. | Base documentaire Zuénoula : Kuznetsova & Kuznetsova (2021), Dictionnaire gouro-français, dìlì — « paquet, colis ». Attestation lexicale isolée uniquement : prononciation, ton, adéquation marchande et couverture STT à faire valider par locuteur·rice natif·ve.",Gouro,goa,Gouro de Zuénoula (goa) ; variantes Sinfra/Vavoua/Nord/Sud exclues sauf mention explicite,true,
PROVISIONAL_FRM_UNIT_09_MORCEAU,UNIT,Unité de vente orale.,LOW,morceau,morceau,bùú,bùú,DRAFT,"À faire valider en marché; vérifier que l’unité correspond bien à la pratique de vente locale visée. | Base documentaire Zuénoula : Kuznetsova & Kuznetsova (2021), Dictionnaire gouro-français, bùú — « morceau, partie (d’un tout), moitié ». Attestation lexicale isolée uniquement : prononciation, ton, adéquation marchande et couverture STT à faire valider par locuteur·rice natif·ve.",Gouro,goa,Gouro de Zuénoula (goa) ; variantes Sinfra/Vavoua/Nord/Sud exclues sauf mention explicite,true,
PROVISIONAL_FRM_UNIT_10_LITRE,UNIT,Unité de vente orale.,LOW,litre,litre,,,DRAFT,"À faire valider en marché; vérifier que l’unité correspond bien à la pratique de vente locale visée. | Cellules linguistiques volontairement vides : aucune forme suffisamment sûre, générique et attribuable au gouro de Zuénoula n’a été établie pour cette entrée. Ne pas déduire une forme par analogie ; validation native requise avant remplissage.",Gouro,goa,Gouro de Zuénoula (goa) ; variantes Sinfra/Vavoua/Nord/Sud exclues sauf mention explicite,true,
PROVISIONAL_FRM_UNIT_11_REGIME,UNIT,Unité de vente orale.,LOW,régime,régime,dìn,dìn,DRAFT,"À faire valider en marché; vérifier que l’unité correspond bien à la pratique de vente locale visée. | Base documentaire Zuénoula : Kuznetsova & Kuznetsova (2021), Dictionnaire gouro-français, dìn — « régime, botte ». Attestation lexicale isolée uniquement : prononciation, ton, adéquation marchande et couverture STT à faire valider par locuteur·rice natif·ve.",Gouro,goa,Gouro de Zuénoula (goa) ; variantes Sinfra/Vavoua/Nord/Sud exclues sauf mention explicite,true,
PROVISIONAL_FRM_UNIT_12_CARTON,UNIT,Unité de vente orale.,LOW,carton,carton,,,DRAFT,"À faire valider en marché; vérifier que l’unité correspond bien à la pratique de vente locale visée. | Cellules linguistiques volontairement vides : aucune forme suffisamment sûre, générique et attribuable au gouro de Zuénoula n’a été établie pour cette entrée. Ne pas déduire une forme par analogie ; validation native requise avant remplissage.",Gouro,goa,Gouro de Zuénoula (goa) ; variantes Sinfra/Vavoua/Nord/Sud exclues sauf mention explicite,true,
PROVISIONAL_FRM_UNIT_13_CAISSE,UNIT,Unité de vente orale.,LOW,caisse,caisse,gbò,gbò,DRAFT,"À faire valider en marché; vérifier que l’unité correspond bien à la pratique de vente locale visée. | Base documentaire Zuénoula : Kuznetsova & Kuznetsova (2021), Dictionnaire gouro-français, gbò — « valise, caisse, cercueil »; adéquation au contenant commercial à confirmer. Attestation lexicale isolée uniquement : prononciation, ton, adéquation marchande et couverture STT à faire valider par locuteur·rice natif·ve.",Gouro,goa,Gouro de Zuénoula (goa) ; variantes Sinfra/Vavoua/Nord/Sud exclues sauf mention explicite,true,
PROVISIONAL_FRM_UNIT_14_BOUTEILLE,UNIT,Unité de vente orale.,LOW,bouteille,bouteille,bútêlí,bútêlí,DRAFT,"À faire valider en marché; vérifier que l’unité correspond bien à la pratique de vente locale visée. | Base documentaire Zuénoula : Kuznetsova & Kuznetsova (2021), Dictionnaire gouro-français, bútêlí — « bouteille ». Attestation lexicale isolée uniquement : prononciation, ton, adéquation marchande et couverture STT à faire valider par locuteur·rice natif·ve.",Gouro,goa,Gouro de Zuénoula (goa) ; variantes Sinfra/Vavoua/Nord/Sud exclues sauf mention explicite,true,
PROVISIONAL_FRM_UNIT_15_PANIER,UNIT,Unité de vente orale.,LOW,panier,panier,cɛɛ̀,cɛɛ̀,DRAFT,"À faire valider en marché; vérifier que l’unité correspond bien à la pratique de vente locale visée. | Base documentaire Zuénoula : Kuznetsova & Kuznetsova (2021), Dictionnaire gouro-français, cɛɛ̀ — « panier en rotin »; type de panier à confirmer selon l’article marchand. Attestation lexicale isolée uniquement : prononciation, ton, adéquation marchande et couverture STT à faire valider par locuteur·rice natif·ve.",Gouro,goa,Gouro de Zuénoula (goa) ; variantes Sinfra/Vavoua/Nord/Sud exclues sauf mention explicite,true,
PROVISIONAL_FRM_UNIT_16_FRANC,UNIT,Dénomination monétaire orale; à associer à un nombre et au contexte.,HIGH,franc,franc,,,DRAFT,"À faire valider par deux locutrices ivoiriennes; tester compréhension du montant, du prix ou de la dette en situation de vente. | Cellules linguistiques volontairement vides : contenu financier/prix/unité monétaire laissé vide faute de validation native solide en situation de marché. Ne pas déduire ni employer pour une confirmation ou une action de paiement.",Gouro,goa,Gouro de Zuénoula (goa) ; variantes Sinfra/Vavoua/Nord/Sud exclues sauf mention explicite,true,
PROVISIONAL_FRM_UNIT_17_FCFA,UNIT,Dénomination monétaire orale; à associer à un nombre et au contexte.,HIGH,FCFA,franc CFA,,,DRAFT,"À faire valider par deux locutrices ivoiriennes; tester compréhension du montant, du prix ou de la dette en situation de vente. | Cellules linguistiques volontairement vides : contenu financier/prix/unité monétaire laissé vide faute de validation native solide en situation de marché. Ne pas déduire ni employer pour une confirmation ou une action de paiement.",Gouro,goa,Gouro de Zuénoula (goa) ; variantes Sinfra/Vavoua/Nord/Sud exclues sauf mention explicite,true,
PROVISIONAL_FRM_PRODUCT_01_TOMATE,PRODUCT,Nom de produit à annoncer ou saisir dans une vente; aucun identifiant produit métier n’est créé.,LOW,tomate,tomate,tɔmàtí,tɔmàtí,DRAFT,"À faire valider par une vendeuse ivoirienne; vérifier l’usage oral en marché avant toute intégration. | Base documentaire Zuénoula : Kuznetsova & Kuznetsova (2021), Dictionnaire gouro-français, tɔmàtí — « tomate ». Attestation lexicale isolée uniquement : prononciation, ton, adéquation marchande et couverture STT à faire valider par locuteur·rice natif·ve.",Gouro,goa,Gouro de Zuénoula (goa) ; variantes Sinfra/Vavoua/Nord/Sud exclues sauf mention explicite,true,
PROVISIONAL_FRM_PRODUCT_02_PIMENT,PRODUCT,Nom de produit à annoncer ou saisir dans une vente; aucun identifiant produit métier n’est créé.,LOW,piment,piment,,,DRAFT,"À faire valider par une vendeuse ivoirienne; vérifier l’usage oral en marché avant toute intégration. | Cellules linguistiques volontairement vides : aucune forme suffisamment sûre, générique et attribuable au gouro de Zuénoula n’a été établie pour cette entrée. Ne pas déduire une forme par analogie ; validation native requise avant remplissage.",Gouro,goa,Gouro de Zuénoula (goa) ; variantes Sinfra/Vavoua/Nord/Sud exclues sauf mention explicite,true,
PROVISIONAL_FRM_PRODUCT_03_GOMBO,PRODUCT,Nom de produit à annoncer ou saisir dans une vente; aucun identifiant produit métier n’est créé.,LOW,gombo,gombo,zìàn-bhɛɛ yìlì,zìàn-bhɛɛ yìlì | zìàn yìlì,DRAFT,"À faire valider par une vendeuse ivoirienne; vérifier l’usage oral en marché avant toute intégration. | Base documentaire Zuénoula : Kuznetsova & Kuznetsova (2021), Dictionnaire gouro-français, zìàn-bhɛɛ yìlì (= zìàn yìlì) — « gombo ». Attestation lexicale isolée uniquement : prononciation, ton, adéquation marchande et couverture STT à faire valider par locuteur·rice natif·ve.",Gouro,goa,Gouro de Zuénoula (goa) ; variantes Sinfra/Vavoua/Nord/Sud exclues sauf mention explicite,true,
PROVISIONAL_FRM_PRODUCT_04_ATTIEKE,PRODUCT,Nom de produit à annoncer ou saisir dans une vente; aucun identifiant produit métier n’est créé.,LOW,attiéké,attiéké,cɛ̂kɛ́,cɛ̂kɛ́ | cɛɛ̌,DRAFT,"À faire valider par une vendeuse ivoirienne; vérifier l’usage oral en marché avant toute intégration. | Base documentaire Zuénoula : Kuznetsova & Kuznetsova (2021), Dictionnaire gouro-français, cɛ̂kɛ́, cɛɛ̌ — « attiéké ». Attestation lexicale isolée uniquement : prononciation, ton, adéquation marchande et couverture STT à faire valider par locuteur·rice natif·ve.",Gouro,goa,Gouro de Zuénoula (goa) ; variantes Sinfra/Vavoua/Nord/Sud exclues sauf mention explicite,true,
PROVISIONAL_FRM_PRODUCT_05_BANANE,PRODUCT,Nom de produit à annoncer ou saisir dans une vente; aucun identifiant produit métier n’est créé.,LOW,banane,banane,,,DRAFT,"À faire valider par une vendeuse ivoirienne; vérifier l’usage oral en marché avant toute intégration. | Cellules linguistiques volontairement vides : aucune forme suffisamment sûre, générique et attribuable au gouro de Zuénoula n’a été établie pour cette entrée. Ne pas déduire une forme par analogie ; validation native requise avant remplissage.",Gouro,goa,Gouro de Zuénoula (goa) ; variantes Sinfra/Vavoua/Nord/Sud exclues sauf mention explicite,true,
PROVISIONAL_FRM_PRODUCT_06_PLANTAIN,PRODUCT,Nom de produit à annoncer ou saisir dans une vente; aucun identifiant produit métier n’est créé.,LOW,plantain,plantain,bɔ'ùn,bɔ'ùn,DRAFT,"À faire valider par une vendeuse ivoirienne; vérifier l’usage oral en marché avant toute intégration. | Base documentaire Zuénoula : Kuznetsova & Kuznetsova (2021), Dictionnaire gouro-français, bɔ'ùn — « banane plantain »; la forme bánà est étiquetée Sinfra/Vavoua et n’est pas reprise. Attestation lexicale isolée uniquement : prononciation, ton, adéquation marchande et couverture STT à faire valider par locuteur·rice natif·ve.",Gouro,goa,Gouro de Zuénoula (goa) ; variantes Sinfra/Vavoua/Nord/Sud exclues sauf mention explicite,true,
PROVISIONAL_FRM_PRODUCT_07_IGNAME,PRODUCT,Nom de produit à annoncer ou saisir dans une vente; aucun identifiant produit métier n’est créé.,LOW,igname,igname,yá,yá,DRAFT,"À faire valider par une vendeuse ivoirienne; vérifier l’usage oral en marché avant toute intégration. | Base documentaire Zuénoula : Kuznetsova & Kuznetsova (2021), Dictionnaire gouro-français, yá — « igname ». Attestation lexicale isolée uniquement : prononciation, ton, adéquation marchande et couverture STT à faire valider par locuteur·rice natif·ve.",Gouro,goa,Gouro de Zuénoula (goa) ; variantes Sinfra/Vavoua/Nord/Sud exclues sauf mention explicite,true,
PROVISIONAL_FRM_PRODUCT_08_MANIOC,PRODUCT,Nom de produit à annoncer ou saisir dans une vente; aucun identifiant produit métier n’est créé.,LOW,manioc,manioc,buù,buù,DRAFT,"À faire valider par une vendeuse ivoirienne; vérifier l’usage oral en marché avant toute intégration. | Base documentaire Zuénoula : Kuznetsova & Kuznetsova (2021), Dictionnaire gouro-français, buù — Manihot esculenta, « manioc ». Attestation lexicale isolée uniquement : prononciation, ton, adéquation marchande et couverture STT à faire valider par locuteur·rice natif·ve.",Gouro,goa,Gouro de Zuénoula (goa) ; variantes Sinfra/Vavoua/Nord/Sud exclues sauf mention explicite,true,
PROVISIONAL_FRM_PRODUCT_09_AUBERGINE,PRODUCT,Nom de produit à annoncer ou saisir dans une vente; aucun identifiant produit métier n’est créé.,LOW,aubergine,aubergine,,,DRAFT,"À faire valider par une vendeuse ivoirienne; vérifier l’usage oral en marché avant toute intégration. | Cellules linguistiques volontairement vides : aucune forme suffisamment sûre, générique et attribuable au gouro de Zuénoula n’a été établie pour cette entrée. Ne pas déduire une forme par analogie ; validation native requise avant remplissage.",Gouro,goa,Gouro de Zuénoula (goa) ; variantes Sinfra/Vavoua/Nord/Sud exclues sauf mention explicite,true,
PROVISIONAL_FRM_PRODUCT_10_OIGNON,PRODUCT,Nom de produit à annoncer ou saisir dans une vente; aucun identifiant produit métier n’est créé.,LOW,oignon,oignon,jàbhá,jàbhá | jàbá,DRAFT,"À faire valider par une vendeuse ivoirienne; vérifier l’usage oral en marché avant toute intégration. | Base documentaire Zuénoula : Kuznetsova & Kuznetsova (2021), Dictionnaire gouro-français, jàbhá, jàbá — Allium cepa, « oignon ». Attestation lexicale isolée uniquement : prononciation, ton, adéquation marchande et couverture STT à faire valider par locuteur·rice natif·ve.",Gouro,goa,Gouro de Zuénoula (goa) ; variantes Sinfra/Vavoua/Nord/Sud exclues sauf mention explicite,true,
PROVISIONAL_FRM_PRODUCT_11_AIL,PRODUCT,Nom de produit à annoncer ou saisir dans une vente; aucun identifiant produit métier n’est créé.,LOW,ail,ail,,,DRAFT,"À faire valider par une vendeuse ivoirienne; vérifier l’usage oral en marché avant toute intégration. | Cellules linguistiques volontairement vides : aucune forme suffisamment sûre, générique et attribuable au gouro de Zuénoula n’a été établie pour cette entrée. Ne pas déduire une forme par analogie ; validation native requise avant remplissage.",Gouro,goa,Gouro de Zuénoula (goa) ; variantes Sinfra/Vavoua/Nord/Sud exclues sauf mention explicite,true,
PROVISIONAL_FRM_PRODUCT_12_POISSON,PRODUCT,Nom de produit à annoncer ou saisir dans une vente; aucun identifiant produit métier n’est créé.,LOW,poisson,poisson,pɔ,pɔ,DRAFT,"À faire valider par une vendeuse ivoirienne; vérifier l’usage oral en marché avant toute intégration. | Base documentaire Zuénoula : Kuznetsova & Kuznetsova (2021), Dictionnaire gouro-français, pɔ — « poisson ». Attestation lexicale isolée uniquement : prononciation, ton, adéquation marchande et couverture STT à faire valider par locuteur·rice natif·ve.",Gouro,goa,Gouro de Zuénoula (goa) ; variantes Sinfra/Vavoua/Nord/Sud exclues sauf mention explicite,true,
PROVISIONAL_FRM_PRODUCT_13_VIANDE,PRODUCT,Nom de produit à annoncer ou saisir dans une vente; aucun identifiant produit métier n’est créé.,LOW,viande,viande,wi,wi,DRAFT,"À faire valider par une vendeuse ivoirienne; vérifier l’usage oral en marché avant toute intégration. | Base documentaire Zuénoula : Kuznetsova & Kuznetsova (2021), Dictionnaire gouro-français, wi — sens relationnel « viande »; emploi de marché à contrôler nativement. Attestation lexicale isolée uniquement : prononciation, ton, adéquation marchande et couverture STT à faire valider par locuteur·rice natif·ve.",Gouro,goa,Gouro de Zuénoula (goa) ; variantes Sinfra/Vavoua/Nord/Sud exclues sauf mention explicite,true,
PROVISIONAL_FRM_PRODUCT_14_POULET,PRODUCT,Nom de produit à annoncer ou saisir dans une vente; aucun identifiant produit métier n’est créé.,LOW,poulet,poulet,manɛ,manɛ,DRAFT,"À faire valider par une vendeuse ivoirienne; vérifier l’usage oral en marché avant toute intégration. | Base documentaire Zuénoula : Kuznetsova & Kuznetsova (2021), Dictionnaire gouro-français, manɛ — « poule, poulet ». Attestation lexicale isolée uniquement : prononciation, ton, adéquation marchande et couverture STT à faire valider par locuteur·rice natif·ve.",Gouro,goa,Gouro de Zuénoula (goa) ; variantes Sinfra/Vavoua/Nord/Sud exclues sauf mention explicite,true,
PROVISIONAL_FRM_PRODUCT_15_HUILE,PRODUCT,Nom de produit à annoncer ou saisir dans une vente; aucun identifiant produit métier n’est créé.,LOW,huile,huile,nyɔ́nɔ́,nyɔ́nɔ́,DRAFT,"À faire valider par une vendeuse ivoirienne; vérifier l’usage oral en marché avant toute intégration. | Base documentaire Zuénoula : Kuznetsova & Kuznetsova (2021), Dictionnaire gouro-français, nyɔ́nɔ́ — « huile, graisse ». Attestation lexicale isolée uniquement : prononciation, ton, adéquation marchande et couverture STT à faire valider par locuteur·rice natif·ve.",Gouro,goa,Gouro de Zuénoula (goa) ; variantes Sinfra/Vavoua/Nord/Sud exclues sauf mention explicite,true,
PROVISIONAL_FRM_PRODUCT_16_SEL,PRODUCT,Nom de produit à annoncer ou saisir dans une vente; aucun identifiant produit métier n’est créé.,LOW,sel,sel,,,DRAFT,"À faire valider par une vendeuse ivoirienne; vérifier l’usage oral en marché avant toute intégration. | Cellules linguistiques volontairement vides : aucune forme suffisamment sûre, générique et attribuable au gouro de Zuénoula n’a été établie pour cette entrée. Ne pas déduire une forme par analogie ; validation native requise avant remplissage.",Gouro,goa,Gouro de Zuénoula (goa) ; variantes Sinfra/Vavoua/Nord/Sud exclues sauf mention explicite,true,
PROVISIONAL_FRM_PRODUCT_17_SUCRE,PRODUCT,Nom de produit à annoncer ou saisir dans une vente; aucun identifiant produit métier n’est créé.,LOW,sucre,sucre,sukálo,sukálo,DRAFT,"À faire valider par une vendeuse ivoirienne; vérifier l’usage oral en marché avant toute intégration. | Base documentaire Zuénoula : Kuznetsova & Kuznetsova (2021), Dictionnaire gouro-français, sukálo — « sucre ». Attestation lexicale isolée uniquement : prononciation, ton, adéquation marchande et couverture STT à faire valider par locuteur·rice natif·ve.",Gouro,goa,Gouro de Zuénoula (goa) ; variantes Sinfra/Vavoua/Nord/Sud exclues sauf mention explicite,true,
PROVISIONAL_FRM_PRODUCT_18_RIZ,PRODUCT,Nom de produit à annoncer ou saisir dans une vente; aucun identifiant produit métier n’est créé.,LOW,riz,riz,sáá,sáá,DRAFT,"À faire valider par une vendeuse ivoirienne; vérifier l’usage oral en marché avant toute intégration. | Base documentaire Zuénoula : Kuznetsova & Kuznetsova (2021), Dictionnaire gouro-français, sáá — Oryza sativa, « riz ». Attestation lexicale isolée uniquement : prononciation, ton, adéquation marchande et couverture STT à faire valider par locuteur·rice natif·ve.",Gouro,goa,Gouro de Zuénoula (goa) ; variantes Sinfra/Vavoua/Nord/Sud exclues sauf mention explicite,true,
PROVISIONAL_FRM_PRODUCT_19_HARICOT,PRODUCT,Nom de produit à annoncer ou saisir dans une vente; aucun identifiant produit métier n’est créé.,LOW,haricot,haricot,zɔ̀lɛ́,zɔ̀lɛ́,DRAFT,"À faire valider par une vendeuse ivoirienne; vérifier l’usage oral en marché avant toute intégration. | Base documentaire Zuénoula : Kuznetsova & Kuznetsova (2021), Dictionnaire gouro-français, zɔ̀lɛ́ — Phaseolus vulgaris « haricot commun »; aussi pois d’Angole/soja selon le dictionnaire. Attestation lexicale isolée uniquement : prononciation, ton, adéquation marchande et couverture STT à faire valider par locuteur·rice natif·ve.",Gouro,goa,Gouro de Zuénoula (goa) ; variantes Sinfra/Vavoua/Nord/Sud exclues sauf mention explicite,true,
PROVISIONAL_FRM_PRODUCT_20_MAIS,PRODUCT,Nom de produit à annoncer ou saisir dans une vente; aucun identifiant produit métier n’est créé.,LOW,maïs,maïs,gòò,gòò,DRAFT,"À faire valider par une vendeuse ivoirienne; vérifier l’usage oral en marché avant toute intégration. | Base documentaire Zuénoula : Kuznetsova & Kuznetsova (2021), Dictionnaire gouro-français, gòò — « maïs ». Attestation lexicale isolée uniquement : prononciation, ton, adéquation marchande et couverture STT à faire valider par locuteur·rice natif·ve.",Gouro,goa,Gouro de Zuénoula (goa) ; variantes Sinfra/Vavoua/Nord/Sud exclues sauf mention explicite,true,
PROVISIONAL_FRM_PRODUCT_21_FOUTOU,PRODUCT,Nom de produit à annoncer ou saisir dans une vente; aucun identifiant produit métier n’est créé.,LOW,foutou,foutou,fɔn,fɔn,DRAFT,"À faire valider par une vendeuse ivoirienne; vérifier l’usage oral en marché avant toute intégration. | Base documentaire Zuénoula : Kuznetsova & Kuznetsova (2021), Dictionnaire gouro-français, fɔn — « foutou » (pâte de banane ou d’igname bouillie et pilée). Attestation lexicale isolée uniquement : prononciation, ton, adéquation marchande et couverture STT à faire valider par locuteur·rice natif·ve.",Gouro,goa,Gouro de Zuénoula (goa) ; variantes Sinfra/Vavoua/Nord/Sud exclues sauf mention explicite,true,
PROVISIONAL_FRM_PRODUCT_22_ORANGE,PRODUCT,Nom de produit à annoncer ou saisir dans une vente; aucun identifiant produit métier n’est créé.,LOW,orange,orange,lôwuò pʋlʋ,lôwuò pʋlʋ,DRAFT,"À faire valider par une vendeuse ivoirienne; vérifier l’usage oral en marché avant toute intégration. | Base documentaire Zuénoula : Kuznetsova & Kuznetsova (2021), Dictionnaire gouro-français, lôwuò pʋlʋ — « orange (fruit) »; lôwuò seul est « Citrus orange, citron (agrume quelconque) ». Attestation lexicale isolée uniquement : prononciation, ton, adéquation marchande et couverture STT à faire valider par locuteur·rice natif·ve.",Gouro,goa,Gouro de Zuénoula (goa) ; variantes Sinfra/Vavoua/Nord/Sud exclues sauf mention explicite,true,
PROVISIONAL_FRM_PRODUCT_23_SAVON,PRODUCT,Nom de produit à annoncer ou saisir dans une vente; aucun identifiant produit métier n’est créé.,LOW,savon,savon,sabhílí,sabhílí,DRAFT,"À faire valider par une vendeuse ivoirienne; vérifier l’usage oral en marché avant toute intégration. | Base documentaire Zuénoula : Kuznetsova & Kuznetsova (2021), Dictionnaire gouro-français, sabhílí — « savon ». Attestation lexicale isolée uniquement : prononciation, ton, adéquation marchande et couverture STT à faire valider par locuteur·rice natif·ve.",Gouro,goa,Gouro de Zuénoula (goa) ; variantes Sinfra/Vavoua/Nord/Sud exclues sauf mention explicite,true,
PROVISIONAL_FRM_PRODUCT_24_FARINE,PRODUCT,Nom de produit à annoncer ou saisir dans une vente; aucun identifiant produit métier n’est créé.,LOW,farine,farine,,,DRAFT,"À faire valider par une vendeuse ivoirienne; vérifier l’usage oral en marché avant toute intégration. | Cellules linguistiques volontairement vides : aucune forme suffisamment sûre, générique et attribuable au gouro de Zuénoula n’a été établie pour cette entrée. Ne pas déduire une forme par analogie ; validation native requise avant remplissage.",Gouro,goa,Gouro de Zuénoula (goa) ; variantes Sinfra/Vavoua/Nord/Sud exclues sauf mention explicite,true,
PROVISIONAL_FRM_PRODUCT_25_JUS,PRODUCT,Nom de produit à annoncer ou saisir dans une vente; aucun identifiant produit métier n’est créé.,LOW,jus,jus,yí,yí,DRAFT,"À faire valider par une vendeuse ivoirienne; vérifier l’usage oral en marché avant toute intégration. | Base documentaire Zuénoula : Kuznetsova & Kuznetsova (2021), Dictionnaire gouro-français, yí — « jus, liquide » (sens 2 de l’entrée yí). Attestation lexicale isolée uniquement : prononciation, ton, adéquation marchande et couverture STT à faire valider par locuteur·rice natif·ve.",Gouro,goa,Gouro de Zuénoula (goa) ; variantes Sinfra/Vavoua/Nord/Sud exclues sauf mention explicite,true,
PROVISIONAL_FRM_PRODUCT_26_LAIT,PRODUCT,Nom de produit à annoncer ou saisir dans une vente; aucun identifiant produit métier n’est créé.,LOW,lait,lait,,,DRAFT,"À faire valider par une vendeuse ivoirienne; vérifier l’usage oral en marché avant toute intégration. | Cellules linguistiques volontairement vides : aucune forme suffisamment sûre, générique et attribuable au gouro de Zuénoula n’a été établie pour cette entrée. Ne pas déduire une forme par analogie ; validation native requise avant remplissage.",Gouro,goa,Gouro de Zuénoula (goa) ; variantes Sinfra/Vavoua/Nord/Sud exclues sauf mention explicite,true,
